event_id,customer_id,timestamp_utc,amount_inr,payment_method,failure_reason,hour,weekday,customer_tenure_days,prior_successes,prior_failures,prior_recoveries,contacts_last_7_days,recent_method_failure_rate,degradation_flag,historical_action,action_delay_minutes,recovered_within_72_hours,recovered_amount_inr
1,459,2026-03-01 00:00:00.000000,535.1,debit_card,temporary_network_issue,0,6,17.7,3,2,1,1,0.136,1,LINK_AFTER_2H,147,1,471.99
2,233,2026-03-01 00:51:33.738748,1506.56,net_banking,temporary_network_issue,0,6,189.5,4,2,0,1,0.088,0,HUMAN_REVIEW,49,0,0.0
3,710,2026-03-01 01:43:07.477495,10119.84,debit_card,temporary_network_issue,1,6,103.4,2,0,0,0,0.164,0,HUMAN_REVIEW,108,1,8272.09
4,459,2026-03-01 02:34:41.216243,619.74,debit_card,insufficient_funds,2,6,17.7,3,2,1,2,0.143,0,LINK_NEXT_MORNING,663,0,0.0
5,710,2026-03-01 03:26:14.954991,4620.2,debit_card,card_blocked,3,6,103.4,2,0,0,1,0.135,0,NO_CONTACT,0,0,0.0
6,11,2026-03-01 04:17:48.693739,828.42,credit_card,risk_declined,4,6,55.1,2,1,0,0,0.267,0,LINK_AFTER_2H,132,0,0.0
7,459,2026-03-01 05:09:22.432486,1149.07,credit_card,risk_declined,5,6,17.7,3,2,1,0,0.073,0,NO_CONTACT,0,0,0.0
8,193,2026-03-01 06:00:56.171234,9954.65,net_banking,temporary_network_issue,6,6,318.6,1,3,0,1,0.154,0,LINK_NEXT_MORNING,593,0,0.0
9,257,2026-03-01 06:52:29.909982,1710.41,debit_card,bank_limit_exceeded,6,6,335.3,2,0,0,0,0.14,0,NO_CONTACT,0,0,0.0
10,11,2026-03-01 07:44:03.648730,1174.59,credit_card,bank_limit_exceeded,7,6,55.1,2,1,0,1,0.15,0,HUMAN_REVIEW,89,0,0.0
11,594,2026-03-01 08:35:37.387477,18816.04,debit_card,temporary_network_issue,8,6,29.0,3,1,0,3,0.079,0,LINK_NOW,19,0,0.0
12,193,2026-03-01 09:27:11.126225,750.76,credit_card,risk_declined,9,6,318.6,1,3,0,2,0.353,0,LINK_NOW,18,0,0.0
13,233,2026-03-01 10:18:44.864973,26126.22,debit_card,insufficient_funds,10,6,189.5,4,2,0,0,0.187,0,NO_CONTACT,0,0,0.0
14,459,2026-03-01 11:10:18.603721,3354.79,wallet,insufficient_funds,11,6,17.7,3,2,1,1,0.263,0,LINK_NEXT_MORNING,695,0,0.0
15,710,2026-03-01 12:01:52.342468,10072.61,debit_card,insufficient_funds,12,6,103.4,2,0,0,2,0.263,1,LINK_AFTER_2H,91,1,8818.57
16,148,2026-03-01 12:53:26.081216,1007.03,net_banking,risk_declined,12,6,30.5,1,1,0,0,0.379,0,NO_CONTACT,0,0,0.0
17,459,2026-03-01 13:44:59.819964,7875.49,net_banking,insufficient_funds,13,6,17.7,3,2,1,2,0.078,0,LINK_NOW,19,0,0.0
18,83,2026-03-01 14:36:33.558712,7271.56,debit_card,insufficient_funds,14,6,208.1,4,0,0,2,0.082,1,HUMAN_REVIEW,42,1,6721.68
19,459,2026-03-01 15:28:07.297459,1254.51,net_banking,insufficient_funds,15,6,17.7,3,2,1,0,0.213,0,NO_CONTACT,0,0,0.0
20,233,2026-03-01 16:19:41.036207,1579.46,debit_card,insufficient_funds,16,6,189.5,4,2,0,0,0.213,0,LINK_NEXT_MORNING,504,1,1503.83
21,193,2026-03-01 17:11:14.774955,403.01,debit_card,temporary_network_issue,17,6,318.6,1,3,0,2,0.131,0,LINK_AFTER_2H,146,1,393.09
22,594,2026-03-01 18:02:48.513703,687.42,upi,insufficient_funds,18,6,29.0,3,1,0,1,0.245,0,LINK_NEXT_MORNING,515,1,653.12
23,233,2026-03-01 18:54:22.252450,6511.95,net_banking,temporary_network_issue,18,6,189.5,4,2,0,2,0.105,0,LINK_AFTER_2H,92,0,0.0
24,58,2026-03-01 19:45:55.991198,2059.02,upi,insufficient_funds,19,6,17.4,3,0,1,0,0.172,0,LINK_AFTER_2H,136,1,2032.54
25,459,2026-03-01 20:37:29.729946,494.69,net_banking,insufficient_funds,20,6,17.7,3,2,1,0,0.132,0,LINK_NEXT_MORNING,619,0,0.0
26,459,2026-03-01 21:29:03.468694,4340.94,debit_card,risk_declined,21,6,17.7,3,2,1,1,0.157,0,LINK_AFTER_2H,149,0,0.0
27,71,2026-03-01 22:20:37.207441,12761.51,net_banking,bank_limit_exceeded,22,6,98.3,1,1,0,2,0.389,0,LINK_NOW,0,0,0.0
28,233,2026-03-01 23:12:10.946189,8872.18,net_banking,temporary_network_issue,23,6,189.5,4,2,0,1,0.139,0,LINK_NOW,27,0,0.0
29,71,2026-03-02 00:03:44.684937,9610.01,net_banking,insufficient_funds,0,0,98.3,1,1,0,0,0.286,0,LINK_AFTER_2H,100,0,0.0
30,193,2026-03-02 00:55:18.423685,251.43,upi,bank_limit_exceeded,0,0,318.6,1,3,0,1,0.22,0,LINK_NEXT_MORNING,560,1,228.98
31,219,2026-03-02 01:46:52.162432,4351.83,upi,temporary_network_issue,1,0,19.7,2,3,0,2,0.097,0,LINK_AFTER_2H,129,1,3876.45
32,193,2026-03-02 02:38:25.901180,264.32,credit_card,card_blocked,2,0,318.6,1,3,0,1,0.082,0,HUMAN_REVIEW,43,1,218.88
33,233,2026-03-02 03:29:59.639928,572.8,debit_card,temporary_network_issue,3,0,189.5,4,2,0,1,0.173,0,HUMAN_REVIEW,60,1,559.79
34,193,2026-03-02 04:21:33.378676,7849.42,net_banking,insufficient_funds,4,0,318.6,1,3,0,0,0.1,0,LINK_NOW,24,1,7632.5
35,459,2026-03-02 05:13:07.117423,3938.03,net_banking,card_blocked,5,0,17.7,3,2,1,2,0.164,1,LINK_NEXT_MORNING,676,0,0.0
36,233,2026-03-02 06:04:40.856171,12676.86,net_banking,card_blocked,6,0,189.5,4,2,0,1,0.057,0,LINK_NOW,14,0,0.0
37,193,2026-03-02 06:56:14.594919,2050.65,debit_card,temporary_network_issue,6,0,318.6,1,3,0,3,0.392,0,LINK_AFTER_2H,91,1,1786.16
38,710,2026-03-02 07:47:48.333667,11139.91,debit_card,insufficient_funds,7,0,103.4,2,0,0,0,0.161,0,LINK_AFTER_2H,149,0,0.0
39,594,2026-03-02 08:39:22.072414,3542.56,credit_card,risk_declined,8,0,29.0,3,1,0,0,0.139,0,LINK_NOW,6,1,2889.06
40,71,2026-03-02 09:30:55.811162,840.13,net_banking,insufficient_funds,9,0,98.3,1,1,0,1,0.183,0,LINK_NOW,12,0,0.0
41,233,2026-03-02 10:22:29.549910,7986.63,credit_card,card_blocked,10,0,189.5,4,2,0,1,0.047,0,NO_CONTACT,0,0,0.0
42,710,2026-03-02 11:14:03.288658,2484.72,net_banking,temporary_network_issue,11,0,103.4,2,0,0,1,0.144,0,NO_CONTACT,0,0,0.0
43,193,2026-03-02 12:05:37.027405,3435.26,wallet,temporary_network_issue,12,0,318.6,1,3,0,2,0.174,0,LINK_AFTER_2H,109,0,0.0
44,193,2026-03-02 12:57:10.766153,9475.38,debit_card,insufficient_funds,12,0,318.6,1,3,0,1,0.136,0,HUMAN_REVIEW,40,1,8288.48
45,629,2026-03-02 13:48:44.504901,41140.78,credit_card,card_blocked,13,0,116.1,4,3,0,1,0.197,0,LINK_NEXT_MORNING,685,0,0.0
46,459,2026-03-02 14:40:18.243649,1656.13,credit_card,insufficient_funds,14,0,17.7,3,2,1,2,0.141,0,LINK_NEXT_MORNING,585,1,1432.4
47,459,2026-03-02 15:31:51.982396,5139.37,debit_card,temporary_network_issue,15,0,17.7,3,2,1,0,0.092,0,LINK_AFTER_2H,93,1,5078.4
48,233,2026-03-02 16:23:25.721144,2187.07,credit_card,insufficient_funds,16,0,189.5,4,2,0,1,0.283,0,LINK_AFTER_2H,141,0,0.0
49,192,2026-03-02 17:14:59.459892,1106.48,debit_card,bank_limit_exceeded,17,0,504.5,1,3,0,1,0.099,0,NO_CONTACT,0,0,0.0
50,233,2026-03-02 18:06:33.198640,2170.76,debit_card,bank_limit_exceeded,18,0,189.5,4,2,0,2,0.04,0,HUMAN_REVIEW,76,0,0.0
51,747,2026-03-02 18:58:06.937387,6617.13,debit_card,risk_declined,18,0,19.4,2,2,1,0,0.075,0,LINK_NOW,25,0,0.0
52,459,2026-03-02 19:49:40.676135,6361.31,net_banking,bank_limit_exceeded,19,0,17.7,3,2,1,1,0.183,0,HUMAN_REVIEW,96,0,0.0
53,233,2026-03-02 20:41:14.414883,433.05,upi,insufficient_funds,20,0,189.5,4,2,0,2,0.042,0,LINK_NEXT_MORNING,618,0,0.0
54,71,2026-03-02 21:32:48.153631,1818.88,credit_card,bank_limit_exceeded,21,0,98.3,1,1,0,1,0.362,0,LINK_AFTER_2H,141,0,0.0
55,596,2026-03-02 22:24:21.892378,19010.92,upi,insufficient_funds,22,0,7.4,2,2,0,1,0.419,1,LINK_AFTER_2H,139,0,0.0
56,233,2026-03-02 23:15:55.631126,408.56,credit_card,temporary_network_issue,23,0,189.5,4,2,0,2,0.146,1,LINK_AFTER_2H,114,0,0.0
57,233,2026-03-03 00:07:29.369874,502.79,credit_card,insufficient_funds,0,1,189.5,4,2,0,0,0.112,0,LINK_NEXT_MORNING,630,0,0.0
58,58,2026-03-03 00:59:03.108622,10017.8,net_banking,bank_limit_exceeded,0,1,17.4,3,0,1,1,0.279,1,HUMAN_REVIEW,110,0,0.0
59,637,2026-03-03 01:50:36.847369,1817.66,debit_card,card_blocked,1,1,26.0,3,2,0,0,0.112,1,HUMAN_REVIEW,91,1,1784.94
60,91,2026-03-03 02:42:10.586117,232.97,credit_card,temporary_network_issue,2,1,286.8,1,3,0,0,0.034,0,LINK_AFTER_2H,142,0,0.0
61,349,2026-03-03 03:33:44.324865,2000.41,debit_card,bank_limit_exceeded,3,1,14.1,2,0,0,1,0.337,0,LINK_AFTER_2H,120,0,0.0
62,710,2026-03-03 04:25:18.063613,1250.06,upi,card_blocked,4,1,103.4,2,0,0,3,0.157,0,LINK_AFTER_2H,103,1,1176.68
63,328,2026-03-03 05:16:51.802360,907.91,credit_card,card_blocked,5,1,120.0,2,0,0,2,0.069,0,LINK_NOW,14,0,0.0
64,349,2026-03-03 06:08:25.541108,39087.6,upi,insufficient_funds,6,1,14.1,2,0,0,1,0.139,0,HUMAN_REVIEW,47,0,0.0
65,184,2026-03-03 06:59:59.279856,293.2,net_banking,risk_declined,6,1,179.0,0,3,0,0,0.229,0,LINK_NEXT_MORNING,546,1,280.82
66,747,2026-03-03 07:51:33.018604,1141.0,credit_card,bank_limit_exceeded,7,1,19.4,2,2,1,1,0.036,0,LINK_AFTER_2H,134,1,925.11
67,521,2026-03-03 08:43:06.757351,3122.45,debit_card,bank_limit_exceeded,8,1,249.5,2,2,1,0,0.327,0,LINK_AFTER_2H,124,0,0.0
68,611,2026-03-03 09:34:40.496099,376.08,credit_card,insufficient_funds,9,1,144.9,2,0,0,2,0.303,0,LINK_NOW,28,1,301.91
69,747,2026-03-03 10:26:14.234847,10640.81,credit_card,insufficient_funds,10,1,19.4,2,2,1,2,0.24,0,LINK_NEXT_MORNING,582,0,0.0
70,710,2026-03-03 11:17:47.973595,927.16,credit_card,temporary_network_issue,11,1,103.4,2,0,0,2,0.098,0,LINK_NOW,18,0,0.0
71,125,2026-03-03 12:09:21.712342,600.11,credit_card,insufficient_funds,12,1,176.2,1,4,0,2,0.24,0,NO_CONTACT,0,0,0.0
72,205,2026-03-03 13:00:55.451090,5301.08,credit_card,insufficient_funds,13,1,181.9,2,1,0,1,0.04,0,NO_CONTACT,0,1,5017.31
73,459,2026-03-03 13:52:29.189838,5059.48,credit_card,card_blocked,13,1,17.7,3,2,1,2,0.074,0,LINK_NEXT_MORNING,630,0,0.0
74,233,2026-03-03 14:44:02.928586,2461.42,debit_card,risk_declined,14,1,189.5,4,2,0,0,0.153,0,LINK_AFTER_2H,120,0,0.0
75,233,2026-03-03 15:35:36.667333,785.98,debit_card,bank_limit_exceeded,15,1,189.5,4,2,0,0,0.078,0,LINK_NOW,27,0,0.0
76,710,2026-03-03 16:27:10.406081,1387.9,upi,insufficient_funds,16,1,103.4,2,0,0,1,0.087,0,LINK_NOW,26,1,1308.53
77,193,2026-03-03 17:18:44.144829,2594.11,credit_card,insufficient_funds,17,1,318.6,1,3,0,1,0.31,0,LINK_AFTER_2H,113,0,0.0
78,125,2026-03-03 18:10:17.883577,891.6,net_banking,insufficient_funds,18,1,176.2,1,4,0,1,0.145,0,HUMAN_REVIEW,79,1,873.35
79,233,2026-03-03 19:01:51.622324,13415.24,upi,temporary_network_issue,19,1,189.5,4,2,0,2,0.017,0,LINK_NOW,28,1,11504.47
80,233,2026-03-03 19:53:25.361072,22292.36,credit_card,temporary_network_issue,19,1,189.5,4,2,0,2,0.368,0,LINK_NEXT_MORNING,624,1,20146.15
81,125,2026-03-03 20:44:59.099820,488.78,debit_card,temporary_network_issue,20,1,176.2,1,4,0,0,0.087,0,HUMAN_REVIEW,83,0,0.0
82,173,2026-03-03 21:36:32.838568,18166.33,debit_card,bank_limit_exceeded,21,1,204.8,5,0,0,0,0.132,0,LINK_AFTER_2H,116,0,0.0
83,459,2026-03-03 22:28:06.577315,1950.05,upi,temporary_network_issue,22,1,17.7,3,2,1,2,0.14,0,NO_CONTACT,0,0,0.0
84,314,2026-03-03 23:19:40.316063,470.33,net_banking,temporary_network_issue,23,1,126.7,3,7,0,1,0.068,0,LINK_NEXT_MORNING,488,1,455.15
85,193,2026-03-04 00:11:14.054811,4485.4,debit_card,card_blocked,0,2,318.6,1,3,0,2,0.174,0,HUMAN_REVIEW,61,0,0.0
86,233,2026-03-04 01:02:47.793559,1706.15,net_banking,card_blocked,1,2,189.5,4,2,0,2,0.103,0,NO_CONTACT,0,0,0.0
87,291,2026-03-04 01:54:21.532306,4113.71,net_banking,temporary_network_issue,1,2,325.1,4,3,0,0,0.17,0,NO_CONTACT,0,1,3389.93
88,747,2026-03-04 02:45:55.271054,7522.62,debit_card,risk_declined,2,2,19.4,2,2,1,1,0.288,0,NO_CONTACT,0,0,0.0
89,594,2026-03-04 03:37:29.009802,5591.82,upi,card_blocked,3,2,29.0,3,1,0,0,0.238,0,LINK_NOW,13,0,0.0
90,91,2026-03-04 04:29:02.748550,1045.42,net_banking,risk_declined,4,2,286.8,1,3,0,3,0.093,0,LINK_AFTER_2H,111,1,841.41
91,91,2026-03-04 05:20:36.487297,20401.64,credit_card,insufficient_funds,5,2,286.8,1,3,0,2,0.227,0,NO_CONTACT,0,0,0.0
92,488,2026-03-04 06:12:10.226045,1628.4,upi,insufficient_funds,6,2,19.4,0,1,0,0,0.225,0,NO_CONTACT,0,0,0.0
93,233,2026-03-04 07:03:43.964793,6402.3,debit_card,risk_declined,7,2,189.5,4,2,0,0,0.102,0,LINK_AFTER_2H,129,0,0.0
94,459,2026-03-04 07:55:17.703541,6081.93,net_banking,temporary_network_issue,7,2,17.7,3,2,1,1,0.188,0,LINK_NEXT_MORNING,557,1,5445.05
95,177,2026-03-04 08:46:51.442288,3883.26,debit_card,card_blocked,8,2,38.1,1,1,0,0,0.054,0,HUMAN_REVIEW,81,1,3594.09
96,747,2026-03-04 09:38:25.181036,4191.81,upi,card_blocked,9,2,19.4,2,2,1,1,0.065,0,HUMAN_REVIEW,107,1,3937.53
97,796,2026-03-04 10:29:58.919784,778.43,net_banking,insufficient_funds,10,2,30.7,3,4,0,0,0.229,0,NO_CONTACT,0,0,0.0
98,233,2026-03-04 11:21:32.658532,1643.95,net_banking,temporary_network_issue,11,2,189.5,4,2,0,2,0.18,1,HUMAN_REVIEW,57,0,0.0
99,11,2026-03-04 12:13:06.397279,738.28,wallet,risk_declined,12,2,55.1,2,1,0,3,0.092,0,LINK_NOW,11,0,0.0
100,193,2026-03-04 13:04:40.136027,7691.54,debit_card,risk_declined,13,2,318.6,1,3,0,0,0.161,0,LINK_AFTER_2H,143,1,6337.89
101,233,2026-03-04 13:56:13.874775,1388.81,credit_card,card_blocked,13,2,189.5,4,2,0,1,0.178,0,NO_CONTACT,0,0,0.0
102,233,2026-03-04 14:47:47.613523,1527.75,debit_card,risk_declined,14,2,189.5,4,2,0,2,0.034,0,HUMAN_REVIEW,77,0,0.0
103,233,2026-03-04 15:39:21.352270,1299.2,debit_card,risk_declined,15,2,189.5,4,2,0,0,0.308,0,LINK_AFTER_2H,111,1,1287.72
104,233,2026-03-04 16:30:55.091018,1371.17,debit_card,card_blocked,16,2,189.5,4,2,0,3,0.09,0,LINK_AFTER_2H,129,0,0.0
105,193,2026-03-04 17:22:28.829766,2103.12,net_banking,insufficient_funds,17,2,318.6,1,3,0,0,0.17,1,NO_CONTACT,0,0,0.0
106,692,2026-03-04 18:14:02.568514,1612.86,net_banking,insufficient_funds,18,2,4.1,0,1,0,2,0.082,0,NO_CONTACT,0,0,0.0
107,354,2026-03-04 19:05:36.307261,3125.47,debit_card,temporary_network_issue,19,2,166.1,3,2,1,1,0.277,0,LINK_NEXT_MORNING,708,1,3016.43
108,459,2026-03-04 19:57:10.046009,1980.29,upi,insufficient_funds,19,2,17.7,3,2,1,1,0.034,0,LINK_AFTER_2H,124,0,0.0
109,752,2026-03-04 20:48:43.784757,499.15,net_banking,insufficient_funds,20,2,201.5,1,1,0,1,0.091,0,LINK_AFTER_2H,134,0,0.0
110,459,2026-03-04 21:40:17.523505,6405.6,upi,bank_limit_exceeded,21,2,17.7,3,2,1,1,0.137,0,LINK_NEXT_MORNING,507,1,5907.02
111,596,2026-03-04 22:31:51.262252,3500.87,upi,card_blocked,22,2,7.4,2,2,0,0,0.229,0,NO_CONTACT,0,0,0.0
112,173,2026-03-04 23:23:25.001000,6013.2,credit_card,risk_declined,23,2,204.8,5,0,0,1,0.23,0,HUMAN_REVIEW,96,1,5288.43
113,125,2026-03-05 00:14:58.739748,2638.62,net_banking,card_blocked,0,3,176.2,1,4,0,2,0.162,0,NO_CONTACT,0,0,0.0
114,459,2026-03-05 01:06:32.478496,4391.77,debit_card,temporary_network_issue,1,3,17.7,3,2,1,4,0.227,0,LINK_NOW,21,0,0.0
115,193,2026-03-05 01:58:06.217243,603.42,upi,insufficient_funds,1,3,318.6,1,3,0,3,0.194,0,LINK_NEXT_MORNING,717,1,563.91
116,193,2026-03-05 02:49:39.955991,1450.16,net_banking,bank_limit_exceeded,2,3,318.6,1,3,0,0,0.096,0,LINK_AFTER_2H,127,0,0.0
117,91,2026-03-05 03:41:13.694739,5053.77,credit_card,insufficient_funds,3,3,286.8,1,3,0,2,0.472,1,NO_CONTACT,0,0,0.0
118,83,2026-03-05 04:32:47.433487,1441.53,upi,card_blocked,4,3,208.1,4,0,0,1,0.235,0,LINK_NEXT_MORNING,660,1,1236.92
119,233,2026-03-05 05:24:21.172234,12299.77,net_banking,insufficient_funds,5,3,189.5,4,2,0,0,0.168,0,HUMAN_REVIEW,116,0,0.0
120,459,2026-03-05 06:15:54.910982,14411.93,upi,insufficient_funds,6,3,17.7,3,2,1,2,0.031,1,LINK_AFTER_2H,95,0,0.0
121,233,2026-03-05 07:07:28.649730,3476.43,credit_card,insufficient_funds,7,3,189.5,4,2,0,2,0.185,1,LINK_NOW,13,0,0.0
122,193,2026-03-05 07:59:02.388478,2701.82,upi,temporary_network_issue,7,3,318.6,1,3,0,1,0.389,0,NO_CONTACT,0,0,0.0
123,71,2026-03-05 08:50:36.127225,28949.02,net_banking,risk_declined,8,3,98.3,1,1,0,0,0.265,0,LINK_NOW,21,0,0.0
124,125,2026-03-05 09:42:09.865973,199.0,net_banking,card_blocked,9,3,176.2,1,4,0,0,0.267,0,LINK_NOW,3,0,0.0
125,193,2026-03-05 10:33:43.604721,3820.24,upi,card_blocked,10,3,318.6,1,3,0,3,0.271,0,NO_CONTACT,0,0,0.0
126,459,2026-03-05 11:25:17.343469,8530.37,net_banking,bank_limit_exceeded,11,3,17.7,3,2,1,1,0.184,0,LINK_NEXT_MORNING,691,1,7681.29
127,39,2026-03-05 12:16:51.082216,316.61,net_banking,card_blocked,12,3,374.5,3,6,0,1,0.281,0,NO_CONTACT,0,0,0.0
128,710,2026-03-05 13:08:24.820964,902.25,debit_card,risk_declined,13,3,103.4,2,0,0,1,0.146,0,LINK_AFTER_2H,140,0,0.0
129,459,2026-03-05 13:59:58.559712,7870.02,upi,temporary_network_issue,13,3,17.7,3,2,1,0,0.114,0,LINK_AFTER_2H,131,0,0.0
130,233,2026-03-05 14:51:32.298460,2082.48,net_banking,risk_declined,14,3,189.5,4,2,0,1,0.064,0,HUMAN_REVIEW,116,1,1930.71
131,233,2026-03-05 15:43:06.037207,4572.26,upi,card_blocked,15,3,189.5,4,2,0,2,0.391,0,LINK_NOW,12,0,0.0
132,193,2026-03-05 16:34:39.775955,234.76,debit_card,insufficient_funds,16,3,318.6,1,3,0,2,0.141,0,LINK_NEXT_MORNING,523,0,0.0
133,594,2026-03-05 17:26:13.514703,431.14,debit_card,insufficient_funds,17,3,29.0,3,1,0,1,0.334,0,NO_CONTACT,0,0,0.0
134,452,2026-03-05 18:17:47.253451,1369.79,credit_card,insufficient_funds,18,3,73.0,1,1,1,0,0.103,0,HUMAN_REVIEW,74,1,1339.1
135,456,2026-03-05 19:09:20.992198,11169.27,upi,temporary_network_issue,19,3,100.2,3,3,0,0,0.241,0,LINK_NEXT_MORNING,594,0,0.0
136,315,2026-03-05 20:00:54.730946,5789.77,debit_card,risk_declined,20,3,65.3,2,0,0,1,0.123,0,HUMAN_REVIEW,102,1,5043.68
137,233,2026-03-05 20:52:28.469694,792.89,debit_card,card_blocked,20,3,189.5,4,2,0,0,0.197,0,LINK_AFTER_2H,137,0,0.0
138,193,2026-03-05 21:44:02.208442,906.67,net_banking,bank_limit_exceeded,21,3,318.6,1,3,0,1,0.183,0,HUMAN_REVIEW,70,0,0.0
139,170,2026-03-05 22:35:35.947189,5212.65,debit_card,temporary_network_issue,22,3,24.1,3,3,0,1,0.144,0,NO_CONTACT,0,0,0.0
140,71,2026-03-05 23:27:09.685937,2841.2,upi,card_blocked,23,3,98.3,1,1,0,0,0.242,0,LINK_NEXT_MORNING,485,0,0.0
141,710,2026-03-06 00:18:43.424685,4056.66,debit_card,insufficient_funds,0,4,103.4,2,0,0,1,0.047,0,NO_CONTACT,0,0,0.0
142,710,2026-03-06 01:10:17.163433,1485.17,wallet,card_blocked,1,4,103.4,2,0,0,1,0.187,0,LINK_NEXT_MORNING,589,1,1227.64
143,459,2026-03-06 02:01:50.902180,1304.61,credit_card,card_blocked,2,4,17.7,3,2,1,5,0.175,1,HUMAN_REVIEW,36,0,0.0
144,753,2026-03-06 02:53:24.640928,2367.32,debit_card,risk_declined,2,4,602.1,2,0,0,2,0.145,0,NO_CONTACT,0,0,0.0
145,15,2026-03-06 03:44:58.379676,1007.77,debit_card,temporary_network_issue,3,4,156.8,1,0,0,2,0.177,0,LINK_NOW,18,0,0.0
146,459,2026-03-06 04:36:32.118424,1004.37,net_banking,card_blocked,4,4,17.7,3,2,1,0,0.133,0,LINK_NOW,2,1,937.94
147,508,2026-03-06 05:28:05.857171,285.19,credit_card,insufficient_funds,5,4,47.7,0,1,0,0,0.207,0,LINK_AFTER_2H,118,1,243.79
148,22,2026-03-06 06:19:39.595919,1332.11,debit_card,card_blocked,6,4,3.0,1,0,0,0,0.28,0,LINK_AFTER_2H,136,0,0.0
149,58,2026-03-06 07:11:13.334667,597.74,upi,risk_declined,7,4,17.4,3,0,1,0,0.116,0,NO_CONTACT,0,0,0.0
150,233,2026-03-06 08:02:47.073415,1120.71,credit_card,temporary_network_issue,8,4,189.5,4,2,0,1,0.123,0,NO_CONTACT,0,1,1012.17
151,459,2026-03-06 08:54:20.812162,2086.97,net_banking,insufficient_funds,8,4,17.7,3,2,1,1,0.257,0,LINK_NOW,11,0,0.0
152,193,2026-03-06 09:45:54.550910,6385.57,net_banking,insufficient_funds,9,4,318.6,1,3,0,0,0.566,0,LINK_AFTER_2H,122,0,0.0
153,233,2026-03-06 10:37:28.289658,1823.73,credit_card,temporary_network_issue,10,4,189.5,4,2,0,2,0.174,0,LINK_AFTER_2H,132,0,0.0
154,193,2026-03-06 11:29:02.028406,2752.48,net_banking,card_blocked,11,4,318.6,1,3,0,1,0.254,0,LINK_NEXT_MORNING,501,1,2226.38
155,233,2026-03-06 12:20:35.767153,1544.72,net_banking,insufficient_funds,12,4,189.5,4,2,0,0,0.159,0,LINK_AFTER_2H,92,1,1358.91
156,710,2026-03-06 13:12:09.505901,2976.57,debit_card,risk_declined,13,4,103.4,2,0,0,1,0.08,0,NO_CONTACT,0,0,0.0
157,459,2026-03-06 14:03:43.244649,2196.91,debit_card,temporary_network_issue,14,4,17.7,3,2,1,2,0.046,0,HUMAN_REVIEW,106,0,0.0
158,726,2026-03-06 14:55:16.983397,216.4,upi,insufficient_funds,14,4,144.0,2,1,0,0,0.182,0,LINK_NEXT_MORNING,583,0,0.0
159,193,2026-03-06 15:46:50.722144,1964.94,credit_card,risk_declined,15,4,318.6,1,3,0,1,0.189,0,LINK_NOW,12,0,0.0
160,11,2026-03-06 16:38:24.460892,2180.81,debit_card,card_blocked,16,4,55.1,2,1,0,0,0.392,0,HUMAN_REVIEW,85,1,1765.85
161,251,2026-03-06 17:29:58.199640,3512.56,net_banking,risk_declined,17,4,280.0,2,2,0,1,0.272,0,HUMAN_REVIEW,106,0,0.0
162,694,2026-03-06 18:21:31.938388,947.1,credit_card,insufficient_funds,18,4,27.8,0,3,1,0,0.428,0,LINK_NOW,11,1,858.66
163,625,2026-03-06 19:13:05.677135,1556.27,upi,insufficient_funds,19,4,11.7,1,1,0,2,0.062,0,LINK_AFTER_2H,94,0,0.0
164,169,2026-03-06 20:04:39.415883,5889.23,debit_card,insufficient_funds,20,4,194.4,2,5,0,1,0.264,0,NO_CONTACT,0,0,0.0
165,459,2026-03-06 20:56:13.154631,1002.7,debit_card,insufficient_funds,20,4,17.7,3,2,1,1,0.147,0,LINK_AFTER_2H,102,1,830.02
166,459,2026-03-06 21:47:46.893379,1212.62,net_banking,risk_declined,21,4,17.7,3,2,1,3,0.227,0,HUMAN_REVIEW,84,0,0.0
167,594,2026-03-06 22:39:20.632126,13111.58,credit_card,insufficient_funds,22,4,29.0,3,1,0,4,0.275,0,HUMAN_REVIEW,105,0,0.0
168,193,2026-03-06 23:30:54.370874,765.72,net_banking,bank_limit_exceeded,23,4,318.6,1,3,0,1,0.171,0,LINK_AFTER_2H,140,1,658.78
169,71,2026-03-07 00:22:28.109622,281.49,upi,risk_declined,0,5,98.3,1,1,0,2,0.366,0,LINK_NOW,9,0,0.0
170,193,2026-03-07 01:14:01.848370,6909.93,credit_card,card_blocked,1,5,318.6,1,3,0,0,0.306,0,LINK_NEXT_MORNING,494,1,6852.31
171,233,2026-03-07 02:05:35.587117,382.08,debit_card,bank_limit_exceeded,2,5,189.5,4,2,0,0,0.225,1,NO_CONTACT,0,1,376.76
172,83,2026-03-07 02:57:09.325865,1915.34,credit_card,insufficient_funds,2,5,208.1,4,0,0,3,0.189,0,HUMAN_REVIEW,95,0,0.0
173,71,2026-03-07 03:48:43.064613,3728.22,upi,insufficient_funds,3,5,98.3,1,1,0,2,0.207,0,LINK_AFTER_2H,127,0,0.0
174,233,2026-03-07 04:40:16.803361,6839.97,credit_card,card_blocked,4,5,189.5,4,2,0,2,0.357,0,HUMAN_REVIEW,109,0,0.0
175,459,2026-03-07 05:31:50.542108,4910.92,debit_card,insufficient_funds,5,5,17.7,3,2,1,0,0.386,1,LINK_AFTER_2H,122,0,0.0
176,406,2026-03-07 06:23:24.280856,744.32,net_banking,bank_limit_exceeded,6,5,235.3,1,3,0,3,0.48,0,LINK_NEXT_MORNING,577,0,0.0
177,233,2026-03-07 07:14:58.019604,15749.77,debit_card,bank_limit_exceeded,7,5,189.5,4,2,0,2,0.342,0,LINK_NOW,22,0,0.0
178,233,2026-03-07 08:06:31.758352,1636.41,credit_card,bank_limit_exceeded,8,5,189.5,4,2,0,2,0.11,0,NO_CONTACT,0,0,0.0
179,71,2026-03-07 08:58:05.497099,890.38,upi,bank_limit_exceeded,8,5,98.3,1,1,0,3,0.336,0,LINK_NEXT_MORNING,696,0,0.0
180,233,2026-03-07 09:49:39.235847,7564.34,debit_card,card_blocked,9,5,189.5,4,2,0,3,0.349,0,LINK_NEXT_MORNING,662,0,0.0
181,71,2026-03-07 10:41:12.974595,792.8,debit_card,card_blocked,10,5,98.3,1,1,0,0,0.18,0,LINK_NEXT_MORNING,526,0,0.0
182,125,2026-03-07 11:32:46.713343,3838.04,credit_card,insufficient_funds,11,5,176.2,1,4,0,4,0.197,0,HUMAN_REVIEW,119,0,0.0
183,193,2026-03-07 12:24:20.452090,1583.0,upi,risk_declined,12,5,318.6,1,3,0,1,0.214,0,HUMAN_REVIEW,43,0,0.0
184,58,2026-03-07 13:15:54.190838,1594.16,debit_card,insufficient_funds,13,5,17.4,3,0,1,2,0.108,0,HUMAN_REVIEW,44,0,0.0
185,233,2026-03-07 14:07:27.929586,44959.93,credit_card,risk_declined,14,5,189.5,4,2,0,2,0.101,0,HUMAN_REVIEW,64,1,41328.04
186,233,2026-03-07 14:59:01.668334,2890.05,debit_card,bank_limit_exceeded,14,5,189.5,4,2,0,0,0.204,0,LINK_NOW,5,1,2580.69
187,471,2026-03-07 15:50:35.407081,199.0,wallet,insufficient_funds,15,5,68.8,3,2,1,1,0.112,0,LINK_AFTER_2H,120,1,160.08
188,233,2026-03-07 16:42:09.145829,379.78,credit_card,insufficient_funds,16,5,189.5,4,2,0,0,0.301,0,NO_CONTACT,0,1,325.03
189,233,2026-03-07 17:33:42.884577,3333.25,credit_card,temporary_network_issue,17,5,189.5,4,2,0,0,0.192,0,LINK_NEXT_MORNING,641,0,0.0
190,193,2026-03-07 18:25:16.623325,444.81,net_banking,risk_declined,18,5,318.6,1,3,0,1,0.058,0,LINK_AFTER_2H,98,0,0.0
191,71,2026-03-07 19:16:50.362072,1161.67,debit_card,risk_declined,19,5,98.3,1,1,0,0,0.192,0,LINK_NEXT_MORNING,486,0,0.0
192,233,2026-03-07 20:08:24.100820,6543.91,upi,card_blocked,20,5,189.5,4,2,0,0,0.124,0,LINK_NEXT_MORNING,517,0,0.0
193,193,2026-03-07 20:59:57.839568,2012.14,net_banking,risk_declined,20,5,318.6,1,3,0,1,0.255,0,LINK_NOW,25,0,0.0
194,173,2026-03-07 21:51:31.578316,5844.33,credit_card,insufficient_funds,21,5,204.8,5,0,0,0,0.175,0,LINK_AFTER_2H,90,1,5663.26
195,459,2026-03-07 22:43:05.317063,10919.43,net_banking,card_blocked,22,5,17.7,3,2,1,2,0.218,0,NO_CONTACT,0,0,0.0
196,761,2026-03-07 23:34:39.055811,5710.89,credit_card,card_blocked,23,5,50.5,2,0,0,1,0.099,0,NO_CONTACT,0,0,0.0
197,193,2026-03-08 00:26:12.794559,806.45,debit_card,insufficient_funds,0,6,318.6,1,3,0,0,0.09,0,LINK_AFTER_2H,112,0,0.0
198,125,2026-03-08 01:17:46.533307,6672.13,net_banking,temporary_network_issue,1,6,176.2,1,4,0,3,0.255,0,LINK_AFTER_2H,103,0,0.0
199,83,2026-03-08 02:09:20.272054,6462.74,debit_card,risk_declined,2,6,208.1,4,0,0,2,0.251,0,LINK_NOW,24,0,0.0
200,71,2026-03-08 03:00:54.010802,2317.8,credit_card,bank_limit_exceeded,3,6,98.3,1,1,0,1,0.226,0,NO_CONTACT,0,0,0.0
201,710,2026-03-08 03:52:27.749550,832.74,credit_card,card_blocked,3,6,103.4,2,0,0,2,0.118,0,LINK_NEXT_MORNING,596,1,731.54
202,459,2026-03-08 04:44:01.488298,2571.42,upi,bank_limit_exceeded,4,6,17.7,3,2,1,2,0.086,0,LINK_NEXT_MORNING,615,1,2342.61
203,83,2026-03-08 05:35:35.227045,2956.31,upi,insufficient_funds,5,6,208.1,4,0,0,3,0.203,0,LINK_NOW,7,0,0.0
204,83,2026-03-08 06:27:08.965793,605.92,debit_card,bank_limit_exceeded,6,6,208.1,4,0,0,1,0.168,0,NO_CONTACT,0,0,0.0
205,459,2026-03-08 07:18:42.704541,7053.17,credit_card,insufficient_funds,7,6,17.7,3,2,1,1,0.107,0,LINK_NEXT_MORNING,485,1,5685.99
206,125,2026-03-08 08:10:16.443289,1558.8,wallet,temporary_network_issue,8,6,176.2,1,4,0,1,0.042,0,NO_CONTACT,0,1,1356.83
207,340,2026-03-08 09:01:50.182036,2399.36,debit_card,insufficient_funds,9,6,388.0,1,3,0,0,0.164,0,LINK_NOW,14,1,2274.11
208,710,2026-03-08 09:53:23.920784,3879.71,debit_card,risk_declined,9,6,103.4,2,0,0,1,0.441,1,LINK_NOW,18,0,0.0
209,346,2026-03-08 10:44:57.659532,3136.24,net_banking,insufficient_funds,10,6,51.1,1,1,0,3,0.105,0,LINK_NOW,19,0,0.0
210,459,2026-03-08 11:36:31.398280,2174.75,credit_card,insufficient_funds,11,6,17.7,3,2,1,0,0.075,0,LINK_NEXT_MORNING,560,1,1958.19
211,233,2026-03-08 12:28:05.137027,764.45,net_banking,temporary_network_issue,12,6,189.5,4,2,0,0,0.197,0,NO_CONTACT,0,1,624.8
212,233,2026-03-08 13:19:38.875775,14699.64,upi,insufficient_funds,13,6,189.5,4,2,0,2,0.358,0,LINK_NEXT_MORNING,575,0,0.0
213,352,2026-03-08 14:11:12.614523,13027.38,credit_card,insufficient_funds,14,6,5.5,3,1,0,3,0.029,0,LINK_AFTER_2H,148,1,11705.42
214,193,2026-03-08 15:02:46.353271,9109.28,net_banking,card_blocked,15,6,318.6,1,3,0,1,0.283,0,LINK_NOW,5,0,0.0
215,459,2026-03-08 15:54:20.092018,2503.23,net_banking,insufficient_funds,15,6,17.7,3,2,1,1,0.234,0,LINK_NEXT_MORNING,646,0,0.0
216,747,2026-03-08 16:45:53.830766,4816.13,wallet,insufficient_funds,16,6,19.4,2,2,1,0,0.078,0,HUMAN_REVIEW,39,0,0.0
217,193,2026-03-08 17:37:27.569514,683.64,debit_card,insufficient_funds,17,6,318.6,1,3,0,1,0.061,0,LINK_AFTER_2H,98,0,0.0
218,233,2026-03-08 18:29:01.308262,2406.8,upi,insufficient_funds,18,6,189.5,4,2,0,2,0.181,0,NO_CONTACT,0,0,0.0
219,233,2026-03-08 19:20:35.047009,316.4,debit_card,temporary_network_issue,19,6,189.5,4,2,0,1,0.054,0,LINK_AFTER_2H,126,0,0.0
220,233,2026-03-08 20:12:08.785757,1223.62,debit_card,card_blocked,20,6,189.5,4,2,0,1,0.052,0,LINK_AFTER_2H,123,0,0.0
221,72,2026-03-08 21:03:42.524505,4794.36,credit_card,temporary_network_issue,21,6,125.2,3,1,0,1,0.111,0,HUMAN_REVIEW,106,1,4035.87
222,459,2026-03-08 21:55:16.263253,8287.88,upi,insufficient_funds,21,6,17.7,3,2,1,2,0.06,0,LINK_NEXT_MORNING,534,0,0.0
223,193,2026-03-08 22:46:50.002000,809.31,credit_card,card_blocked,22,6,318.6,1,3,0,0,0.096,0,NO_CONTACT,0,0,0.0
224,437,2026-03-08 23:38:23.740748,953.32,upi,temporary_network_issue,23,6,189.1,2,0,0,1,0.21,0,NO_CONTACT,0,0,0.0
225,459,2026-03-09 00:29:57.479496,3955.47,debit_card,temporary_network_issue,0,0,17.7,3,2,1,2,0.117,0,LINK_AFTER_2H,100,0,0.0
226,11,2026-03-09 01:21:31.218244,283.46,upi,insufficient_funds,1,0,55.1,2,1,0,0,0.289,0,LINK_NEXT_MORNING,554,1,275.58
227,710,2026-03-09 02:13:04.956991,13993.24,debit_card,insufficient_funds,2,0,103.4,2,0,0,2,0.069,0,NO_CONTACT,0,1,11340.67
228,91,2026-03-09 03:04:38.695739,842.87,credit_card,insufficient_funds,3,0,286.8,1,3,0,1,0.218,0,LINK_NEXT_MORNING,573,0,0.0
229,71,2026-03-09 03:56:12.434487,2026.9,net_banking,insufficient_funds,3,0,98.3,1,1,0,0,0.123,0,LINK_AFTER_2H,117,0,0.0
230,233,2026-03-09 04:47:46.173235,5443.59,debit_card,insufficient_funds,4,0,189.5,4,2,0,1,0.052,0,LINK_AFTER_2H,112,0,0.0
231,71,2026-03-09 05:39:19.911982,1900.29,debit_card,temporary_network_issue,5,0,98.3,1,1,0,1,0.106,0,NO_CONTACT,0,0,0.0
232,258,2026-03-09 06:30:53.650730,1571.54,net_banking,card_blocked,6,0,353.1,2,2,1,2,0.122,0,HUMAN_REVIEW,90,0,0.0
233,233,2026-03-09 07:22:27.389478,4307.0,credit_card,bank_limit_exceeded,7,0,189.5,4,2,0,1,0.185,1,HUMAN_REVIEW,88,0,0.0
234,700,2026-03-09 08:14:01.128226,1321.71,net_banking,card_blocked,8,0,74.5,2,1,0,1,0.228,0,HUMAN_REVIEW,108,0,0.0
235,233,2026-03-09 09:05:34.866973,3443.09,credit_card,card_blocked,9,0,189.5,4,2,0,1,0.163,0,NO_CONTACT,0,0,0.0
236,193,2026-03-09 09:57:08.605721,2371.95,credit_card,temporary_network_issue,9,0,318.6,1,3,0,0,0.312,1,LINK_NEXT_MORNING,589,0,0.0
237,173,2026-03-09 10:48:42.344469,565.46,upi,insufficient_funds,10,0,204.8,5,0,0,0,0.28,0,NO_CONTACT,0,0,0.0
238,233,2026-03-09 11:40:16.083217,10906.91,debit_card,temporary_network_issue,11,0,189.5,4,2,0,1,0.369,0,NO_CONTACT,0,1,9476.62
239,91,2026-03-09 12:31:49.821964,1569.59,upi,temporary_network_issue,12,0,286.8,1,3,0,1,0.061,0,LINK_NEXT_MORNING,596,0,0.0
240,233,2026-03-09 13:23:23.560712,4254.3,credit_card,card_blocked,13,0,189.5,4,2,0,2,0.075,0,LINK_NOW,10,0,0.0
241,710,2026-03-09 14:14:57.299460,912.62,credit_card,risk_declined,14,0,103.4,2,0,0,1,0.478,0,LINK_NOW,12,0,0.0
242,193,2026-03-09 15:06:31.038208,244.25,debit_card,insufficient_funds,15,0,318.6,1,3,0,0,0.351,0,LINK_AFTER_2H,117,0,0.0
243,747,2026-03-09 15:58:04.776955,8890.62,debit_card,insufficient_funds,15,0,19.4,2,2,1,2,0.173,0,LINK_NEXT_MORNING,593,0,0.0
244,459,2026-03-09 16:49:38.515703,2457.67,credit_card,temporary_network_issue,16,0,17.7,3,2,1,3,0.095,0,LINK_NEXT_MORNING,550,0,0.0
245,233,2026-03-09 17:41:12.254451,3029.92,credit_card,temporary_network_issue,17,0,189.5,4,2,0,1,0.123,0,NO_CONTACT,0,0,0.0
246,424,2026-03-09 18:32:45.993199,2610.85,credit_card,insufficient_funds,18,0,171.4,1,1,0,2,0.196,0,HUMAN_REVIEW,51,1,2426.97
247,83,2026-03-09 19:24:19.731946,31202.41,debit_card,temporary_network_issue,19,0,208.1,4,0,0,0,0.089,0,NO_CONTACT,0,0,0.0
248,748,2026-03-09 20:15:53.470694,6222.41,upi,insufficient_funds,20,0,31.2,2,0,2,3,0.191,0,HUMAN_REVIEW,67,0,0.0
249,710,2026-03-09 21:07:27.209442,5324.78,debit_card,card_blocked,21,0,103.4,2,0,0,0,0.076,0,LINK_AFTER_2H,103,1,4972.44
250,747,2026-03-09 21:59:00.948190,1227.07,net_banking,insufficient_funds,21,0,19.4,2,2,1,0,0.092,0,NO_CONTACT,0,1,1124.24
251,222,2026-03-09 22:50:34.686937,1998.68,credit_card,temporary_network_issue,22,0,220.2,1,1,0,1,0.138,0,NO_CONTACT,0,1,1883.85
252,71,2026-03-09 23:42:08.425685,2488.5,upi,risk_declined,23,0,98.3,1,1,0,1,0.061,0,LINK_AFTER_2H,95,0,0.0
253,233,2026-03-10 00:33:42.164433,5133.79,credit_card,bank_limit_exceeded,0,1,189.5,4,2,0,3,0.197,0,HUMAN_REVIEW,60,1,4879.16
254,594,2026-03-10 01:25:15.903181,1758.16,debit_card,bank_limit_exceeded,1,1,29.0,3,1,0,1,0.293,0,HUMAN_REVIEW,80,0,0.0
255,459,2026-03-10 02:16:49.641928,1631.0,credit_card,temporary_network_issue,2,1,17.7,3,2,1,0,0.374,0,HUMAN_REVIEW,32,1,1366.11
256,174,2026-03-10 03:08:23.380676,6486.84,debit_card,temporary_network_issue,3,1,278.2,2,3,0,1,0.23,0,LINK_AFTER_2H,106,0,0.0
257,91,2026-03-10 03:59:57.119424,16689.05,upi,temporary_network_issue,3,1,286.8,1,3,0,0,0.154,1,LINK_NEXT_MORNING,499,0,0.0
258,710,2026-03-10 04:51:30.858172,199.0,debit_card,insufficient_funds,4,1,103.4,2,0,0,1,0.462,0,LINK_AFTER_2H,96,0,0.0
259,173,2026-03-10 05:43:04.596919,6944.95,upi,insufficient_funds,5,1,204.8,5,0,0,1,0.29,0,NO_CONTACT,0,0,0.0
260,58,2026-03-10 06:34:38.335667,1797.16,upi,insufficient_funds,6,1,17.4,3,0,1,1,0.2,0,NO_CONTACT,0,1,1746.68
261,710,2026-03-10 07:26:12.074415,5107.36,credit_card,card_blocked,7,1,103.4,2,0,0,3,0.178,0,LINK_NOW,16,0,0.0
262,459,2026-03-10 08:17:45.813163,2072.69,debit_card,temporary_network_issue,8,1,17.7,3,2,1,2,0.211,0,LINK_NOW,25,0,0.0
263,100,2026-03-10 09:09:19.551910,1575.58,upi,insufficient_funds,9,1,168.1,1,1,0,2,0.19,0,LINK_NEXT_MORNING,713,0,0.0
264,682,2026-03-10 10:00:53.290658,2764.88,credit_card,card_blocked,10,1,62.7,0,0,0,1,0.206,0,LINK_NEXT_MORNING,697,0,0.0
265,5,2026-03-10 10:52:27.029406,449.14,upi,card_blocked,10,1,335.9,4,1,2,0,0.206,1,LINK_AFTER_2H,139,0,0.0
266,193,2026-03-10 11:44:00.768154,718.36,upi,card_blocked,11,1,318.6,1,3,0,3,0.263,0,LINK_NOW,20,0,0.0
267,499,2026-03-10 12:35:34.506901,1415.07,upi,temporary_network_issue,12,1,18.2,2,2,0,3,0.109,0,NO_CONTACT,0,1,1316.83
268,222,2026-03-10 13:27:08.245649,2586.27,net_banking,insufficient_funds,13,1,220.2,1,1,0,1,0.151,1,NO_CONTACT,0,0,0.0
269,233,2026-03-10 14:18:41.984397,10821.83,upi,insufficient_funds,14,1,189.5,4,2,0,0,0.029,0,LINK_NEXT_MORNING,634,0,0.0
270,233,2026-03-10 15:10:15.723145,6363.76,net_banking,risk_declined,15,1,189.5,4,2,0,2,0.306,0,LINK_NOW,12,0,0.0
271,233,2026-03-10 16:01:49.461892,1913.17,debit_card,insufficient_funds,16,1,189.5,4,2,0,2,0.157,0,LINK_AFTER_2H,129,0,0.0
272,193,2026-03-10 16:53:23.200640,635.47,credit_card,temporary_network_issue,16,1,318.6,1,3,0,1,0.256,0,HUMAN_REVIEW,34,0,0.0
273,233,2026-03-10 17:44:56.939388,2577.07,upi,temporary_network_issue,17,1,189.5,4,2,0,5,0.088,0,LINK_NEXT_MORNING,544,1,2475.46
274,459,2026-03-10 18:36:30.678136,4295.08,upi,bank_limit_exceeded,18,1,17.7,3,2,1,0,0.158,0,LINK_NEXT_MORNING,624,0,0.0
275,257,2026-03-10 19:28:04.416883,1391.19,debit_card,temporary_network_issue,19,1,335.3,2,0,0,3,0.185,0,NO_CONTACT,0,0,0.0
276,233,2026-03-10 20:19:38.155631,1791.12,debit_card,temporary_network_issue,20,1,189.5,4,2,0,3,0.165,0,NO_CONTACT,0,0,0.0
277,685,2026-03-10 21:11:11.894379,10152.35,debit_card,insufficient_funds,21,1,581.8,1,2,0,2,0.2,0,NO_CONTACT,0,0,0.0
278,233,2026-03-10 22:02:45.633127,3017.98,upi,bank_limit_exceeded,22,1,189.5,4,2,0,2,0.43,0,LINK_NEXT_MORNING,644,0,0.0
279,79,2026-03-10 22:54:19.371874,2523.94,credit_card,card_blocked,22,1,113.8,2,2,0,1,0.156,0,LINK_AFTER_2H,105,0,0.0
280,193,2026-03-10 23:45:53.110622,2351.71,net_banking,insufficient_funds,23,1,318.6,1,3,0,0,0.173,0,LINK_NOW,17,0,0.0
281,233,2026-03-11 00:37:26.849370,11906.16,upi,temporary_network_issue,0,2,189.5,4,2,0,1,0.1,0,HUMAN_REVIEW,32,0,0.0
282,233,2026-03-11 01:29:00.588118,259.06,credit_card,temporary_network_issue,1,2,189.5,4,2,0,2,0.178,0,LINK_AFTER_2H,107,0,0.0
283,314,2026-03-11 02:20:34.326865,4114.76,wallet,insufficient_funds,2,2,126.7,3,7,0,2,0.19,0,LINK_AFTER_2H,130,0,0.0
284,153,2026-03-11 03:12:08.065613,262.6,wallet,temporary_network_issue,3,2,41.7,5,0,0,1,0.15,0,HUMAN_REVIEW,107,0,0.0
285,233,2026-03-11 04:03:41.804361,1397.8,upi,risk_declined,4,2,189.5,4,2,0,1,0.376,0,NO_CONTACT,0,0,0.0
286,459,2026-03-11 04:55:15.543109,322.6,debit_card,temporary_network_issue,4,2,17.7,3,2,1,0,0.283,0,LINK_NEXT_MORNING,496,0,0.0
287,400,2026-03-11 05:46:49.281856,3961.81,debit_card,card_blocked,5,2,303.4,3,1,0,2,0.063,0,LINK_NEXT_MORNING,562,0,0.0
288,233,2026-03-11 06:38:23.020604,200.38,net_banking,card_blocked,6,2,189.5,4,2,0,3,0.21,0,HUMAN_REVIEW,90,0,0.0
289,233,2026-03-11 07:29:56.759352,393.57,debit_card,card_blocked,7,2,189.5,4,2,0,4,0.262,0,HUMAN_REVIEW,76,0,0.0
290,193,2026-03-11 08:21:30.498100,2323.17,credit_card,temporary_network_issue,8,2,318.6,1,3,0,0,0.08,0,LINK_NOW,7,0,0.0
291,11,2026-03-11 09:13:04.236847,2544.2,upi,temporary_network_issue,9,2,55.1,2,1,0,1,0.177,0,LINK_NOW,3,0,0.0
292,594,2026-03-11 10:04:37.975595,16385.97,net_banking,insufficient_funds,10,2,29.0,3,1,0,0,0.142,0,NO_CONTACT,0,1,14532.88
293,83,2026-03-11 10:56:11.714343,18361.48,credit_card,insufficient_funds,10,2,208.1,4,0,0,2,0.186,1,NO_CONTACT,0,0,0.0
294,339,2026-03-11 11:47:45.453091,453.46,credit_card,bank_limit_exceeded,11,2,11.8,0,0,2,1,0.073,0,LINK_NEXT_MORNING,631,0,0.0
295,594,2026-03-11 12:39:19.191838,1208.99,net_banking,risk_declined,12,2,29.0,3,1,0,1,0.146,0,LINK_NOW,28,0,0.0
296,193,2026-03-11 13:30:52.930586,1456.38,upi,insufficient_funds,13,2,318.6,1,3,0,0,0.301,0,LINK_AFTER_2H,136,0,0.0
297,233,2026-03-11 14:22:26.669334,8144.05,debit_card,temporary_network_issue,14,2,189.5,4,2,0,3,0.199,0,LINK_NEXT_MORNING,535,0,0.0
298,83,2026-03-11 15:14:00.408082,1592.47,credit_card,bank_limit_exceeded,15,2,208.1,4,0,0,3,0.297,0,LINK_NEXT_MORNING,606,0,0.0
299,193,2026-03-11 16:05:34.146829,249.32,net_banking,insufficient_funds,16,2,318.6,1,3,0,4,0.358,0,LINK_NEXT_MORNING,554,0,0.0
300,205,2026-03-11 16:57:07.885577,6463.9,debit_card,temporary_network_issue,16,2,181.9,2,1,0,1,0.208,0,NO_CONTACT,0,0,0.0
301,459,2026-03-11 17:48:41.624325,1321.39,credit_card,insufficient_funds,17,2,17.7,3,2,1,2,0.181,0,LINK_NEXT_MORNING,555,0,0.0
302,233,2026-03-11 18:40:15.363073,16162.86,debit_card,card_blocked,18,2,189.5,4,2,0,0,0.225,0,HUMAN_REVIEW,43,1,13043.12
303,233,2026-03-11 19:31:49.101820,4026.21,debit_card,bank_limit_exceeded,19,2,189.5,4,2,0,2,0.042,0,LINK_NOW,6,1,3925.52
304,710,2026-03-11 20:23:22.840568,6556.05,debit_card,risk_declined,20,2,103.4,2,0,0,1,0.075,0,NO_CONTACT,0,0,0.0
305,747,2026-03-11 21:14:56.579316,5681.03,upi,temporary_network_issue,21,2,19.4,2,2,1,1,0.156,0,NO_CONTACT,0,0,0.0
306,631,2026-03-11 22:06:30.318064,741.68,debit_card,card_blocked,22,2,168.9,2,0,1,0,0.276,0,HUMAN_REVIEW,96,0,0.0
307,459,2026-03-11 22:58:04.056811,202.59,upi,temporary_network_issue,22,2,17.7,3,2,1,3,0.206,0,NO_CONTACT,0,1,186.56
308,193,2026-03-11 23:49:37.795559,17734.6,upi,insufficient_funds,23,2,318.6,1,3,0,0,0.148,0,LINK_NEXT_MORNING,703,1,14710.17
309,710,2026-03-12 00:41:11.534307,5587.11,net_banking,insufficient_funds,0,3,103.4,2,0,0,1,0.441,0,LINK_NOW,10,0,0.0
310,193,2026-03-12 01:32:45.273055,697.13,credit_card,bank_limit_exceeded,1,3,318.6,1,3,0,0,0.308,0,LINK_NOW,1,0,0.0
311,233,2026-03-12 02:24:19.011802,199.0,upi,insufficient_funds,2,3,189.5,4,2,0,2,0.103,0,NO_CONTACT,0,0,0.0
312,233,2026-03-12 03:15:52.750550,13761.99,upi,temporary_network_issue,3,3,189.5,4,2,0,1,0.265,0,NO_CONTACT,0,0,0.0
313,594,2026-03-12 04:07:26.489298,3207.93,debit_card,temporary_network_issue,4,3,29.0,3,1,0,0,0.218,0,LINK_AFTER_2H,106,1,2885.83
314,459,2026-03-12 04:59:00.228046,10641.6,debit_card,bank_limit_exceeded,4,3,17.7,3,2,1,0,0.352,0,HUMAN_REVIEW,71,0,0.0
315,233,2026-03-12 05:50:33.966793,4229.51,debit_card,card_blocked,5,3,189.5,4,2,0,0,0.149,0,LINK_NOW,25,0,0.0
316,193,2026-03-12 06:42:07.705541,1148.8,credit_card,card_blocked,6,3,318.6,1,3,0,2,0.362,0,LINK_NEXT_MORNING,604,1,950.59
317,233,2026-03-12 07:33:41.444289,1182.21,debit_card,temporary_network_issue,7,3,189.5,4,2,0,0,0.083,0,LINK_NOW,22,1,1100.58
318,193,2026-03-12 08:25:15.183037,2249.65,credit_card,card_blocked,8,3,318.6,1,3,0,0,0.056,0,HUMAN_REVIEW,62,0,0.0
319,193,2026-03-12 09:16:48.921784,2287.52,credit_card,card_blocked,9,3,318.6,1,3,0,1,0.182,0,HUMAN_REVIEW,115,0,0.0
320,710,2026-03-12 10:08:22.660532,699.41,debit_card,bank_limit_exceeded,10,3,103.4,2,0,0,1,0.25,0,NO_CONTACT,0,0,0.0
321,125,2026-03-12 10:59:56.399280,2134.55,upi,temporary_network_issue,10,3,176.2,1,4,0,0,0.044,0,HUMAN_REVIEW,74,0,0.0
322,32,2026-03-12 11:51:30.138028,6594.02,upi,temporary_network_issue,11,3,242.7,4,2,1,0,0.061,0,LINK_NEXT_MORNING,557,1,5607.9
323,233,2026-03-12 12:43:03.876775,2519.3,wallet,risk_declined,12,3,189.5,4,2,0,3,0.167,0,LINK_AFTER_2H,138,1,2304.83
324,233,2026-03-12 13:34:37.615523,5256.4,debit_card,risk_declined,13,3,189.5,4,2,0,0,0.066,0,HUMAN_REVIEW,49,0,0.0
325,193,2026-03-12 14:26:11.354271,3657.64,net_banking,insufficient_funds,14,3,318.6,1,3,0,2,0.307,0,HUMAN_REVIEW,82,1,3184.03
326,91,2026-03-12 15:17:45.093019,10240.5,upi,insufficient_funds,15,3,286.8,1,3,0,1,0.176,1,LINK_AFTER_2H,106,1,8216.52
327,747,2026-03-12 16:09:18.831766,4425.27,net_banking,bank_limit_exceeded,16,3,19.4,2,2,1,0,0.303,0,LINK_AFTER_2H,134,1,3892.33
328,193,2026-03-12 17:00:52.570514,803.16,credit_card,temporary_network_issue,17,3,318.6,1,3,0,2,0.032,0,LINK_NEXT_MORNING,615,0,0.0
329,83,2026-03-12 17:52:26.309262,435.25,debit_card,temporary_network_issue,17,3,208.1,4,0,0,0,0.407,0,LINK_NOW,6,1,367.8
330,710,2026-03-12 18:44:00.048010,22770.1,upi,insufficient_funds,18,3,103.4,2,0,0,2,0.153,0,NO_CONTACT,0,0,0.0
331,423,2026-03-12 19:35:33.786757,792.28,credit_card,temporary_network_issue,19,3,46.6,1,1,0,3,0.25,0,LINK_AFTER_2H,138,1,724.35
332,58,2026-03-12 20:27:07.525505,1823.05,credit_card,card_blocked,20,3,17.4,3,0,1,1,0.047,0,LINK_NOW,4,0,0.0
333,747,2026-03-12 21:18:41.264253,2328.83,debit_card,temporary_network_issue,21,3,19.4,2,2,1,2,0.247,0,NO_CONTACT,0,0,0.0
334,233,2026-03-12 22:10:15.003001,1188.33,upi,insufficient_funds,22,3,189.5,4,2,0,1,0.139,0,NO_CONTACT,0,0,0.0
335,733,2026-03-12 23:01:48.741748,9381.44,credit_card,insufficient_funds,23,3,184.1,2,2,0,1,0.148,0,LINK_NOW,3,0,0.0
336,71,2026-03-12 23:53:22.480496,2597.39,net_banking,bank_limit_exceeded,23,3,98.3,1,1,0,2,0.522,0,LINK_NOW,16,1,2359.89
337,103,2026-03-13 00:44:56.219244,385.3,credit_card,risk_declined,0,4,447.0,1,3,0,0,0.087,0,LINK_AFTER_2H,93,0,0.0
338,459,2026-03-13 01:36:29.957992,3579.98,debit_card,risk_declined,1,4,17.7,3,2,1,2,0.143,0,HUMAN_REVIEW,59,1,3195.64
339,193,2026-03-13 02:28:03.696739,2041.3,debit_card,card_blocked,2,4,318.6,1,3,0,2,0.095,0,LINK_AFTER_2H,141,1,1991.97
340,193,2026-03-13 03:19:37.435487,4707.8,credit_card,temporary_network_issue,3,4,318.6,1,3,0,0,0.273,0,HUMAN_REVIEW,83,0,0.0
341,459,2026-03-13 04:11:11.174235,25252.76,wallet,risk_declined,4,4,17.7,3,2,1,3,0.102,0,LINK_NEXT_MORNING,531,0,0.0
342,193,2026-03-13 05:02:44.912983,1019.09,upi,risk_declined,5,4,318.6,1,3,0,1,0.287,0,NO_CONTACT,0,0,0.0
343,773,2026-03-13 05:54:18.651730,535.55,debit_card,risk_declined,5,4,6.7,2,3,1,1,0.092,0,HUMAN_REVIEW,114,1,525.03
344,71,2026-03-13 06:45:52.390478,50000.0,credit_card,insufficient_funds,6,4,98.3,1,1,0,1,0.087,0,NO_CONTACT,0,0,0.0
345,233,2026-03-13 07:37:26.129226,626.85,debit_card,temporary_network_issue,7,4,189.5,4,2,0,0,0.081,0,LINK_AFTER_2H,132,0,0.0
346,233,2026-03-13 08:28:59.867974,24124.48,upi,card_blocked,8,4,189.5,4,2,0,0,0.01,0,LINK_NOW,9,0,0.0
347,233,2026-03-13 09:20:33.606721,29029.13,credit_card,temporary_network_issue,9,4,189.5,4,2,0,0,0.162,0,LINK_AFTER_2H,116,0,0.0
348,233,2026-03-13 10:12:07.345469,1654.04,debit_card,temporary_network_issue,10,4,189.5,4,2,0,1,0.249,0,LINK_NEXT_MORNING,482,1,1608.32
349,193,2026-03-13 11:03:41.084217,10355.81,debit_card,card_blocked,11,4,318.6,1,3,0,2,0.117,0,NO_CONTACT,0,0,0.0
350,173,2026-03-13 11:55:14.822965,703.09,credit_card,temporary_network_issue,11,4,204.8,5,0,0,1,0.176,0,NO_CONTACT,0,0,0.0
351,183,2026-03-13 12:46:48.561712,4850.8,debit_card,risk_declined,12,4,131.3,2,1,0,0,0.207,0,HUMAN_REVIEW,45,1,4310.13
352,173,2026-03-13 13:38:22.300460,7935.15,net_banking,insufficient_funds,13,4,204.8,5,0,0,2,0.089,1,LINK_NEXT_MORNING,684,1,7258.56
353,747,2026-03-13 14:29:56.039208,718.06,debit_card,card_blocked,14,4,19.4,2,2,1,1,0.144,0,LINK_NOW,6,0,0.0
354,710,2026-03-13 15:21:29.777956,11590.74,upi,insufficient_funds,15,4,103.4,2,0,0,0,0.118,0,LINK_AFTER_2H,100,0,0.0
355,233,2026-03-13 16:13:03.516703,7759.07,upi,bank_limit_exceeded,16,4,189.5,4,2,0,1,0.137,0,LINK_AFTER_2H,140,0,0.0
356,58,2026-03-13 17:04:37.255451,20160.58,debit_card,insufficient_funds,17,4,17.4,3,0,1,2,0.191,0,LINK_NEXT_MORNING,596,0,0.0
357,71,2026-03-13 17:56:10.994199,3284.87,debit_card,risk_declined,17,4,98.3,1,1,0,0,0.262,0,HUMAN_REVIEW,71,0,0.0
358,233,2026-03-13 18:47:44.732947,199.0,net_banking,temporary_network_issue,18,4,189.5,4,2,0,0,0.045,0,LINK_AFTER_2H,100,0,0.0
359,747,2026-03-13 19:39:18.471694,3328.69,net_banking,insufficient_funds,19,4,19.4,2,2,1,0,0.155,0,LINK_NOW,25,0,0.0
360,58,2026-03-13 20:30:52.210442,2137.16,credit_card,temporary_network_issue,20,4,17.4,3,0,1,0,0.211,0,NO_CONTACT,0,0,0.0
361,594,2026-03-13 21:22:25.949190,9758.58,credit_card,bank_limit_exceeded,21,4,29.0,3,1,0,3,0.093,0,LINK_AFTER_2H,121,0,0.0
362,193,2026-03-13 22:13:59.687938,555.59,upi,insufficient_funds,22,4,318.6,1,3,0,2,0.084,0,LINK_NEXT_MORNING,663,0,0.0
363,779,2026-03-13 23:05:33.426685,46545.33,credit_card,insufficient_funds,23,4,25.8,3,1,0,1,0.069,1,LINK_NEXT_MORNING,588,0,0.0
364,576,2026-03-13 23:57:07.165433,3249.88,net_banking,temporary_network_issue,23,4,156.4,3,2,0,3,0.358,0,HUMAN_REVIEW,62,0,0.0
365,193,2026-03-14 00:48:40.904181,15398.03,net_banking,insufficient_funds,0,5,318.6,1,3,0,1,0.246,0,LINK_AFTER_2H,118,1,15309.46
366,233,2026-03-14 01:40:14.642929,332.1,credit_card,bank_limit_exceeded,1,5,189.5,4,2,0,2,0.251,1,LINK_NEXT_MORNING,593,0,0.0
367,173,2026-03-14 02:31:48.381676,1959.57,upi,temporary_network_issue,2,5,204.8,5,0,0,2,0.057,0,NO_CONTACT,0,1,1636.44
368,83,2026-03-14 03:23:22.120424,24135.61,upi,card_blocked,3,5,208.1,4,0,0,2,0.131,0,LINK_NEXT_MORNING,574,1,19347.14
369,747,2026-03-14 04:14:55.859172,945.32,debit_card,insufficient_funds,4,5,19.4,2,2,1,2,0.045,0,LINK_AFTER_2H,116,0,0.0
370,83,2026-03-14 05:06:29.597920,514.52,upi,insufficient_funds,5,5,208.1,4,0,0,0,0.203,0,LINK_NEXT_MORNING,582,1,451.28
371,173,2026-03-14 05:58:03.336667,2601.0,credit_card,insufficient_funds,5,5,204.8,5,0,0,0,0.161,0,HUMAN_REVIEW,91,0,0.0
372,227,2026-03-14 06:49:37.075415,8453.84,upi,temporary_network_issue,6,5,14.3,2,3,0,0,0.116,0,LINK_NOW,6,1,6827.12
373,71,2026-03-14 07:41:10.814163,1630.17,net_banking,temporary_network_issue,7,5,98.3,1,1,0,0,0.208,0,LINK_NEXT_MORNING,673,0,0.0
374,91,2026-03-14 08:32:44.552911,2126.65,net_banking,insufficient_funds,8,5,286.8,1,3,0,0,0.269,0,NO_CONTACT,0,0,0.0
375,710,2026-03-14 09:24:18.291658,2821.64,credit_card,risk_declined,9,5,103.4,2,0,0,1,0.289,0,NO_CONTACT,0,0,0.0
376,469,2026-03-14 10:15:52.030406,1744.51,debit_card,temporary_network_issue,10,5,180.3,0,1,0,0,0.083,0,LINK_NOW,29,1,1447.81
377,125,2026-03-14 11:07:25.769154,5025.62,upi,insufficient_funds,11,5,176.2,1,4,0,0,0.191,0,NO_CONTACT,0,1,4961.79
378,361,2026-03-14 11:58:59.507902,510.17,debit_card,insufficient_funds,11,5,209.2,1,1,1,0,0.085,0,LINK_AFTER_2H,97,0,0.0
379,233,2026-03-14 12:50:33.246649,581.29,net_banking,insufficient_funds,12,5,189.5,4,2,0,1,0.296,0,HUMAN_REVIEW,72,0,0.0
380,459,2026-03-14 13:42:06.985397,3897.78,upi,insufficient_funds,13,5,17.7,3,2,1,1,0.324,0,NO_CONTACT,0,1,3245.24
381,182,2026-03-14 14:33:40.724145,1271.4,debit_card,temporary_network_issue,14,5,236.2,0,2,0,2,0.326,0,LINK_NOW,16,1,1052.85
382,233,2026-03-14 15:25:14.462893,8997.51,debit_card,risk_declined,15,5,189.5,4,2,0,0,0.142,0,LINK_NOW,14,1,8334.77
383,298,2026-03-14 16:16:48.201640,1524.19,upi,bank_limit_exceeded,16,5,15.4,1,3,1,0,0.09,0,LINK_AFTER_2H,101,1,1266.98
384,71,2026-03-14 17:08:21.940388,4688.16,upi,risk_declined,17,5,98.3,1,1,0,0,0.242,0,LINK_NEXT_MORNING,563,0,0.0
385,459,2026-03-14 17:59:55.679136,4993.92,debit_card,insufficient_funds,17,5,17.7,3,2,1,0,0.123,0,HUMAN_REVIEW,69,1,4271.4
386,193,2026-03-14 18:51:29.417884,1468.28,net_banking,insufficient_funds,18,5,318.6,1,3,0,1,0.223,0,NO_CONTACT,0,0,0.0
387,91,2026-03-14 19:43:03.156631,2361.89,wallet,bank_limit_exceeded,19,5,286.8,1,3,0,1,0.247,0,LINK_AFTER_2H,94,1,2313.36
388,233,2026-03-14 20:34:36.895379,2750.03,credit_card,card_blocked,20,5,189.5,4,2,0,2,0.154,0,LINK_NEXT_MORNING,663,0,0.0
389,193,2026-03-14 21:26:10.634127,754.74,credit_card,insufficient_funds,21,5,318.6,1,3,0,1,0.066,0,NO_CONTACT,0,0,0.0
390,91,2026-03-14 22:17:44.372875,8978.71,debit_card,insufficient_funds,22,5,286.8,1,3,0,2,0.25,0,HUMAN_REVIEW,86,0,0.0
391,233,2026-03-14 23:09:18.111622,1451.29,debit_card,temporary_network_issue,23,5,189.5,4,2,0,1,0.28,0,NO_CONTACT,0,0,0.0
392,710,2026-03-15 00:00:51.850370,847.93,net_banking,card_blocked,0,6,103.4,2,0,0,2,0.192,0,LINK_NOW,12,0,0.0
393,125,2026-03-15 00:52:25.589118,2963.79,net_banking,risk_declined,0,6,176.2,1,4,0,0,0.195,0,LINK_NOW,13,1,2861.61
394,710,2026-03-15 01:43:59.327866,12195.22,credit_card,insufficient_funds,1,6,103.4,2,0,0,0,0.259,0,NO_CONTACT,0,0,0.0
395,58,2026-03-15 02:35:33.066613,2249.3,upi,insufficient_funds,2,6,17.4,3,0,1,2,0.255,0,LINK_NEXT_MORNING,589,0,0.0
396,193,2026-03-15 03:27:06.805361,2070.1,debit_card,temporary_network_issue,3,6,318.6,1,3,0,2,0.268,0,LINK_AFTER_2H,90,0,0.0
397,233,2026-03-15 04:18:40.544109,3069.3,debit_card,insufficient_funds,4,6,189.5,4,2,0,0,0.114,0,LINK_AFTER_2H,122,0,0.0
398,521,2026-03-15 05:10:14.282857,1887.22,debit_card,temporary_network_issue,5,6,249.5,2,2,1,1,0.222,0,LINK_NOW,27,1,1746.92
399,193,2026-03-15 06:01:48.021604,924.75,upi,card_blocked,6,6,318.6,1,3,0,0,0.125,0,LINK_AFTER_2H,98,0,0.0
400,594,2026-03-15 06:53:21.760352,2928.79,credit_card,insufficient_funds,6,6,29.0,3,1,0,2,0.244,0,HUMAN_REVIEW,63,0,0.0
401,594,2026-03-15 07:44:55.499100,1844.93,credit_card,card_blocked,7,6,29.0,3,1,0,1,0.064,1,LINK_AFTER_2H,97,1,1753.91
402,193,2026-03-15 08:36:29.237848,477.63,wallet,insufficient_funds,8,6,318.6,1,3,0,1,0.356,0,LINK_AFTER_2H,122,1,474.25
403,193,2026-03-15 09:28:02.976595,1874.82,wallet,card_blocked,9,6,318.6,1,3,0,0,0.153,0,HUMAN_REVIEW,85,0,0.0
404,233,2026-03-15 10:19:36.715343,1754.76,debit_card,card_blocked,10,6,189.5,4,2,0,1,0.23,0,LINK_NEXT_MORNING,555,1,1728.57
405,173,2026-03-15 11:11:10.454091,1982.2,credit_card,insufficient_funds,11,6,204.8,5,0,0,0,0.304,0,NO_CONTACT,0,0,0.0
406,459,2026-03-15 12:02:44.192839,589.83,net_banking,card_blocked,12,6,17.7,3,2,1,1,0.174,0,LINK_NOW,3,1,475.56
407,63,2026-03-15 12:54:17.931586,5237.23,net_banking,temporary_network_issue,12,6,263.9,4,2,0,2,0.295,0,HUMAN_REVIEW,112,0,0.0
408,233,2026-03-15 13:45:51.670334,9826.36,upi,insufficient_funds,13,6,189.5,4,2,0,0,0.113,0,HUMAN_REVIEW,50,1,8176.02
409,193,2026-03-15 14:37:25.409082,2316.44,debit_card,insufficient_funds,14,6,318.6,1,3,0,1,0.33,0,HUMAN_REVIEW,97,0,0.0
410,639,2026-03-15 15:28:59.147830,1752.75,credit_card,insufficient_funds,15,6,187.0,4,0,1,2,0.428,0,HUMAN_REVIEW,33,0,0.0
411,58,2026-03-15 16:20:32.886577,3463.58,net_banking,risk_declined,16,6,17.4,3,0,1,2,0.09,0,LINK_NEXT_MORNING,715,0,0.0
412,233,2026-03-15 17:12:06.625325,3408.92,net_banking,insufficient_funds,17,6,189.5,4,2,0,3,0.289,0,LINK_NEXT_MORNING,656,0,0.0
413,193,2026-03-15 18:03:40.364073,1150.07,net_banking,card_blocked,18,6,318.6,1,3,0,1,0.209,0,LINK_NEXT_MORNING,490,0,0.0
414,193,2026-03-15 18:55:14.102821,5413.58,upi,bank_limit_exceeded,18,6,318.6,1,3,0,0,0.117,0,LINK_AFTER_2H,148,0,0.0
415,193,2026-03-15 19:46:47.841568,1128.67,net_banking,temporary_network_issue,19,6,318.6,1,3,0,1,0.194,0,LINK_AFTER_2H,115,1,1008.17
416,233,2026-03-15 20:38:21.580316,617.11,credit_card,insufficient_funds,20,6,189.5,4,2,0,0,0.217,1,NO_CONTACT,0,0,0.0
417,233,2026-03-15 21:29:55.319064,1917.47,net_banking,insufficient_funds,21,6,189.5,4,2,0,1,0.077,0,LINK_NOW,4,0,0.0
418,233,2026-03-15 22:21:29.057812,3162.48,debit_card,insufficient_funds,22,6,189.5,4,2,0,0,0.173,0,NO_CONTACT,0,0,0.0
419,193,2026-03-15 23:13:02.796559,1883.75,debit_card,insufficient_funds,23,6,318.6,1,3,0,0,0.059,0,LINK_AFTER_2H,149,1,1648.1
420,459,2026-03-16 00:04:36.535307,5840.77,wallet,card_blocked,0,0,17.7,3,2,1,1,0.109,0,LINK_NEXT_MORNING,637,0,0.0
421,125,2026-03-16 00:56:10.274055,2281.05,net_banking,insufficient_funds,0,0,176.2,1,4,0,0,0.229,0,HUMAN_REVIEW,95,0,0.0
422,193,2026-03-16 01:47:44.012803,11497.4,credit_card,card_blocked,1,0,318.6,1,3,0,0,0.351,0,NO_CONTACT,0,0,0.0
423,521,2026-03-16 02:39:17.751550,7320.81,debit_card,insufficient_funds,2,0,249.5,2,2,1,0,0.319,0,LINK_AFTER_2H,113,0,0.0
424,193,2026-03-16 03:30:51.490298,371.84,credit_card,insufficient_funds,3,0,318.6,1,3,0,0,0.176,0,LINK_NEXT_MORNING,584,1,310.18
425,233,2026-03-16 04:22:25.229046,1442.06,credit_card,insufficient_funds,4,0,189.5,4,2,0,0,0.08,0,LINK_NEXT_MORNING,623,1,1373.32
426,610,2026-03-16 05:13:58.967794,932.98,net_banking,insufficient_funds,5,0,117.8,2,1,0,1,0.117,0,LINK_NEXT_MORNING,689,0,0.0
427,193,2026-03-16 06:05:32.706541,4795.05,net_banking,insufficient_funds,6,0,318.6,1,3,0,0,0.077,0,HUMAN_REVIEW,105,0,0.0
428,459,2026-03-16 06:57:06.445289,5950.86,debit_card,card_blocked,6,0,17.7,3,2,1,2,0.216,0,HUMAN_REVIEW,119,0,0.0
429,193,2026-03-16 07:48:40.184037,5609.8,debit_card,card_blocked,7,0,318.6,1,3,0,0,0.488,0,NO_CONTACT,0,0,0.0
430,281,2026-03-16 08:40:13.922785,495.51,debit_card,insufficient_funds,8,0,162.2,7,3,0,3,0.124,0,HUMAN_REVIEW,41,0,0.0
431,58,2026-03-16 09:31:47.661532,1831.3,credit_card,card_blocked,9,0,17.4,3,0,1,2,0.057,0,HUMAN_REVIEW,55,1,1665.42
432,459,2026-03-16 10:23:21.400280,8296.4,debit_card,insufficient_funds,10,0,17.7,3,2,1,0,0.249,0,HUMAN_REVIEW,97,0,0.0
433,72,2026-03-16 11:14:55.139028,3884.71,upi,insufficient_funds,11,0,125.2,3,1,0,1,0.171,0,LINK_NOW,26,0,0.0
434,594,2026-03-16 12:06:28.877776,199.0,upi,risk_declined,12,0,29.0,3,1,0,0,0.073,1,HUMAN_REVIEW,56,0,0.0
435,594,2026-03-16 12:58:02.616523,22808.8,wallet,bank_limit_exceeded,12,0,29.0,3,1,0,1,0.37,0,NO_CONTACT,0,0,0.0
436,737,2026-03-16 13:49:36.355271,2594.47,net_banking,risk_declined,13,0,18.9,3,2,0,0,0.122,0,HUMAN_REVIEW,82,1,2218.39
437,233,2026-03-16 14:41:10.094019,4019.79,net_banking,insufficient_funds,14,0,189.5,4,2,0,2,0.152,0,LINK_NEXT_MORNING,566,0,0.0
438,349,2026-03-16 15:32:43.832767,2507.04,debit_card,bank_limit_exceeded,15,0,14.1,2,0,0,0,0.226,0,NO_CONTACT,0,0,0.0
439,233,2026-03-16 16:24:17.571514,1319.63,credit_card,card_blocked,16,0,189.5,4,2,0,0,0.283,0,HUMAN_REVIEW,114,0,0.0
440,594,2026-03-16 17:15:51.310262,296.41,net_banking,temporary_network_issue,17,0,29.0,3,1,0,0,0.033,0,LINK_NEXT_MORNING,655,0,0.0
441,459,2026-03-16 18:07:25.049010,1426.12,debit_card,bank_limit_exceeded,18,0,17.7,3,2,1,1,0.039,0,LINK_AFTER_2H,126,0,0.0
442,233,2026-03-16 18:58:58.787758,4415.33,upi,risk_declined,18,0,189.5,4,2,0,1,0.132,0,LINK_NEXT_MORNING,705,0,0.0
443,767,2026-03-16 19:50:32.526505,1964.33,debit_card,card_blocked,19,0,127.0,5,1,0,3,0.119,0,NO_CONTACT,0,0,0.0
444,710,2026-03-16 20:42:06.265253,3911.29,wallet,risk_declined,20,0,103.4,2,0,0,3,0.194,0,LINK_AFTER_2H,134,0,0.0
445,193,2026-03-16 21:33:40.004001,1343.38,debit_card,temporary_network_issue,21,0,318.6,1,3,0,0,0.115,0,NO_CONTACT,0,1,1156.5
446,193,2026-03-16 22:25:13.742749,1829.13,debit_card,card_blocked,22,0,318.6,1,3,0,0,0.049,0,LINK_AFTER_2H,100,1,1689.97
447,459,2026-03-16 23:16:47.481496,4216.75,upi,insufficient_funds,23,0,17.7,3,2,1,0,0.229,0,LINK_AFTER_2H,92,0,0.0
448,233,2026-03-17 00:08:21.220244,1996.72,debit_card,bank_limit_exceeded,0,1,189.5,4,2,0,2,0.183,0,NO_CONTACT,0,0,0.0
449,747,2026-03-17 00:59:54.958992,1508.9,upi,temporary_network_issue,0,1,19.4,2,2,1,0,0.08,0,LINK_AFTER_2H,95,1,1488.27
450,71,2026-03-17 01:51:28.697740,5121.56,credit_card,risk_declined,1,1,98.3,1,1,0,0,0.159,0,LINK_AFTER_2H,103,0,0.0
451,238,2026-03-17 02:43:02.436487,2247.15,net_banking,temporary_network_issue,2,1,79.5,2,3,0,0,0.022,0,LINK_NEXT_MORNING,613,1,1957.21
452,193,2026-03-17 03:34:36.175235,893.87,credit_card,risk_declined,3,1,318.6,1,3,0,1,0.029,0,NO_CONTACT,0,0,0.0
453,233,2026-03-17 04:26:09.913983,2096.28,credit_card,temporary_network_issue,4,1,189.5,4,2,0,0,0.318,0,LINK_NEXT_MORNING,556,0,0.0
454,233,2026-03-17 05:17:43.652731,1550.17,net_banking,temporary_network_issue,5,1,189.5,4,2,0,3,0.108,0,LINK_AFTER_2H,118,0,0.0
455,459,2026-03-17 06:09:17.391478,794.8,debit_card,risk_declined,6,1,17.7,3,2,1,1,0.28,0,LINK_NOW,0,0,0.0
456,411,2026-03-17 07:00:51.130226,26788.48,credit_card,insufficient_funds,7,1,353.1,0,0,1,1,0.39,0,LINK_NEXT_MORNING,496,0,0.0
457,459,2026-03-17 07:52:24.868974,1105.1,upi,temporary_network_issue,7,1,17.7,3,2,1,1,0.148,0,LINK_AFTER_2H,147,0,0.0
458,193,2026-03-17 08:43:58.607722,3424.62,upi,temporary_network_issue,8,1,318.6,1,3,0,0,0.142,0,LINK_AFTER_2H,146,0,0.0
459,193,2026-03-17 09:35:32.346469,1849.14,credit_card,insufficient_funds,9,1,318.6,1,3,0,1,0.104,0,HUMAN_REVIEW,40,0,0.0
460,83,2026-03-17 10:27:06.085217,10597.13,debit_card,insufficient_funds,10,1,208.1,4,0,0,2,0.039,0,HUMAN_REVIEW,95,0,0.0
461,193,2026-03-17 11:18:39.823965,11633.19,net_banking,insufficient_funds,11,1,318.6,1,3,0,3,0.064,0,LINK_NOW,1,0,0.0
462,193,2026-03-17 12:10:13.562713,4526.62,upi,insufficient_funds,12,1,318.6,1,3,0,0,0.261,0,LINK_AFTER_2H,120,0,0.0
463,173,2026-03-17 13:01:47.301460,6401.84,wallet,risk_declined,13,1,204.8,5,0,0,2,0.198,0,LINK_NEXT_MORNING,623,1,5193.32
464,193,2026-03-17 13:53:21.040208,353.28,debit_card,bank_limit_exceeded,13,1,318.6,1,3,0,2,0.309,0,LINK_AFTER_2H,133,1,299.2
465,193,2026-03-17 14:44:54.778956,10830.42,net_banking,card_blocked,14,1,318.6,1,3,0,1,0.253,0,LINK_AFTER_2H,130,1,8964.89
466,233,2026-03-17 15:36:28.517704,5727.28,credit_card,insufficient_funds,15,1,189.5,4,2,0,1,0.491,0,HUMAN_REVIEW,66,1,5319.72
467,233,2026-03-17 16:28:02.256451,1107.77,debit_card,risk_declined,16,1,189.5,4,2,0,3,0.267,0,NO_CONTACT,0,0,0.0
468,11,2026-03-17 17:19:35.995199,1208.4,credit_card,temporary_network_issue,17,1,55.1,2,1,0,0,0.167,0,LINK_NOW,21,1,1150.39
469,459,2026-03-17 18:11:09.733947,2069.9,credit_card,risk_declined,18,1,17.7,3,2,1,0,0.331,0,LINK_AFTER_2H,135,0,0.0
470,233,2026-03-17 19:02:43.472695,31982.47,debit_card,temporary_network_issue,19,1,189.5,4,2,0,0,0.304,0,NO_CONTACT,0,0,0.0
471,71,2026-03-17 19:54:17.211442,1797.74,credit_card,insufficient_funds,19,1,98.3,1,1,0,1,0.074,0,LINK_AFTER_2H,124,1,1485.88
472,314,2026-03-17 20:45:50.950190,1073.84,upi,card_blocked,20,1,126.7,3,7,0,1,0.201,0,LINK_AFTER_2H,96,1,972.05
473,636,2026-03-17 21:37:24.688938,1081.47,net_banking,temporary_network_issue,21,1,98.5,1,3,1,1,0.049,0,LINK_NOW,17,0,0.0
474,193,2026-03-17 22:28:58.427686,251.34,credit_card,risk_declined,22,1,318.6,1,3,0,1,0.08,0,HUMAN_REVIEW,44,0,0.0
475,594,2026-03-17 23:20:32.166433,6074.62,upi,card_blocked,23,1,29.0,3,1,0,1,0.177,0,LINK_AFTER_2H,93,0,0.0
476,233,2026-03-18 00:12:05.905181,6304.26,wallet,temporary_network_issue,0,2,189.5,4,2,0,1,0.116,0,LINK_AFTER_2H,113,1,5948.64
477,193,2026-03-18 01:03:39.643929,199.0,debit_card,card_blocked,1,2,318.6,1,3,0,0,0.484,0,HUMAN_REVIEW,42,0,0.0
478,459,2026-03-18 01:55:13.382677,14643.17,debit_card,temporary_network_issue,1,2,17.7,3,2,1,1,0.118,0,LINK_NOW,28,0,0.0
479,173,2026-03-18 02:46:47.121424,2005.06,debit_card,insufficient_funds,2,2,204.8,5,0,0,1,0.247,0,LINK_NEXT_MORNING,529,0,0.0
480,173,2026-03-18 03:38:20.860172,1167.59,credit_card,temporary_network_issue,3,2,204.8,5,0,0,2,0.271,0,LINK_AFTER_2H,105,1,1078.94
481,747,2026-03-18 04:29:54.598920,377.22,debit_card,insufficient_funds,4,2,19.4,2,2,1,0,0.102,0,LINK_AFTER_2H,90,0,0.0
482,241,2026-03-18 05:21:28.337668,524.74,credit_card,insufficient_funds,5,2,181.6,0,1,3,0,0.345,0,LINK_AFTER_2H,123,1,424.09
483,173,2026-03-18 06:13:02.076415,4073.17,debit_card,insufficient_funds,6,2,204.8,5,0,0,1,0.292,0,NO_CONTACT,0,0,0.0
484,233,2026-03-18 07:04:35.815163,7552.39,debit_card,insufficient_funds,7,2,189.5,4,2,0,2,0.087,0,HUMAN_REVIEW,109,0,0.0
485,233,2026-03-18 07:56:09.553911,695.81,debit_card,insufficient_funds,7,2,189.5,4,2,0,2,0.359,0,LINK_NEXT_MORNING,703,1,630.66
486,193,2026-03-18 08:47:43.292659,266.87,debit_card,risk_declined,8,2,318.6,1,3,0,2,0.25,0,HUMAN_REVIEW,62,0,0.0
487,459,2026-03-18 09:39:17.031406,1850.98,debit_card,insufficient_funds,9,2,17.7,3,2,1,0,0.507,0,HUMAN_REVIEW,44,0,0.0
488,233,2026-03-18 10:30:50.770154,721.66,debit_card,temporary_network_issue,10,2,189.5,4,2,0,1,0.036,0,HUMAN_REVIEW,110,1,643.63
489,233,2026-03-18 11:22:24.508902,2738.85,debit_card,temporary_network_issue,11,2,189.5,4,2,0,0,0.089,0,NO_CONTACT,0,1,2397.9
490,594,2026-03-18 12:13:58.247650,7651.65,upi,insufficient_funds,12,2,29.0,3,1,0,1,0.025,0,LINK_NEXT_MORNING,665,1,7179.08
491,83,2026-03-18 13:05:31.986397,733.46,net_banking,bank_limit_exceeded,13,2,208.1,4,0,0,4,0.011,0,HUMAN_REVIEW,110,0,0.0
492,459,2026-03-18 13:57:05.725145,4235.32,debit_card,card_blocked,13,2,17.7,3,2,1,1,0.058,0,LINK_NEXT_MORNING,514,0,0.0
493,71,2026-03-18 14:48:39.463893,9974.86,upi,risk_declined,14,2,98.3,1,1,0,0,0.391,0,LINK_NOW,20,1,8354.05
494,233,2026-03-18 15:40:13.202641,3035.62,upi,temporary_network_issue,15,2,189.5,4,2,0,1,0.294,0,NO_CONTACT,0,1,2429.95
495,91,2026-03-18 16:31:46.941388,4395.51,credit_card,card_blocked,16,2,286.8,1,3,0,0,0.132,0,LINK_NEXT_MORNING,636,1,3596.71
496,233,2026-03-18 17:23:20.680136,1015.31,credit_card,bank_limit_exceeded,17,2,189.5,4,2,0,0,0.206,0,LINK_NEXT_MORNING,599,1,834.15
497,71,2026-03-18 18:14:54.418884,11879.59,credit_card,insufficient_funds,18,2,98.3,1,1,0,1,0.237,0,LINK_NOW,11,0,0.0
498,233,2026-03-18 19:06:28.157632,4458.35,debit_card,temporary_network_issue,19,2,189.5,4,2,0,0,0.235,0,HUMAN_REVIEW,87,1,4243.63
499,222,2026-03-18 19:58:01.896379,745.75,debit_card,temporary_network_issue,19,2,220.2,1,1,0,0,0.125,0,LINK_NEXT_MORNING,708,1,664.74
500,125,2026-03-18 20:49:35.635127,21306.97,debit_card,bank_limit_exceeded,20,2,176.2,1,4,0,3,0.098,0,LINK_AFTER_2H,102,0,0.0
501,459,2026-03-18 21:41:09.373875,199.0,upi,insufficient_funds,21,2,17.7,3,2,1,2,0.036,0,LINK_AFTER_2H,110,0,0.0
502,594,2026-03-18 22:32:43.112623,9411.66,credit_card,card_blocked,22,2,29.0,3,1,0,1,0.343,0,LINK_NOW,6,0,0.0
503,50,2026-03-18 23:24:16.851370,586.02,debit_card,insufficient_funds,23,2,206.4,1,2,0,2,0.111,0,LINK_NEXT_MORNING,480,0,0.0
504,404,2026-03-19 00:15:50.590118,2648.54,debit_card,bank_limit_exceeded,0,3,114.3,2,2,0,1,0.154,0,LINK_AFTER_2H,138,1,2339.67
505,193,2026-03-19 01:07:24.328866,10657.07,upi,temporary_network_issue,1,3,318.6,1,3,0,1,0.046,0,HUMAN_REVIEW,106,0,0.0
506,283,2026-03-19 01:58:58.067614,488.98,credit_card,risk_declined,1,3,16.9,1,1,0,4,0.083,0,LINK_AFTER_2H,132,0,0.0
507,233,2026-03-19 02:50:31.806361,3892.51,credit_card,risk_declined,2,3,189.5,4,2,0,2,0.276,0,HUMAN_REVIEW,117,1,3246.07
508,222,2026-03-19 03:42:05.545109,232.99,credit_card,temporary_network_issue,3,3,220.2,1,1,0,0,0.081,0,LINK_NEXT_MORNING,567,1,217.77
509,710,2026-03-19 04:33:39.283857,1773.14,debit_card,card_blocked,4,3,103.4,2,0,0,0,0.084,0,LINK_NOW,12,0,0.0
510,130,2026-03-19 05:25:13.022605,14004.28,debit_card,card_blocked,5,3,15.7,2,0,0,0,0.204,0,NO_CONTACT,0,0,0.0
511,459,2026-03-19 06:16:46.761352,1943.64,upi,temporary_network_issue,6,3,17.7,3,2,1,0,0.418,0,LINK_NEXT_MORNING,579,0,0.0
512,233,2026-03-19 07:08:20.500100,7597.1,debit_card,temporary_network_issue,7,3,189.5,4,2,0,0,0.04,0,LINK_NEXT_MORNING,612,1,6423.19
513,233,2026-03-19 07:59:54.238848,6668.74,credit_card,insufficient_funds,7,3,189.5,4,2,0,1,0.252,0,HUMAN_REVIEW,84,1,5351.88
514,71,2026-03-19 08:51:27.977596,531.32,debit_card,temporary_network_issue,8,3,98.3,1,1,0,2,0.295,0,LINK_NEXT_MORNING,557,0,0.0
515,521,2026-03-19 09:43:01.716343,421.32,upi,bank_limit_exceeded,9,3,249.5,2,2,1,2,0.298,0,LINK_AFTER_2H,105,0,0.0
516,459,2026-03-19 10:34:35.455091,5445.02,debit_card,insufficient_funds,10,3,17.7,3,2,1,0,0.159,0,LINK_AFTER_2H,95,0,0.0
517,233,2026-03-19 11:26:09.193839,4153.62,upi,risk_declined,11,3,189.5,4,2,0,0,0.016,0,HUMAN_REVIEW,31,0,0.0
518,71,2026-03-19 12:17:42.932587,802.27,debit_card,insufficient_funds,12,3,98.3,1,1,0,1,0.383,0,NO_CONTACT,0,0,0.0
519,193,2026-03-19 13:09:16.671334,1705.17,debit_card,temporary_network_issue,13,3,318.6,1,3,0,0,0.089,0,LINK_AFTER_2H,134,0,0.0
520,193,2026-03-19 14:00:50.410082,3278.2,upi,insufficient_funds,14,3,318.6,1,3,0,0,0.046,0,NO_CONTACT,0,0,0.0
521,233,2026-03-19 14:52:24.148830,1106.83,credit_card,temporary_network_issue,14,3,189.5,4,2,0,1,0.097,0,NO_CONTACT,0,0,0.0
522,594,2026-03-19 15:43:57.887578,7666.87,credit_card,insufficient_funds,15,3,29.0,3,1,0,1,0.072,0,LINK_NOW,22,1,6254.25
523,233,2026-03-19 16:35:31.626325,2485.95,credit_card,card_blocked,16,3,189.5,4,2,0,1,0.12,0,LINK_NEXT_MORNING,547,0,0.0
524,747,2026-03-19 17:27:05.365073,1964.73,credit_card,temporary_network_issue,17,3,19.4,2,2,1,1,0.158,0,HUMAN_REVIEW,92,0,0.0
525,71,2026-03-19 18:18:39.103821,1556.37,debit_card,risk_declined,18,3,98.3,1,1,0,1,0.186,0,LINK_AFTER_2H,105,1,1388.26
526,507,2026-03-19 19:10:12.842569,4399.64,debit_card,temporary_network_issue,19,3,17.4,5,2,0,1,0.053,0,LINK_AFTER_2H,125,0,0.0
527,233,2026-03-19 20:01:46.581316,2185.17,debit_card,bank_limit_exceeded,20,3,189.5,4,2,0,1,0.288,0,LINK_AFTER_2H,148,0,0.0
528,73,2026-03-19 20:53:20.320064,261.85,debit_card,risk_declined,20,3,9.8,1,2,1,1,0.242,0,LINK_NOW,15,0,0.0
529,747,2026-03-19 21:44:54.058812,21820.49,net_banking,insufficient_funds,21,3,19.4,2,2,1,0,0.389,0,LINK_NEXT_MORNING,564,1,21598.14
530,518,2026-03-19 22:36:27.797560,199.0,credit_card,insufficient_funds,22,3,49.3,2,2,0,2,0.107,0,LINK_NOW,16,0,0.0
531,451,2026-03-19 23:28:01.536307,13352.29,net_banking,insufficient_funds,23,3,710.1,1,2,1,2,0.046,0,NO_CONTACT,0,0,0.0
532,233,2026-03-20 00:19:35.275055,875.83,debit_card,temporary_network_issue,0,4,189.5,4,2,0,0,0.238,0,LINK_NOW,2,0,0.0
533,459,2026-03-20 01:11:09.013803,1260.86,net_banking,temporary_network_issue,1,4,17.7,3,2,1,0,0.449,0,LINK_AFTER_2H,113,0,0.0
534,233,2026-03-20 02:02:42.752551,23553.71,net_banking,bank_limit_exceeded,2,4,189.5,4,2,0,2,0.193,0,LINK_NOW,5,1,20298.01
535,233,2026-03-20 02:54:16.491298,199.0,net_banking,temporary_network_issue,2,4,189.5,4,2,0,1,0.296,0,LINK_AFTER_2H,108,1,166.03
536,709,2026-03-20 03:45:50.230046,2193.05,net_banking,risk_declined,3,4,219.3,4,2,0,1,0.101,0,LINK_AFTER_2H,123,0,0.0
537,125,2026-03-20 04:37:23.968794,12169.18,debit_card,insufficient_funds,4,4,176.2,1,4,0,0,0.261,0,HUMAN_REVIEW,115,0,0.0
538,459,2026-03-20 05:28:57.707542,1191.66,debit_card,insufficient_funds,5,4,17.7,3,2,1,1,0.081,0,LINK_NOW,13,0,0.0
539,392,2026-03-20 06:20:31.446289,3849.07,net_banking,risk_declined,6,4,82.1,1,2,1,2,0.23,0,LINK_NOW,2,0,0.0
540,710,2026-03-20 07:12:05.185037,9881.97,debit_card,insufficient_funds,7,4,103.4,2,0,0,0,0.161,0,HUMAN_REVIEW,68,0,0.0
541,521,2026-03-20 08:03:38.923785,2153.39,debit_card,risk_declined,8,4,249.5,2,2,1,0,0.104,0,LINK_NOW,22,1,1944.14
542,675,2026-03-20 08:55:12.662533,13070.42,debit_card,insufficient_funds,8,4,177.5,0,3,0,2,0.211,0,LINK_NEXT_MORNING,490,1,12519.22
543,459,2026-03-20 09:46:46.401280,2391.21,debit_card,risk_declined,9,4,17.7,3,2,1,1,0.107,0,NO_CONTACT,0,0,0.0
544,747,2026-03-20 10:38:20.140028,1268.64,net_banking,risk_declined,10,4,19.4,2,2,1,1,0.262,0,LINK_NEXT_MORNING,703,0,0.0
545,193,2026-03-20 11:29:53.878776,4333.98,credit_card,card_blocked,11,4,318.6,1,3,0,2,0.343,0,NO_CONTACT,0,0,0.0
546,193,2026-03-20 12:21:27.617524,9877.74,credit_card,risk_declined,12,4,318.6,1,3,0,2,0.08,0,LINK_AFTER_2H,136,1,9668.86
547,83,2026-03-20 13:13:01.356271,1028.97,upi,insufficient_funds,13,4,208.1,4,0,0,4,0.365,0,HUMAN_REVIEW,59,0,0.0
548,194,2026-03-20 14:04:35.095019,1820.15,credit_card,insufficient_funds,14,4,402.3,2,4,0,2,0.084,0,LINK_NEXT_MORNING,529,0,0.0
549,193,2026-03-20 14:56:08.833767,615.91,debit_card,insufficient_funds,14,4,318.6,1,3,0,1,0.431,0,LINK_NOW,3,1,560.17
550,193,2026-03-20 15:47:42.572515,1570.46,upi,insufficient_funds,15,4,318.6,1,3,0,2,0.01,0,HUMAN_REVIEW,96,0,0.0
551,193,2026-03-20 16:39:16.311262,1320.97,credit_card,temporary_network_issue,16,4,318.6,1,3,0,1,0.067,0,LINK_NEXT_MORNING,655,0,0.0
552,83,2026-03-20 17:30:50.050010,3398.14,upi,risk_declined,17,4,208.1,4,0,0,0,0.305,0,HUMAN_REVIEW,69,1,3169.34
553,11,2026-03-20 18:22:23.788758,284.26,credit_card,insufficient_funds,18,4,55.1,2,1,0,1,0.12,0,LINK_NOW,3,0,0.0
554,178,2026-03-20 19:13:57.527506,1938.7,credit_card,bank_limit_exceeded,19,4,32.7,4,1,0,3,0.14,0,NO_CONTACT,0,0,0.0
555,233,2026-03-20 20:05:31.266253,6243.13,credit_card,bank_limit_exceeded,20,4,189.5,4,2,0,1,0.182,0,LINK_NEXT_MORNING,495,1,5318.38
556,710,2026-03-20 20:57:05.005001,4333.13,debit_card,card_blocked,20,4,103.4,2,0,0,2,0.21,0,HUMAN_REVIEW,61,1,3843.86
557,233,2026-03-20 21:48:38.743749,6702.46,upi,bank_limit_exceeded,21,4,189.5,4,2,0,0,0.337,0,LINK_NEXT_MORNING,579,1,6048.46
558,458,2026-03-20 22:40:12.482496,5804.72,upi,risk_declined,22,4,78.9,2,3,0,0,0.172,0,LINK_AFTER_2H,127,0,0.0
559,193,2026-03-20 23:31:46.221244,6155.18,net_banking,temporary_network_issue,23,4,318.6,1,3,0,1,0.19,0,LINK_AFTER_2H,111,0,0.0
560,233,2026-03-21 00:23:19.959992,724.4,credit_card,card_blocked,0,5,189.5,4,2,0,3,0.085,0,LINK_NOW,5,0,0.0
561,594,2026-03-21 01:14:53.698740,987.02,upi,card_blocked,1,5,29.0,3,1,0,0,0.19,0,HUMAN_REVIEW,105,0,0.0
562,710,2026-03-21 02:06:27.437487,6817.61,upi,insufficient_funds,2,5,103.4,2,0,0,1,0.212,0,HUMAN_REVIEW,69,0,0.0
563,64,2026-03-21 02:58:01.176235,210.19,debit_card,insufficient_funds,2,5,239.2,1,4,0,1,0.173,0,LINK_NOW,13,1,186.49
564,233,2026-03-21 03:49:34.914983,286.46,upi,temporary_network_issue,3,5,189.5,4,2,0,0,0.262,0,LINK_NOW,6,1,264.05
565,71,2026-03-21 04:41:08.653731,1716.26,upi,insufficient_funds,4,5,98.3,1,1,0,1,0.082,0,LINK_NEXT_MORNING,545,0,0.0
566,233,2026-03-21 05:32:42.392478,2309.24,net_banking,bank_limit_exceeded,5,5,189.5,4,2,0,1,0.056,0,LINK_AFTER_2H,129,0,0.0
567,337,2026-03-21 06:24:16.131226,1224.91,credit_card,temporary_network_issue,6,5,278.4,2,2,0,2,0.097,0,LINK_NEXT_MORNING,618,0,0.0
568,750,2026-03-21 07:15:49.869974,265.6,wallet,temporary_network_issue,7,5,73.1,1,1,0,2,0.101,0,NO_CONTACT,0,0,0.0
569,233,2026-03-21 08:07:23.608722,9716.91,credit_card,insufficient_funds,8,5,189.5,4,2,0,2,0.049,1,HUMAN_REVIEW,103,0,0.0
570,91,2026-03-21 08:58:57.347469,1124.96,net_banking,temporary_network_issue,8,5,286.8,1,3,0,1,0.154,0,LINK_AFTER_2H,128,0,0.0
571,71,2026-03-21 09:50:31.086217,435.75,credit_card,insufficient_funds,9,5,98.3,1,1,0,0,0.348,0,HUMAN_REVIEW,35,1,377.01
572,193,2026-03-21 10:42:04.824965,199.0,upi,insufficient_funds,10,5,318.6,1,3,0,0,0.307,1,LINK_NEXT_MORNING,616,1,195.52
573,459,2026-03-21 11:33:38.563713,6868.07,debit_card,bank_limit_exceeded,11,5,17.7,3,2,1,0,0.225,0,LINK_AFTER_2H,108,0,0.0
574,459,2026-03-21 12:25:12.302460,2231.74,debit_card,insufficient_funds,12,5,17.7,3,2,1,2,0.153,0,LINK_NEXT_MORNING,632,0,0.0
575,380,2026-03-21 13:16:46.041208,857.82,credit_card,card_blocked,13,5,23.0,5,1,0,2,0.348,0,NO_CONTACT,0,0,0.0
576,459,2026-03-21 14:08:19.779956,6747.29,debit_card,insufficient_funds,14,5,17.7,3,2,1,3,0.173,0,LINK_AFTER_2H,94,0,0.0
577,193,2026-03-21 14:59:53.518704,4952.61,upi,bank_limit_exceeded,14,5,318.6,1,3,0,2,0.23,0,LINK_AFTER_2H,94,0,0.0
578,459,2026-03-21 15:51:27.257451,2961.2,upi,temporary_network_issue,15,5,17.7,3,2,1,1,0.079,0,LINK_AFTER_2H,143,1,2564.35
579,233,2026-03-21 16:43:00.996199,2448.71,credit_card,card_blocked,16,5,189.5,4,2,0,0,0.169,0,NO_CONTACT,0,0,0.0
580,233,2026-03-21 17:34:34.734947,1485.89,debit_card,risk_declined,17,5,189.5,4,2,0,2,0.234,0,LINK_AFTER_2H,92,0,0.0
581,83,2026-03-21 18:26:08.473695,4678.78,debit_card,card_blocked,18,5,208.1,4,0,0,0,0.22,0,LINK_NEXT_MORNING,675,1,4221.51
582,609,2026-03-21 19:17:42.212442,279.03,debit_card,insufficient_funds,19,5,430.6,3,2,0,1,0.029,0,LINK_NOW,11,0,0.0
583,193,2026-03-21 20:09:15.951190,1572.78,upi,temporary_network_issue,20,5,318.6,1,3,0,1,0.094,0,HUMAN_REVIEW,119,0,0.0
584,344,2026-03-21 21:00:49.689938,415.06,net_banking,insufficient_funds,21,5,281.7,2,1,1,0,0.171,0,LINK_NEXT_MORNING,613,1,343.82
585,91,2026-03-21 21:52:23.428686,3466.98,debit_card,temporary_network_issue,21,5,286.8,1,3,0,1,0.312,0,LINK_NEXT_MORNING,681,1,2921.58
586,710,2026-03-21 22:43:57.167433,7016.08,debit_card,temporary_network_issue,22,5,103.4,2,0,0,0,0.432,0,HUMAN_REVIEW,116,0,0.0
587,193,2026-03-21 23:35:30.906181,2625.92,net_banking,risk_declined,23,5,318.6,1,3,0,1,0.259,0,LINK_AFTER_2H,138,0,0.0
588,233,2026-03-22 00:27:04.644929,1878.54,credit_card,insufficient_funds,0,6,189.5,4,2,0,1,0.268,0,HUMAN_REVIEW,67,0,0.0
589,193,2026-03-22 01:18:38.383677,403.88,credit_card,insufficient_funds,1,6,318.6,1,3,0,5,0.014,0,NO_CONTACT,0,1,389.56
590,233,2026-03-22 02:10:12.122424,3717.1,credit_card,bank_limit_exceeded,2,6,189.5,4,2,0,2,0.177,0,LINK_NEXT_MORNING,637,0,0.0
591,594,2026-03-22 03:01:45.861172,6810.03,credit_card,bank_limit_exceeded,3,6,29.0,3,1,0,3,0.253,0,HUMAN_REVIEW,66,0,0.0
592,193,2026-03-22 03:53:19.599920,2149.13,debit_card,bank_limit_exceeded,3,6,318.6,1,3,0,0,0.06,0,HUMAN_REVIEW,54,1,1879.65
593,233,2026-03-22 04:44:53.338668,1210.66,upi,temporary_network_issue,4,6,189.5,4,2,0,1,0.157,0,NO_CONTACT,0,1,1187.89
594,9,2026-03-22 05:36:27.077415,816.31,credit_card,insufficient_funds,5,6,191.4,2,1,0,1,0.404,0,NO_CONTACT,0,0,0.0
595,76,2026-03-22 06:28:00.816163,10207.82,upi,risk_declined,6,6,128.7,0,1,0,2,0.154,0,NO_CONTACT,0,0,0.0
596,193,2026-03-22 07:19:34.554911,23120.1,debit_card,insufficient_funds,7,6,318.6,1,3,0,0,0.042,0,LINK_AFTER_2H,133,0,0.0
597,257,2026-03-22 08:11:08.293659,2311.82,net_banking,insufficient_funds,8,6,335.3,2,0,0,1,0.23,0,NO_CONTACT,0,0,0.0
598,233,2026-03-22 09:02:42.032406,2286.92,credit_card,insufficient_funds,9,6,189.5,4,2,0,2,0.28,0,LINK_NEXT_MORNING,539,0,0.0
599,366,2026-03-22 09:54:15.771154,3204.82,credit_card,card_blocked,9,6,21.3,1,1,0,1,0.419,0,HUMAN_REVIEW,43,0,0.0
600,233,2026-03-22 10:45:49.509902,6995.13,credit_card,insufficient_funds,10,6,189.5,4,2,0,1,0.186,0,LINK_NOW,2,0,0.0
601,173,2026-03-22 11:37:23.248650,6907.65,net_banking,risk_declined,11,6,204.8,5,0,0,2,0.164,0,NO_CONTACT,0,0,0.0
602,262,2026-03-22 12:28:56.987397,12499.72,net_banking,insufficient_funds,12,6,33.9,3,4,0,4,0.149,0,HUMAN_REVIEW,97,0,0.0
603,58,2026-03-22 13:20:30.726145,3113.06,upi,insufficient_funds,13,6,17.4,3,0,1,1,0.105,0,LINK_NEXT_MORNING,643,0,0.0
604,459,2026-03-22 14:12:04.464893,36288.31,debit_card,temporary_network_issue,14,6,17.7,3,2,1,4,0.214,0,NO_CONTACT,0,0,0.0
605,233,2026-03-22 15:03:38.203641,5415.39,debit_card,temporary_network_issue,15,6,189.5,4,2,0,1,0.297,0,LINK_NEXT_MORNING,504,0,0.0
606,552,2026-03-22 15:55:11.942388,2249.87,debit_card,bank_limit_exceeded,15,6,170.6,4,2,0,0,0.282,0,LINK_NEXT_MORNING,487,0,0.0
607,521,2026-03-22 16:46:45.681136,11179.31,debit_card,bank_limit_exceeded,16,6,249.5,2,2,1,1,0.094,0,LINK_NOW,24,0,0.0
608,193,2026-03-22 17:38:19.419884,50000.0,debit_card,insufficient_funds,17,6,318.6,1,3,0,3,0.237,0,LINK_NOW,3,0,0.0
609,233,2026-03-22 18:29:53.158632,1203.61,upi,bank_limit_exceeded,18,6,189.5,4,2,0,4,0.234,0,HUMAN_REVIEW,59,0,0.0
610,193,2026-03-22 19:21:26.897379,1736.65,debit_card,card_blocked,19,6,318.6,1,3,0,0,0.449,0,LINK_NEXT_MORNING,594,0,0.0
611,193,2026-03-22 20:13:00.636127,3365.47,upi,temporary_network_issue,20,6,318.6,1,3,0,3,0.043,0,NO_CONTACT,0,0,0.0
612,459,2026-03-22 21:04:34.374875,1017.47,debit_card,card_blocked,21,6,17.7,3,2,1,2,0.135,0,NO_CONTACT,0,0,0.0
613,459,2026-03-22 21:56:08.113623,8200.85,debit_card,bank_limit_exceeded,21,6,17.7,3,2,1,1,0.093,0,LINK_NOW,14,0,0.0
614,594,2026-03-22 22:47:41.852370,1583.62,net_banking,insufficient_funds,22,6,29.0,3,1,0,1,0.456,0,HUMAN_REVIEW,89,0,0.0
615,233,2026-03-22 23:39:15.591118,1420.84,credit_card,insufficient_funds,23,6,189.5,4,2,0,2,0.218,0,LINK_AFTER_2H,134,0,0.0
616,233,2026-03-23 00:30:49.329866,4820.88,upi,temporary_network_issue,0,0,189.5,4,2,0,1,0.267,0,NO_CONTACT,0,0,0.0
617,83,2026-03-23 01:22:23.068614,20379.31,upi,insufficient_funds,1,0,208.1,4,0,0,1,0.316,0,LINK_NOW,4,1,19380.29
618,521,2026-03-23 02:13:56.807361,648.85,net_banking,temporary_network_issue,2,0,249.5,2,2,1,3,0.203,0,HUMAN_REVIEW,76,0,0.0
619,233,2026-03-23 03:05:30.546109,599.85,wallet,card_blocked,3,0,189.5,4,2,0,1,0.284,0,LINK_NEXT_MORNING,657,0,0.0
620,233,2026-03-23 03:57:04.284857,2782.45,credit_card,risk_declined,3,0,189.5,4,2,0,2,0.434,0,NO_CONTACT,0,0,0.0
621,193,2026-03-23 04:48:38.023605,428.55,debit_card,insufficient_funds,4,0,318.6,1,3,0,2,0.219,0,HUMAN_REVIEW,98,1,386.81
622,459,2026-03-23 05:40:11.762352,1178.7,upi,insufficient_funds,5,0,17.7,3,2,1,0,0.2,0,NO_CONTACT,0,1,1073.03
623,58,2026-03-23 06:31:45.501100,2087.76,debit_card,risk_declined,6,0,17.4,3,0,1,2,0.279,0,LINK_NOW,17,0,0.0
624,233,2026-03-23 07:23:19.239848,8085.26,credit_card,temporary_network_issue,7,0,189.5,4,2,0,2,0.048,0,NO_CONTACT,0,0,0.0
625,91,2026-03-23 08:14:52.978596,509.75,credit_card,risk_declined,8,0,286.8,1,3,0,0,0.199,0,NO_CONTACT,0,0,0.0
626,193,2026-03-23 09:06:26.717343,1879.33,debit_card,bank_limit_exceeded,9,0,318.6,1,3,0,3,0.308,0,LINK_AFTER_2H,121,0,0.0
627,193,2026-03-23 09:58:00.456091,1057.46,net_banking,bank_limit_exceeded,9,0,318.6,1,3,0,0,0.222,0,LINK_NOW,9,1,1014.79
628,193,2026-03-23 10:49:34.194839,836.88,credit_card,card_blocked,10,0,318.6,1,3,0,1,0.138,0,LINK_NOW,17,1,725.17
629,233,2026-03-23 11:41:07.933587,3083.83,debit_card,temporary_network_issue,11,0,189.5,4,2,0,1,0.197,0,NO_CONTACT,0,0,0.0
630,193,2026-03-23 12:32:41.672334,4381.27,credit_card,insufficient_funds,12,0,318.6,1,3,0,0,0.203,0,HUMAN_REVIEW,36,1,4240.94
631,233,2026-03-23 13:24:15.411082,2148.73,debit_card,card_blocked,13,0,189.5,4,2,0,1,0.202,0,NO_CONTACT,0,0,0.0
632,233,2026-03-23 14:15:49.149830,4024.08,upi,bank_limit_exceeded,14,0,189.5,4,2,0,0,0.157,0,LINK_AFTER_2H,131,1,3857.72
633,594,2026-03-23 15:07:22.888578,666.49,net_banking,insufficient_funds,15,0,29.0,3,1,0,1,0.165,0,LINK_AFTER_2H,93,1,632.2
634,193,2026-03-23 15:58:56.627325,4507.59,debit_card,insufficient_funds,15,0,318.6,1,3,0,1,0.095,0,HUMAN_REVIEW,83,0,0.0
635,747,2026-03-23 16:50:30.366073,5159.93,credit_card,risk_declined,16,0,19.4,2,2,1,0,0.12,0,HUMAN_REVIEW,74,0,0.0
636,193,2026-03-23 17:42:04.104821,5376.34,credit_card,insufficient_funds,17,0,318.6,1,3,0,1,0.076,0,HUMAN_REVIEW,60,0,0.0
637,594,2026-03-23 18:33:37.843569,200.35,credit_card,insufficient_funds,18,0,29.0,3,1,0,0,0.215,0,LINK_NEXT_MORNING,559,0,0.0
638,747,2026-03-23 19:25:11.582316,5850.44,net_banking,bank_limit_exceeded,19,0,19.4,2,2,1,1,0.245,0,LINK_AFTER_2H,134,0,0.0
639,91,2026-03-23 20:16:45.321064,4371.8,credit_card,insufficient_funds,20,0,286.8,1,3,0,0,0.279,0,NO_CONTACT,0,0,0.0
640,125,2026-03-23 21:08:19.059812,10632.63,debit_card,insufficient_funds,21,0,176.2,1,4,0,1,0.189,0,HUMAN_REVIEW,32,0,0.0
641,58,2026-03-23 21:59:52.798560,627.94,net_banking,temporary_network_issue,21,0,17.4,3,0,1,1,0.013,0,LINK_NEXT_MORNING,654,1,597.42
642,212,2026-03-23 22:51:26.537307,3703.37,net_banking,risk_declined,22,0,51.6,1,3,0,0,0.237,0,NO_CONTACT,0,0,0.0
643,193,2026-03-23 23:43:00.276055,1599.2,net_banking,temporary_network_issue,23,0,318.6,1,3,0,2,0.37,0,NO_CONTACT,0,1,1509.0
644,314,2026-03-24 00:34:34.014803,312.62,net_banking,temporary_network_issue,0,1,126.7,3,7,0,1,0.042,0,LINK_NEXT_MORNING,656,0,0.0
645,233,2026-03-24 01:26:07.753551,2788.51,credit_card,card_blocked,1,1,189.5,4,2,0,0,0.15,1,HUMAN_REVIEW,32,0,0.0
646,747,2026-03-24 02:17:41.492298,271.01,credit_card,temporary_network_issue,2,1,19.4,2,2,1,1,0.114,0,LINK_NOW,2,1,241.71
647,257,2026-03-24 03:09:15.231046,1810.2,debit_card,insufficient_funds,3,1,335.3,2,0,0,1,0.132,0,LINK_AFTER_2H,118,1,1666.32
648,83,2026-03-24 04:00:48.969794,2067.16,debit_card,insufficient_funds,4,1,208.1,4,0,0,3,0.222,0,HUMAN_REVIEW,112,0,0.0
649,83,2026-03-24 04:52:22.708542,1146.04,credit_card,temporary_network_issue,4,1,208.1,4,0,0,2,0.081,0,HUMAN_REVIEW,33,0,0.0
650,233,2026-03-24 05:43:56.447289,3316.87,upi,risk_declined,5,1,189.5,4,2,0,3,0.048,0,LINK_NEXT_MORNING,538,0,0.0
651,233,2026-03-24 06:35:30.186037,459.17,net_banking,risk_declined,6,1,189.5,4,2,0,2,0.183,0,LINK_AFTER_2H,124,1,426.26
652,710,2026-03-24 07:27:03.924785,869.82,debit_card,card_blocked,7,1,103.4,2,0,0,2,0.13,0,LINK_NOW,20,1,719.31
653,710,2026-03-24 08:18:37.663533,18715.91,credit_card,risk_declined,8,1,103.4,2,0,0,0,0.164,0,LINK_AFTER_2H,105,0,0.0
654,193,2026-03-24 09:10:11.402280,1261.36,net_banking,insufficient_funds,9,1,318.6,1,3,0,2,0.384,0,LINK_AFTER_2H,145,0,0.0
655,459,2026-03-24 10:01:45.141028,1295.21,debit_card,risk_declined,10,1,17.7,3,2,1,3,0.146,0,LINK_NEXT_MORNING,658,0,0.0
656,710,2026-03-24 10:53:18.879776,901.61,debit_card,risk_declined,10,1,103.4,2,0,0,0,0.211,0,LINK_AFTER_2H,115,1,816.23
657,459,2026-03-24 11:44:52.618524,8564.77,net_banking,temporary_network_issue,11,1,17.7,3,2,1,0,0.296,0,LINK_NOW,5,1,7456.69
658,71,2026-03-24 12:36:26.357271,3980.66,debit_card,insufficient_funds,12,1,98.3,1,1,0,0,0.101,0,LINK_NEXT_MORNING,592,0,0.0
659,594,2026-03-24 13:28:00.096019,697.99,credit_card,temporary_network_issue,13,1,29.0,3,1,0,5,0.029,0,LINK_AFTER_2H,93,0,0.0
660,233,2026-03-24 14:19:33.834767,3345.03,debit_card,temporary_network_issue,14,1,189.5,4,2,0,1,0.247,0,LINK_AFTER_2H,138,1,3280.62
661,233,2026-03-24 15:11:07.573515,8803.86,upi,insufficient_funds,15,1,189.5,4,2,0,1,0.25,1,HUMAN_REVIEW,63,0,0.0
662,91,2026-03-24 16:02:41.312262,5191.99,upi,card_blocked,16,1,286.8,1,3,0,2,0.069,0,LINK_NOW,18,0,0.0
663,459,2026-03-24 16:54:15.051010,7014.04,upi,risk_declined,16,1,17.7,3,2,1,0,0.301,0,HUMAN_REVIEW,50,0,0.0
664,671,2026-03-24 17:45:48.789758,18233.72,debit_card,risk_declined,17,1,104.7,4,0,0,2,0.28,1,LINK_NEXT_MORNING,648,0,0.0
665,233,2026-03-24 18:37:22.528506,547.25,upi,insufficient_funds,18,1,189.5,4,2,0,0,0.058,0,LINK_NEXT_MORNING,666,1,539.46
666,58,2026-03-24 19:28:56.267253,4526.3,upi,insufficient_funds,19,1,17.4,3,0,1,1,0.107,0,LINK_NEXT_MORNING,568,1,4471.09
667,191,2026-03-24 20:20:30.006001,996.07,debit_card,card_blocked,20,1,118.2,3,5,0,2,0.028,0,LINK_NOW,2,0,0.0
668,233,2026-03-24 21:12:03.744749,943.53,debit_card,risk_declined,21,1,189.5,4,2,0,0,0.076,0,LINK_NOW,12,0,0.0
669,233,2026-03-24 22:03:37.483497,3027.62,net_banking,temporary_network_issue,22,1,189.5,4,2,0,2,0.233,0,HUMAN_REVIEW,85,1,2611.62
670,736,2026-03-24 22:55:11.222244,698.03,upi,card_blocked,22,1,190.8,2,1,1,0,0.098,0,LINK_NOW,29,0,0.0
671,375,2026-03-24 23:46:44.960992,2019.56,wallet,insufficient_funds,23,1,60.0,4,1,0,0,0.028,0,NO_CONTACT,0,0,0.0
672,257,2026-03-25 00:38:18.699740,11911.32,debit_card,card_blocked,0,2,335.3,2,0,0,2,0.171,0,LINK_AFTER_2H,107,0,0.0
673,193,2026-03-25 01:29:52.438488,6523.31,wallet,bank_limit_exceeded,1,2,318.6,1,3,0,1,0.121,0,HUMAN_REVIEW,118,0,0.0
674,164,2026-03-25 02:21:26.177235,510.53,debit_card,card_blocked,2,2,214.5,2,2,0,2,0.105,0,LINK_NOW,19,0,0.0
675,233,2026-03-25 03:12:59.915983,383.4,debit_card,bank_limit_exceeded,3,2,189.5,4,2,0,0,0.083,0,LINK_AFTER_2H,104,1,310.08
676,91,2026-03-25 04:04:33.654731,1873.23,wallet,temporary_network_issue,4,2,286.8,1,3,0,1,0.352,0,LINK_AFTER_2H,91,0,0.0
677,747,2026-03-25 04:56:07.393479,1185.69,upi,risk_declined,4,2,19.4,2,2,1,2,0.278,0,NO_CONTACT,0,0,0.0
678,233,2026-03-25 05:47:41.132226,4888.79,net_banking,insufficient_funds,5,2,189.5,4,2,0,2,0.154,0,NO_CONTACT,0,1,4131.98
679,193,2026-03-25 06:39:14.870974,706.87,upi,insufficient_funds,6,2,318.6,1,3,0,3,0.047,0,LINK_NEXT_MORNING,509,0,0.0
680,587,2026-03-25 07:30:48.609722,3323.17,net_banking,insufficient_funds,7,2,343.7,2,0,0,0,0.206,0,HUMAN_REVIEW,105,0,0.0
681,528,2026-03-25 08:22:22.348470,3993.31,debit_card,temporary_network_issue,8,2,25.9,3,2,0,0,0.265,0,NO_CONTACT,0,1,3381.27
682,173,2026-03-25 09:13:56.087217,2225.66,upi,insufficient_funds,9,2,204.8,5,0,0,4,0.232,0,HUMAN_REVIEW,68,0,0.0
683,75,2026-03-25 10:05:29.825965,2663.88,wallet,card_blocked,10,2,400.9,3,3,0,3,0.072,0,LINK_NEXT_MORNING,543,0,0.0
684,71,2026-03-25 10:57:03.564713,25856.96,debit_card,bank_limit_exceeded,10,2,98.3,1,1,0,0,0.195,0,LINK_NEXT_MORNING,714,0,0.0
685,710,2026-03-25 11:48:37.303461,2062.79,debit_card,card_blocked,11,2,103.4,2,0,0,1,0.318,0,LINK_AFTER_2H,143,1,1719.63
686,125,2026-03-25 12:40:11.042208,6829.79,debit_card,insufficient_funds,12,2,176.2,1,4,0,1,0.121,0,LINK_NOW,24,1,5822.69
687,58,2026-03-25 13:31:44.780956,648.01,upi,bank_limit_exceeded,13,2,17.4,3,0,1,0,0.394,0,LINK_AFTER_2H,136,1,599.3
688,747,2026-03-25 14:23:18.519704,1196.33,upi,temporary_network_issue,14,2,19.4,2,2,1,4,0.02,0,LINK_AFTER_2H,96,0,0.0
689,233,2026-03-25 15:14:52.258452,913.83,wallet,card_blocked,15,2,189.5,4,2,0,3,0.089,0,HUMAN_REVIEW,115,0,0.0
690,71,2026-03-25 16:06:25.997199,7762.33,debit_card,risk_declined,16,2,98.3,1,1,0,1,0.229,0,LINK_NOW,7,0,0.0
691,459,2026-03-25 16:57:59.735947,4338.16,net_banking,bank_limit_exceeded,16,2,17.7,3,2,1,0,0.201,0,HUMAN_REVIEW,116,1,3850.89
692,2,2026-03-25 17:49:33.474695,6562.85,upi,temporary_network_issue,17,2,50.1,1,1,1,1,0.21,0,LINK_NOW,22,1,5392.89
693,193,2026-03-25 18:41:07.213443,2256.74,credit_card,risk_declined,18,2,318.6,1,3,0,0,0.226,0,HUMAN_REVIEW,105,0,0.0
694,459,2026-03-25 19:32:40.952190,370.36,net_banking,temporary_network_issue,19,2,17.7,3,2,1,2,0.325,0,LINK_NEXT_MORNING,485,0,0.0
695,233,2026-03-25 20:24:14.690938,4548.61,debit_card,temporary_network_issue,20,2,189.5,4,2,0,1,0.327,0,LINK_NEXT_MORNING,665,0,0.0
696,233,2026-03-25 21:15:48.429686,3677.83,net_banking,temporary_network_issue,21,2,189.5,4,2,0,2,0.31,0,HUMAN_REVIEW,43,0,0.0
697,53,2026-03-25 22:07:22.168434,9550.08,net_banking,temporary_network_issue,22,2,1.2,3,1,0,4,0.029,0,NO_CONTACT,0,1,9513.16
698,58,2026-03-25 22:58:55.907181,4893.28,upi,temporary_network_issue,22,2,17.4,3,0,1,0,0.128,0,LINK_NEXT_MORNING,507,1,4766.93
699,233,2026-03-25 23:50:29.645929,3082.15,debit_card,card_blocked,23,2,189.5,4,2,0,0,0.15,1,HUMAN_REVIEW,34,0,0.0
700,193,2026-03-26 00:42:03.384677,4165.29,credit_card,insufficient_funds,0,3,318.6,1,3,0,2,0.207,0,LINK_AFTER_2H,93,0,0.0
701,710,2026-03-26 01:33:37.123425,7347.67,upi,card_blocked,1,3,103.4,2,0,0,1,0.495,0,LINK_AFTER_2H,145,1,7141.73
702,233,2026-03-26 02:25:10.862172,6915.49,debit_card,card_blocked,2,3,189.5,4,2,0,0,0.126,0,NO_CONTACT,0,0,0.0
703,628,2026-03-26 03:16:44.600920,1475.07,debit_card,risk_declined,3,3,128.2,0,1,0,0,0.132,0,LINK_AFTER_2H,146,0,0.0
704,193,2026-03-26 04:08:18.339668,458.46,debit_card,insufficient_funds,4,3,318.6,1,3,0,2,0.306,0,LINK_NEXT_MORNING,632,0,0.0
705,125,2026-03-26 04:59:52.078416,5870.15,credit_card,risk_declined,4,3,176.2,1,4,0,1,0.2,0,NO_CONTACT,0,0,0.0
706,193,2026-03-26 05:51:25.817163,2527.35,upi,bank_limit_exceeded,5,3,318.6,1,3,0,1,0.409,0,LINK_NOW,26,0,0.0
707,233,2026-03-26 06:42:59.555911,1942.9,net_banking,card_blocked,6,3,189.5,4,2,0,2,0.09,0,LINK_NOW,27,1,1668.73
708,193,2026-03-26 07:34:33.294659,9019.64,net_banking,risk_declined,7,3,318.6,1,3,0,0,0.229,0,HUMAN_REVIEW,33,0,0.0
709,193,2026-03-26 08:26:07.033407,1898.65,net_banking,temporary_network_issue,8,3,318.6,1,3,0,0,0.219,0,LINK_AFTER_2H,118,1,1727.43
710,193,2026-03-26 09:17:40.772154,4152.5,debit_card,bank_limit_exceeded,9,3,318.6,1,3,0,5,0.177,0,LINK_AFTER_2H,130,0,0.0
711,594,2026-03-26 10:09:14.510902,12752.84,debit_card,card_blocked,10,3,29.0,3,1,0,1,0.051,0,LINK_NOW,14,0,0.0
712,193,2026-03-26 11:00:48.249650,4374.86,upi,insufficient_funds,11,3,318.6,1,3,0,1,0.09,0,LINK_NOW,17,1,3763.34
713,710,2026-03-26 11:52:21.988398,1053.65,debit_card,temporary_network_issue,11,3,103.4,2,0,0,1,0.383,0,LINK_AFTER_2H,116,1,991.11
714,48,2026-03-26 12:43:55.727145,1694.47,credit_card,card_blocked,12,3,301.4,2,1,0,2,0.034,0,HUMAN_REVIEW,36,1,1622.69
715,596,2026-03-26 13:35:29.465893,2698.11,net_banking,insufficient_funds,13,3,7.4,2,2,0,0,0.171,0,LINK_NOW,19,1,2416.41
716,173,2026-03-26 14:27:03.204641,5413.8,debit_card,risk_declined,14,3,204.8,5,0,0,1,0.238,0,LINK_NOW,15,0,0.0
717,459,2026-03-26 15:18:36.943389,4600.23,credit_card,insufficient_funds,15,3,17.7,3,2,1,3,0.449,0,LINK_NEXT_MORNING,522,0,0.0
718,596,2026-03-26 16:10:10.682136,1191.43,credit_card,temporary_network_issue,16,3,7.4,2,2,0,2,0.413,0,HUMAN_REVIEW,59,0,0.0
719,71,2026-03-26 17:01:44.420884,4687.17,wallet,card_blocked,17,3,98.3,1,1,0,2,0.232,0,LINK_AFTER_2H,149,0,0.0
720,594,2026-03-26 17:53:18.159632,50000.0,debit_card,risk_declined,17,3,29.0,3,1,0,1,0.069,0,NO_CONTACT,0,0,0.0
721,193,2026-03-26 18:44:51.898380,3631.36,credit_card,card_blocked,18,3,318.6,1,3,0,0,0.135,0,HUMAN_REVIEW,57,1,3224.23
722,459,2026-03-26 19:36:25.637127,1298.4,upi,risk_declined,19,3,17.7,3,2,1,1,0.297,0,LINK_AFTER_2H,129,0,0.0
723,165,2026-03-26 20:27:59.375875,11305.91,upi,bank_limit_exceeded,20,3,218.6,0,0,0,3,0.114,0,LINK_NEXT_MORNING,546,0,0.0
724,193,2026-03-26 21:19:33.114623,1074.03,debit_card,temporary_network_issue,21,3,318.6,1,3,0,0,0.591,0,NO_CONTACT,0,0,0.0
725,459,2026-03-26 22:11:06.853371,13231.94,credit_card,risk_declined,22,3,17.7,3,2,1,3,0.144,0,HUMAN_REVIEW,114,0,0.0
726,233,2026-03-26 23:02:40.592118,2040.84,debit_card,insufficient_funds,23,3,189.5,4,2,0,0,0.172,0,NO_CONTACT,0,0,0.0
727,594,2026-03-26 23:54:14.330866,5168.88,credit_card,risk_declined,23,3,29.0,3,1,0,3,0.108,0,HUMAN_REVIEW,66,0,0.0
728,747,2026-03-27 00:45:48.069614,1233.85,net_banking,insufficient_funds,0,4,19.4,2,2,1,1,0.193,0,HUMAN_REVIEW,88,1,998.47
729,193,2026-03-27 01:37:21.808362,4311.91,debit_card,bank_limit_exceeded,1,4,318.6,1,3,0,1,0.16,0,LINK_NOW,19,1,3963.22
730,233,2026-03-27 02:28:55.547109,3810.74,debit_card,insufficient_funds,2,4,189.5,4,2,0,4,0.524,0,LINK_NOW,8,0,0.0
731,295,2026-03-27 03:20:29.285857,8579.22,net_banking,insufficient_funds,3,4,292.9,2,1,3,3,0.189,0,LINK_NEXT_MORNING,642,0,0.0
732,459,2026-03-27 04:12:03.024605,1649.93,net_banking,insufficient_funds,4,4,17.7,3,2,1,1,0.22,0,NO_CONTACT,0,0,0.0
733,386,2026-03-27 05:03:36.763353,11874.34,upi,insufficient_funds,5,4,6.5,3,1,1,1,0.116,1,HUMAN_REVIEW,87,1,11785.44
734,710,2026-03-27 05:55:10.502100,4273.67,net_banking,temporary_network_issue,5,4,103.4,2,0,0,0,0.093,0,NO_CONTACT,0,0,0.0
735,453,2026-03-27 06:46:44.240848,199.95,debit_card,temporary_network_issue,6,4,327.6,1,3,0,0,0.27,0,LINK_NEXT_MORNING,600,0,0.0
736,594,2026-03-27 07:38:17.979596,3611.14,upi,bank_limit_exceeded,7,4,29.0,3,1,0,0,0.288,0,LINK_NOW,9,1,3166.17
737,459,2026-03-27 08:29:51.718344,199.0,credit_card,temporary_network_issue,8,4,17.7,3,2,1,0,0.373,0,HUMAN_REVIEW,88,0,0.0
738,233,2026-03-27 09:21:25.457091,499.14,credit_card,insufficient_funds,9,4,189.5,4,2,0,1,0.253,0,LINK_AFTER_2H,142,0,0.0
739,11,2026-03-27 10:12:59.195839,1729.7,upi,card_blocked,10,4,55.1,2,1,0,0,0.222,0,LINK_AFTER_2H,110,1,1521.12
740,459,2026-03-27 11:04:32.934587,297.15,debit_card,insufficient_funds,11,4,17.7,3,2,1,4,0.153,0,NO_CONTACT,0,0,0.0
741,710,2026-03-27 11:56:06.673335,969.83,debit_card,risk_declined,11,4,103.4,2,0,0,0,0.157,0,LINK_NEXT_MORNING,522,0,0.0
742,193,2026-03-27 12:47:40.412082,2182.58,upi,temporary_network_issue,12,4,318.6,1,3,0,2,0.327,0,LINK_AFTER_2H,130,0,0.0
743,594,2026-03-27 13:39:14.150830,2208.27,net_banking,card_blocked,13,4,29.0,3,1,0,1,0.246,0,NO_CONTACT,0,1,1877.88
744,710,2026-03-27 14:30:47.889578,801.21,upi,insufficient_funds,14,4,103.4,2,0,0,1,0.389,0,LINK_NEXT_MORNING,522,1,676.85
745,199,2026-03-27 15:22:21.628326,2895.44,upi,insufficient_funds,15,4,187.7,4,1,0,2,0.414,0,NO_CONTACT,0,0,0.0
746,71,2026-03-27 16:13:55.367073,12677.35,credit_card,risk_declined,16,4,98.3,1,1,0,2,0.083,0,LINK_AFTER_2H,113,0,0.0
747,459,2026-03-27 17:05:29.105821,2214.24,net_banking,temporary_network_issue,17,4,17.7,3,2,1,3,0.281,0,LINK_AFTER_2H,128,0,0.0
748,193,2026-03-27 17:57:02.844569,1306.73,wallet,bank_limit_exceeded,17,4,318.6,1,3,0,1,0.102,0,LINK_NOW,0,1,1243.33
749,710,2026-03-27 18:48:36.583317,3935.47,debit_card,temporary_network_issue,18,4,103.4,2,0,0,1,0.107,0,LINK_NOW,13,1,3599.32
750,233,2026-03-27 19:40:10.322064,718.61,net_banking,risk_declined,19,4,189.5,4,2,0,2,0.355,0,LINK_NOW,10,1,687.99
751,329,2026-03-27 20:31:44.060812,9040.26,net_banking,bank_limit_exceeded,20,4,16.6,1,0,0,0,0.219,0,LINK_NOW,13,0,0.0
752,459,2026-03-27 21:23:17.799560,10450.98,credit_card,insufficient_funds,21,4,17.7,3,2,1,1,0.206,0,HUMAN_REVIEW,52,0,0.0
753,91,2026-03-27 22:14:51.538308,25366.75,credit_card,risk_declined,22,4,286.8,1,3,0,0,0.127,0,LINK_NEXT_MORNING,497,0,0.0
754,152,2026-03-27 23:06:25.277055,4552.16,debit_card,insufficient_funds,23,4,60.0,1,1,0,0,0.192,0,HUMAN_REVIEW,91,0,0.0
755,193,2026-03-27 23:57:59.015803,706.52,debit_card,card_blocked,23,4,318.6,1,3,0,0,0.067,0,NO_CONTACT,0,1,609.1
756,378,2026-03-28 00:49:32.754551,8426.66,debit_card,card_blocked,0,5,57.1,1,0,0,1,0.221,0,NO_CONTACT,0,0,0.0
757,443,2026-03-28 01:41:06.493299,373.13,wallet,temporary_network_issue,1,5,59.3,1,1,0,2,0.148,0,NO_CONTACT,0,0,0.0
758,710,2026-03-28 02:32:40.232046,10664.32,credit_card,insufficient_funds,2,5,103.4,2,0,0,0,0.132,0,HUMAN_REVIEW,56,0,0.0
759,257,2026-03-28 03:24:13.970794,2978.62,debit_card,card_blocked,3,5,335.3,2,0,0,2,0.119,0,HUMAN_REVIEW,73,0,0.0
760,193,2026-03-28 04:15:47.709542,1379.55,debit_card,risk_declined,4,5,318.6,1,3,0,1,0.051,0,LINK_AFTER_2H,135,0,0.0
761,596,2026-03-28 05:07:21.448290,1533.89,wallet,bank_limit_exceeded,5,5,7.4,2,2,0,1,0.215,0,LINK_AFTER_2H,101,0,0.0
762,58,2026-03-28 05:58:55.187037,2020.24,debit_card,card_blocked,5,5,17.4,3,0,1,1,0.264,0,LINK_AFTER_2H,124,0,0.0
763,459,2026-03-28 06:50:28.925785,9776.04,upi,insufficient_funds,6,5,17.7,3,2,1,2,0.303,0,HUMAN_REVIEW,45,1,8812.28
764,233,2026-03-28 07:42:02.664533,272.32,net_banking,risk_declined,7,5,189.5,4,2,0,0,0.416,0,LINK_NOW,20,1,256.64
765,71,2026-03-28 08:33:36.403281,4093.27,net_banking,risk_declined,8,5,98.3,1,1,0,0,0.037,1,HUMAN_REVIEW,93,0,0.0
766,459,2026-03-28 09:25:10.142028,6550.63,credit_card,temporary_network_issue,9,5,17.7,3,2,1,3,0.174,0,NO_CONTACT,0,0,0.0
767,233,2026-03-28 10:16:43.880776,679.01,credit_card,insufficient_funds,10,5,189.5,4,2,0,0,0.213,0,LINK_NOW,26,1,608.0
768,125,2026-03-28 11:08:17.619524,20297.8,credit_card,risk_declined,11,5,176.2,1,4,0,1,0.339,0,LINK_NEXT_MORNING,492,0,0.0
769,91,2026-03-28 11:59:51.358272,10669.02,credit_card,risk_declined,11,5,286.8,1,3,0,0,0.048,0,LINK_NEXT_MORNING,657,0,0.0
770,710,2026-03-28 12:51:25.097019,1088.4,debit_card,insufficient_funds,12,5,103.4,2,0,0,5,0.312,0,LINK_AFTER_2H,97,0,0.0
771,534,2026-03-28 13:42:58.835767,3284.8,net_banking,bank_limit_exceeded,13,5,21.6,3,2,0,4,0.13,1,NO_CONTACT,0,0,0.0
772,71,2026-03-28 14:34:32.574515,790.13,credit_card,temporary_network_issue,14,5,98.3,1,1,0,1,0.25,0,LINK_NEXT_MORNING,663,0,0.0
773,459,2026-03-28 15:26:06.313263,1576.95,credit_card,bank_limit_exceeded,15,5,17.7,3,2,1,1,0.057,1,LINK_NEXT_MORNING,663,0,0.0
774,193,2026-03-28 16:17:40.052010,386.1,net_banking,temporary_network_issue,16,5,318.6,1,3,0,1,0.219,0,LINK_NEXT_MORNING,615,0,0.0
775,596,2026-03-28 17:09:13.790758,2669.83,credit_card,temporary_network_issue,17,5,7.4,2,2,0,0,0.345,0,NO_CONTACT,0,0,0.0
776,233,2026-03-28 18:00:47.529506,550.92,credit_card,insufficient_funds,18,5,189.5,4,2,0,0,0.041,0,LINK_NOW,15,1,493.83
777,747,2026-03-28 18:52:21.268254,763.54,wallet,risk_declined,18,5,19.4,2,2,1,0,0.282,1,HUMAN_REVIEW,116,0,0.0
778,301,2026-03-28 19:43:55.007001,4224.67,credit_card,temporary_network_issue,19,5,235.3,3,1,0,1,0.182,0,LINK_AFTER_2H,134,1,3564.53
779,594,2026-03-28 20:35:28.745749,3650.22,debit_card,risk_declined,20,5,29.0,3,1,0,0,0.363,0,LINK_AFTER_2H,123,0,0.0
780,710,2026-03-28 21:27:02.484497,844.95,credit_card,insufficient_funds,21,5,103.4,2,0,0,0,0.134,0,HUMAN_REVIEW,53,1,700.62
781,193,2026-03-28 22:18:36.223245,424.87,upi,risk_declined,22,5,318.6,1,3,0,1,0.371,0,LINK_NOW,21,0,0.0
782,125,2026-03-28 23:10:09.961992,4968.39,net_banking,temporary_network_issue,23,5,176.2,1,4,0,1,0.091,0,HUMAN_REVIEW,50,1,4279.47
783,193,2026-03-29 00:01:43.700740,5766.1,credit_card,insufficient_funds,0,6,318.6,1,3,0,0,0.148,0,LINK_AFTER_2H,102,0,0.0
784,193,2026-03-29 00:53:17.439488,8565.5,net_banking,insufficient_funds,0,6,318.6,1,3,0,1,0.063,0,LINK_NEXT_MORNING,529,1,7506.38
785,548,2026-03-29 01:44:51.178236,8613.14,credit_card,insufficient_funds,1,6,86.4,6,2,0,1,0.153,0,LINK_AFTER_2H,140,0,0.0
786,710,2026-03-29 02:36:24.916983,3821.72,debit_card,risk_declined,2,6,103.4,2,0,0,2,0.205,0,HUMAN_REVIEW,33,0,0.0
787,257,2026-03-29 03:27:58.655731,2052.59,net_banking,temporary_network_issue,3,6,335.3,2,0,0,0,0.079,0,NO_CONTACT,0,0,0.0
788,193,2026-03-29 04:19:32.394479,1278.04,credit_card,insufficient_funds,4,6,318.6,1,3,0,0,0.154,0,LINK_NOW,28,1,1262.86
789,459,2026-03-29 05:11:06.133227,5136.95,debit_card,insufficient_funds,5,6,17.7,3,2,1,1,0.147,0,LINK_NOW,29,0,0.0
790,543,2026-03-29 06:02:39.871974,806.93,debit_card,temporary_network_issue,6,6,92.1,0,3,0,1,0.053,0,LINK_NOW,27,0,0.0
791,193,2026-03-29 06:54:13.610722,4252.95,upi,insufficient_funds,6,6,318.6,1,3,0,0,0.191,0,LINK_AFTER_2H,93,0,0.0
792,71,2026-03-29 07:45:47.349470,333.61,wallet,temporary_network_issue,7,6,98.3,1,1,0,0,0.349,0,NO_CONTACT,0,0,0.0
793,83,2026-03-29 08:37:21.088218,5247.16,net_banking,card_blocked,8,6,208.1,4,0,0,1,0.151,1,NO_CONTACT,0,0,0.0
794,125,2026-03-29 09:28:54.826965,3286.87,upi,temporary_network_issue,9,6,176.2,1,4,0,1,0.266,0,LINK_AFTER_2H,110,0,0.0
795,233,2026-03-29 10:20:28.565713,877.49,net_banking,temporary_network_issue,10,6,189.5,4,2,0,1,0.089,0,LINK_AFTER_2H,123,1,703.22
796,521,2026-03-29 11:12:02.304461,2273.1,upi,insufficient_funds,11,6,249.5,2,2,1,3,0.206,0,LINK_NOW,8,1,2032.23
797,91,2026-03-29 12:03:36.043209,2185.27,debit_card,insufficient_funds,12,6,286.8,1,3,0,0,0.426,0,NO_CONTACT,0,0,0.0
798,91,2026-03-29 12:55:09.781956,19038.85,net_banking,risk_declined,12,6,286.8,1,3,0,2,0.358,0,NO_CONTACT,0,1,16329.28
799,459,2026-03-29 13:46:43.520704,1831.04,upi,bank_limit_exceeded,13,6,17.7,3,2,1,0,0.044,0,HUMAN_REVIEW,54,0,0.0
800,173,2026-03-29 14:38:17.259452,3546.26,upi,temporary_network_issue,14,6,204.8,5,0,0,2,0.085,0,LINK_AFTER_2H,130,1,3181.79
801,685,2026-03-29 15:29:50.998200,4588.11,credit_card,insufficient_funds,15,6,581.8,1,2,0,2,0.109,0,HUMAN_REVIEW,114,0,0.0
802,594,2026-03-29 16:21:24.736947,1811.58,credit_card,temporary_network_issue,16,6,29.0,3,1,0,1,0.124,0,LINK_NOW,3,1,1640.68
803,233,2026-03-29 17:12:58.475695,15509.33,upi,risk_declined,17,6,189.5,4,2,0,2,0.198,0,LINK_NEXT_MORNING,543,0,0.0
804,594,2026-03-29 18:04:32.214443,2886.7,net_banking,card_blocked,18,6,29.0,3,1,0,0,0.414,0,LINK_AFTER_2H,105,0,0.0
805,91,2026-03-29 18:56:05.953191,199.0,wallet,risk_declined,18,6,286.8,1,3,0,0,0.202,0,NO_CONTACT,0,0,0.0
806,193,2026-03-29 19:47:39.691938,2605.4,upi,insufficient_funds,19,6,318.6,1,3,0,2,0.265,0,LINK_AFTER_2H,114,0,0.0
807,193,2026-03-29 20:39:13.430686,34907.8,upi,card_blocked,20,6,318.6,1,3,0,1,0.195,0,LINK_AFTER_2H,129,1,33964.88
808,193,2026-03-29 21:30:47.169434,1373.67,debit_card,card_blocked,21,6,318.6,1,3,0,0,0.057,0,LINK_AFTER_2H,96,0,0.0
809,613,2026-03-29 22:22:20.908182,4150.61,debit_card,temporary_network_issue,22,6,832.2,2,1,0,0,0.362,0,LINK_NOW,29,1,3634.77
810,233,2026-03-29 23:13:54.646929,1133.48,net_banking,temporary_network_issue,23,6,189.5,4,2,0,0,0.31,0,LINK_NOW,12,0,0.0
811,594,2026-03-30 00:05:28.385677,2068.58,upi,temporary_network_issue,0,0,29.0,3,1,0,4,0.152,0,LINK_AFTER_2H,94,0,0.0
812,233,2026-03-30 00:57:02.124425,9990.17,net_banking,risk_declined,0,0,189.5,4,2,0,2,0.164,0,HUMAN_REVIEW,69,0,0.0
813,193,2026-03-30 01:48:35.863173,6298.3,debit_card,bank_limit_exceeded,1,0,318.6,1,3,0,0,0.017,0,LINK_AFTER_2H,110,0,0.0
814,233,2026-03-30 02:40:09.601920,3706.07,upi,insufficient_funds,2,0,189.5,4,2,0,1,0.275,0,LINK_AFTER_2H,123,0,0.0
815,205,2026-03-30 03:31:43.340668,2889.46,net_banking,temporary_network_issue,3,0,181.9,2,1,0,0,0.394,0,LINK_NOW,15,0,0.0
816,58,2026-03-30 04:23:17.079416,2119.15,upi,bank_limit_exceeded,4,0,17.4,3,0,1,2,0.106,0,HUMAN_REVIEW,51,0,0.0
817,459,2026-03-30 05:14:50.818164,3412.3,debit_card,insufficient_funds,5,0,17.7,3,2,1,1,0.091,1,LINK_NEXT_MORNING,570,0,0.0
818,459,2026-03-30 06:06:24.556911,9828.15,credit_card,temporary_network_issue,6,0,17.7,3,2,1,1,0.106,0,HUMAN_REVIEW,90,1,9340.21
819,83,2026-03-30 06:57:58.295659,2524.46,debit_card,insufficient_funds,6,0,208.1,4,0,0,3,0.255,0,NO_CONTACT,0,0,0.0
820,71,2026-03-30 07:49:32.034407,3617.41,debit_card,insufficient_funds,7,0,98.3,1,1,0,2,0.115,0,LINK_AFTER_2H,99,0,0.0
821,222,2026-03-30 08:41:05.773155,644.8,wallet,bank_limit_exceeded,8,0,220.2,1,1,0,2,0.129,0,LINK_NOW,8,0,0.0
822,6,2026-03-30 09:32:39.511902,912.59,credit_card,temporary_network_issue,9,0,196.2,0,2,0,0,0.388,0,LINK_NOW,14,0,0.0
823,233,2026-03-30 10:24:13.250650,13392.58,upi,card_blocked,10,0,189.5,4,2,0,2,0.244,0,NO_CONTACT,0,0,0.0
824,193,2026-03-30 11:15:46.989398,6833.98,wallet,insufficient_funds,11,0,318.6,1,3,0,0,0.214,0,LINK_AFTER_2H,144,0,0.0
825,193,2026-03-30 12:07:20.728146,4578.24,credit_card,insufficient_funds,12,0,318.6,1,3,0,2,0.296,0,LINK_NEXT_MORNING,610,1,3739.51
826,747,2026-03-30 12:58:54.466893,9423.28,upi,risk_declined,12,0,19.4,2,2,1,0,0.109,0,NO_CONTACT,0,1,7545.83
827,71,2026-03-30 13:50:28.205641,3670.99,debit_card,temporary_network_issue,13,0,98.3,1,1,0,0,0.277,0,HUMAN_REVIEW,106,0,0.0
828,193,2026-03-30 14:42:01.944389,3573.77,upi,insufficient_funds,14,0,318.6,1,3,0,0,0.154,0,LINK_NOW,25,0,0.0
829,233,2026-03-30 15:33:35.683137,1641.79,credit_card,bank_limit_exceeded,15,0,189.5,4,2,0,4,0.261,0,NO_CONTACT,0,0,0.0
830,91,2026-03-30 16:25:09.421884,3391.24,wallet,temporary_network_issue,16,0,286.8,1,3,0,3,0.09,0,NO_CONTACT,0,0,0.0
831,193,2026-03-30 17:16:43.160632,688.92,net_banking,temporary_network_issue,17,0,318.6,1,3,0,2,0.112,0,LINK_AFTER_2H,145,1,652.81
832,233,2026-03-30 18:08:16.899380,840.34,upi,card_blocked,18,0,189.5,4,2,0,0,0.144,0,NO_CONTACT,0,1,680.07
833,233,2026-03-30 18:59:50.638128,956.51,net_banking,insufficient_funds,18,0,189.5,4,2,0,3,0.202,0,HUMAN_REVIEW,94,1,891.66
834,91,2026-03-30 19:51:24.376875,17677.36,debit_card,temporary_network_issue,19,0,286.8,1,3,0,0,0.069,0,LINK_NEXT_MORNING,590,1,16162.26
835,594,2026-03-30 20:42:58.115623,2476.18,credit_card,card_blocked,20,0,29.0,3,1,0,2,0.104,0,LINK_AFTER_2H,98,0,0.0
836,710,2026-03-30 21:34:31.854371,3838.09,credit_card,insufficient_funds,21,0,103.4,2,0,0,2,0.073,0,LINK_AFTER_2H,128,0,0.0
837,193,2026-03-30 22:26:05.593119,1197.09,debit_card,card_blocked,22,0,318.6,1,3,0,1,0.107,0,LINK_AFTER_2H,115,1,989.44
838,389,2026-03-30 23:17:39.331866,2063.23,upi,temporary_network_issue,23,0,195.4,3,1,1,3,0.083,0,LINK_NEXT_MORNING,497,0,0.0
839,710,2026-03-31 00:09:13.070614,1373.67,credit_card,card_blocked,0,1,103.4,2,0,0,3,0.167,0,HUMAN_REVIEW,101,1,1275.26
840,193,2026-03-31 01:00:46.809362,562.27,wallet,insufficient_funds,1,1,318.6,1,3,0,1,0.057,0,LINK_NEXT_MORNING,494,0,0.0
841,459,2026-03-31 01:52:20.548110,959.32,upi,bank_limit_exceeded,1,1,17.7,3,2,1,1,0.177,0,LINK_AFTER_2H,135,1,894.1
842,233,2026-03-31 02:43:54.286857,361.24,debit_card,risk_declined,2,1,189.5,4,2,0,3,0.212,0,LINK_AFTER_2H,111,0,0.0
843,594,2026-03-31 03:35:28.025605,3192.47,debit_card,insufficient_funds,3,1,29.0,3,1,0,1,0.445,0,HUMAN_REVIEW,67,0,0.0
844,193,2026-03-31 04:27:01.764353,7991.77,upi,bank_limit_exceeded,4,1,318.6,1,3,0,1,0.091,0,LINK_NEXT_MORNING,525,0,0.0
845,222,2026-03-31 05:18:35.503101,1629.38,credit_card,temporary_network_issue,5,1,220.2,1,1,0,0,0.1,0,HUMAN_REVIEW,33,1,1612.8
846,414,2026-03-31 06:10:09.241848,4543.54,debit_card,card_blocked,6,1,49.8,2,2,0,1,0.18,0,LINK_AFTER_2H,110,1,4191.39
847,233,2026-03-31 07:01:42.980596,1793.73,credit_card,risk_declined,7,1,189.5,4,2,0,4,0.045,1,LINK_NEXT_MORNING,687,0,0.0
848,305,2026-03-31 07:53:16.719344,7022.75,wallet,insufficient_funds,7,1,21.6,3,1,0,2,0.178,0,LINK_NEXT_MORNING,525,1,6705.21
849,173,2026-03-31 08:44:50.458092,2100.37,net_banking,insufficient_funds,8,1,204.8,5,0,0,2,0.325,0,LINK_AFTER_2H,114,0,0.0
850,710,2026-03-31 09:36:24.196839,14581.34,debit_card,insufficient_funds,9,1,103.4,2,0,0,2,0.207,0,NO_CONTACT,0,1,13552.41
851,312,2026-03-31 10:27:57.935587,1550.83,debit_card,temporary_network_issue,10,1,21.8,1,1,0,0,0.148,0,LINK_AFTER_2H,112,0,0.0
852,193,2026-03-31 11:19:31.674335,18306.38,debit_card,insufficient_funds,11,1,318.6,1,3,0,2,0.079,0,HUMAN_REVIEW,46,0,0.0
853,193,2026-03-31 12:11:05.413083,481.68,credit_card,temporary_network_issue,12,1,318.6,1,3,0,2,0.271,0,LINK_NEXT_MORNING,575,0,0.0
854,71,2026-03-31 13:02:39.151830,2906.67,upi,insufficient_funds,13,1,98.3,1,1,0,1,0.317,0,HUMAN_REVIEW,95,0,0.0
855,747,2026-03-31 13:54:12.890578,1262.99,debit_card,card_blocked,13,1,19.4,2,2,1,0,0.096,0,LINK_NOW,0,0,0.0
856,358,2026-03-31 14:45:46.629326,4416.38,net_banking,insufficient_funds,14,1,177.3,3,1,0,0,0.123,0,LINK_AFTER_2H,136,1,3726.77
857,606,2026-03-31 15:37:20.368074,569.56,credit_card,temporary_network_issue,15,1,104.3,2,2,0,2,0.118,0,LINK_NEXT_MORNING,680,0,0.0
858,459,2026-03-31 16:28:54.106821,769.29,debit_card,insufficient_funds,16,1,17.7,3,2,1,1,0.069,0,NO_CONTACT,0,0,0.0
859,233,2026-03-31 17:20:27.845569,1101.88,credit_card,card_blocked,17,1,189.5,4,2,0,2,0.352,0,NO_CONTACT,0,0,0.0
860,91,2026-03-31 18:12:01.584317,971.91,upi,risk_declined,18,1,286.8,1,3,0,2,0.207,0,HUMAN_REVIEW,119,1,789.6
861,173,2026-03-31 19:03:35.323065,1768.4,upi,insufficient_funds,19,1,204.8,5,0,0,0,0.281,0,LINK_NEXT_MORNING,656,1,1636.67
862,477,2026-03-31 19:55:09.061812,310.0,credit_card,risk_declined,19,1,231.7,4,2,0,0,0.079,0,LINK_AFTER_2H,124,0,0.0
863,233,2026-03-31 20:46:42.800560,4222.02,credit_card,risk_declined,20,1,189.5,4,2,0,2,0.285,0,NO_CONTACT,0,0,0.0
864,747,2026-03-31 21:38:16.539308,5649.95,upi,bank_limit_exceeded,21,1,19.4,2,2,1,0,0.275,0,LINK_NEXT_MORNING,539,0,0.0
865,459,2026-03-31 22:29:50.278056,215.67,credit_card,temporary_network_issue,22,1,17.7,3,2,1,1,0.321,0,LINK_NEXT_MORNING,485,0,0.0
866,747,2026-03-31 23:21:24.016803,7676.89,debit_card,insufficient_funds,23,1,19.4,2,2,1,0,0.104,0,LINK_NOW,21,1,7493.7
867,710,2026-04-01 00:12:57.755551,720.62,debit_card,insufficient_funds,0,2,103.4,2,0,0,2,0.058,0,NO_CONTACT,0,0,0.0
868,310,2026-04-01 01:04:31.494299,1346.65,credit_card,temporary_network_issue,1,2,294.6,1,0,0,2,0.127,0,LINK_AFTER_2H,130,0,0.0
869,345,2026-04-01 01:56:05.233047,2417.43,net_banking,card_blocked,1,2,179.4,0,1,0,4,0.094,0,LINK_AFTER_2H,98,1,2103.02
870,233,2026-04-01 02:47:38.971794,1559.11,debit_card,temporary_network_issue,2,2,189.5,4,2,0,1,0.48,0,LINK_NOW,19,0,0.0
871,173,2026-04-01 03:39:12.710542,728.34,debit_card,card_blocked,3,2,204.8,5,0,0,0,0.252,0,LINK_AFTER_2H,138,1,628.91
872,233,2026-04-01 04:30:46.449290,1109.57,debit_card,insufficient_funds,4,2,189.5,4,2,0,1,0.156,0,LINK_NEXT_MORNING,505,0,0.0
873,173,2026-04-01 05:22:20.188038,2153.53,upi,insufficient_funds,5,2,204.8,5,0,0,1,0.12,0,HUMAN_REVIEW,63,0,0.0
874,193,2026-04-01 06:13:53.926785,1633.75,credit_card,bank_limit_exceeded,6,2,318.6,1,3,0,3,0.169,0,LINK_NEXT_MORNING,718,1,1373.24
875,126,2026-04-01 07:05:27.665533,1269.22,debit_card,bank_limit_exceeded,7,2,375.3,2,1,1,2,0.073,0,HUMAN_REVIEW,103,0,0.0
876,459,2026-04-01 07:57:01.404281,1462.31,debit_card,card_blocked,7,2,17.7,3,2,1,2,0.131,0,NO_CONTACT,0,0,0.0
877,233,2026-04-01 08:48:35.143029,4651.21,upi,insufficient_funds,8,2,189.5,4,2,0,1,0.056,0,LINK_AFTER_2H,131,1,4638.8
878,459,2026-04-01 09:40:08.881776,2408.28,credit_card,bank_limit_exceeded,9,2,17.7,3,2,1,1,0.314,0,LINK_NOW,29,1,2114.77
879,459,2026-04-01 10:31:42.620524,387.19,upi,insufficient_funds,10,2,17.7,3,2,1,0,0.054,0,NO_CONTACT,0,0,0.0
880,233,2026-04-01 11:23:16.359272,2721.28,net_banking,card_blocked,11,2,189.5,4,2,0,1,0.134,0,LINK_AFTER_2H,93,0,0.0
881,594,2026-04-01 12:14:50.098020,8118.66,upi,insufficient_funds,12,2,29.0,3,1,0,3,0.262,0,LINK_NOW,6,0,0.0
882,91,2026-04-01 13:06:23.836767,3183.66,net_banking,card_blocked,13,2,286.8,1,3,0,1,0.224,0,LINK_NOW,1,1,2621.27
883,233,2026-04-01 13:57:57.575515,13784.47,net_banking,risk_declined,13,2,189.5,4,2,0,1,0.138,0,LINK_NEXT_MORNING,488,0,0.0
884,193,2026-04-01 14:49:31.314263,341.46,upi,risk_declined,14,2,318.6,1,3,0,0,0.277,0,NO_CONTACT,0,0,0.0
885,426,2026-04-01 15:41:05.053011,1482.36,net_banking,card_blocked,15,2,128.1,2,2,0,2,0.123,0,LINK_NEXT_MORNING,548,0,0.0
886,665,2026-04-01 16:32:38.791758,24698.7,upi,bank_limit_exceeded,16,2,144.3,2,0,1,0,0.4,0,HUMAN_REVIEW,38,0,0.0
887,176,2026-04-01 17:24:12.530506,4549.78,credit_card,temporary_network_issue,17,2,210.4,1,1,0,1,0.166,0,LINK_NEXT_MORNING,504,0,0.0
888,663,2026-04-01 18:15:46.269254,477.23,debit_card,card_blocked,18,2,124.3,4,1,0,0,0.226,0,NO_CONTACT,0,0,0.0
889,233,2026-04-01 19:07:20.008002,4550.39,upi,temporary_network_issue,19,2,189.5,4,2,0,1,0.184,0,LINK_NEXT_MORNING,519,0,0.0
890,91,2026-04-01 19:58:53.746749,1914.37,upi,insufficient_funds,19,2,286.8,1,3,0,2,0.179,0,LINK_AFTER_2H,92,1,1650.7
891,193,2026-04-01 20:50:27.485497,6674.26,upi,risk_declined,20,2,318.6,1,3,0,0,0.209,0,LINK_NEXT_MORNING,504,0,0.0
892,58,2026-04-01 21:42:01.224245,1862.03,net_banking,risk_declined,21,2,17.4,3,0,1,0,0.129,0,LINK_AFTER_2H,140,0,0.0
893,249,2026-04-01 22:33:34.962993,7553.92,wallet,insufficient_funds,22,2,209.8,1,0,0,0,0.179,0,NO_CONTACT,0,0,0.0
894,71,2026-04-01 23:25:08.701740,2046.13,credit_card,insufficient_funds,23,2,98.3,1,1,0,0,0.062,0,NO_CONTACT,0,0,0.0
895,459,2026-04-02 00:16:42.440488,3523.69,credit_card,insufficient_funds,0,3,17.7,3,2,1,0,0.052,0,LINK_NEXT_MORNING,600,0,0.0
896,747,2026-04-02 01:08:16.179236,12897.93,credit_card,risk_declined,1,3,19.4,2,2,1,1,0.181,0,LINK_AFTER_2H,107,1,11356.95
897,91,2026-04-02 01:59:49.917984,3135.81,wallet,insufficient_funds,1,3,286.8,1,3,0,1,0.505,0,LINK_NOW,13,0,0.0
898,697,2026-04-02 02:51:23.656731,612.35,debit_card,insufficient_funds,2,3,762.8,2,1,0,0,0.24,0,LINK_NEXT_MORNING,666,1,606.08
899,314,2026-04-02 03:42:57.395479,770.45,upi,insufficient_funds,3,3,126.7,3,7,0,1,0.575,0,LINK_NEXT_MORNING,682,0,0.0
900,459,2026-04-02 04:34:31.134227,11141.58,credit_card,insufficient_funds,4,3,17.7,3,2,1,1,0.196,0,LINK_AFTER_2H,112,0,0.0
901,613,2026-04-02 05:26:04.872975,199.0,debit_card,card_blocked,5,3,832.2,2,1,0,0,0.023,0,LINK_NEXT_MORNING,666,1,197.82
902,173,2026-04-02 06:17:38.611722,1017.38,net_banking,bank_limit_exceeded,6,3,204.8,5,0,0,1,0.256,0,LINK_NOW,1,0,0.0
903,125,2026-04-02 07:09:12.350470,50000.0,debit_card,insufficient_funds,7,3,176.2,1,4,0,2,0.113,0,LINK_NEXT_MORNING,532,0,0.0
904,193,2026-04-02 08:00:46.089218,1641.11,credit_card,insufficient_funds,8,3,318.6,1,3,0,1,0.23,1,LINK_NEXT_MORNING,705,0,0.0
905,173,2026-04-02 08:52:19.827966,3686.86,debit_card,risk_declined,8,3,204.8,5,0,0,0,0.104,0,NO_CONTACT,0,0,0.0
906,459,2026-04-02 09:43:53.566713,985.19,credit_card,risk_declined,9,3,17.7,3,2,1,0,0.221,0,LINK_NEXT_MORNING,526,0,0.0
907,193,2026-04-02 10:35:27.305461,4270.74,debit_card,insufficient_funds,10,3,318.6,1,3,0,3,0.248,0,LINK_NEXT_MORNING,631,0,0.0
908,173,2026-04-02 11:27:01.044209,6238.25,credit_card,insufficient_funds,11,3,204.8,5,0,0,0,0.214,0,LINK_NEXT_MORNING,540,1,6217.43
909,233,2026-04-02 12:18:34.782957,1631.65,net_banking,bank_limit_exceeded,12,3,189.5,4,2,0,4,0.147,0,LINK_NOW,17,0,0.0
910,459,2026-04-02 13:10:08.521704,2782.33,credit_card,card_blocked,13,3,17.7,3,2,1,0,0.227,0,LINK_AFTER_2H,137,1,2603.61
911,519,2026-04-02 14:01:42.260452,637.62,debit_card,bank_limit_exceeded,14,3,150.2,2,2,0,0,0.271,0,LINK_AFTER_2H,146,0,0.0
912,71,2026-04-02 14:53:15.999200,1322.31,credit_card,insufficient_funds,14,3,98.3,1,1,0,3,0.258,0,NO_CONTACT,0,0,0.0
913,594,2026-04-02 15:44:49.737948,2520.73,debit_card,card_blocked,15,3,29.0,3,1,0,0,0.184,0,NO_CONTACT,0,0,0.0
914,125,2026-04-02 16:36:23.476695,26077.32,debit_card,card_blocked,16,3,176.2,1,4,0,2,0.222,0,NO_CONTACT,0,0,0.0
915,679,2026-04-02 17:27:57.215443,448.09,upi,risk_declined,17,3,166.9,1,2,0,2,0.046,0,HUMAN_REVIEW,95,0,0.0
916,487,2026-04-02 18:19:30.954191,4702.68,net_banking,bank_limit_exceeded,18,3,334.2,0,3,0,2,0.318,0,LINK_NEXT_MORNING,556,1,3865.58
917,521,2026-04-02 19:11:04.692939,7996.82,upi,insufficient_funds,19,3,249.5,2,2,1,1,0.129,0,LINK_AFTER_2H,109,0,0.0
918,91,2026-04-02 20:02:38.431686,1717.47,upi,card_blocked,20,3,286.8,1,3,0,1,0.129,0,LINK_NEXT_MORNING,550,0,0.0
919,594,2026-04-02 20:54:12.170434,5592.33,net_banking,insufficient_funds,20,3,29.0,3,1,0,2,0.116,0,NO_CONTACT,0,0,0.0
920,49,2026-04-02 21:45:45.909182,9015.39,upi,risk_declined,21,3,73.4,1,1,0,0,0.025,0,NO_CONTACT,0,0,0.0
921,193,2026-04-02 22:37:19.647930,26886.89,net_banking,risk_declined,22,3,318.6,1,3,0,2,0.109,0,NO_CONTACT,0,0,0.0
922,193,2026-04-02 23:28:53.386677,22023.83,net_banking,risk_declined,23,3,318.6,1,3,0,0,0.068,0,HUMAN_REVIEW,102,1,21303.87
923,193,2026-04-03 00:20:27.125425,199.0,net_banking,insufficient_funds,0,4,318.6,1,3,0,2,0.286,0,HUMAN_REVIEW,63,0,0.0
924,594,2026-04-03 01:12:00.864173,1356.25,debit_card,insufficient_funds,1,4,29.0,3,1,0,2,0.241,0,LINK_NOW,21,0,0.0
925,233,2026-04-03 02:03:34.602921,4209.15,debit_card,insufficient_funds,2,4,189.5,4,2,0,1,0.202,0,LINK_AFTER_2H,90,0,0.0
926,594,2026-04-03 02:55:08.341668,2937.97,net_banking,insufficient_funds,2,4,29.0,3,1,0,0,0.137,0,NO_CONTACT,0,1,2569.08
927,193,2026-04-03 03:46:42.080416,6444.57,net_banking,temporary_network_issue,3,4,318.6,1,3,0,0,0.289,0,HUMAN_REVIEW,101,0,0.0
928,594,2026-04-03 04:38:15.819164,3502.02,debit_card,bank_limit_exceeded,4,4,29.0,3,1,0,2,0.525,0,NO_CONTACT,0,0,0.0
929,233,2026-04-03 05:29:49.557912,3524.09,credit_card,temporary_network_issue,5,4,189.5,4,2,0,0,0.194,0,LINK_AFTER_2H,140,0,0.0
930,233,2026-04-03 06:21:23.296659,2948.57,debit_card,temporary_network_issue,6,4,189.5,4,2,0,0,0.042,0,LINK_AFTER_2H,142,0,0.0
931,233,2026-04-03 07:12:57.035407,3999.12,wallet,risk_declined,7,4,189.5,4,2,0,1,0.245,0,LINK_AFTER_2H,130,0,0.0
932,459,2026-04-03 08:04:30.774155,5073.92,credit_card,risk_declined,8,4,17.7,3,2,1,1,0.316,0,NO_CONTACT,0,0,0.0
933,747,2026-04-03 08:56:04.512903,4678.9,net_banking,temporary_network_issue,8,4,19.4,2,2,1,1,0.107,0,LINK_NEXT_MORNING,608,0,0.0
934,42,2026-04-03 09:47:38.251650,199.0,wallet,insufficient_funds,9,4,61.2,2,1,1,1,0.375,0,HUMAN_REVIEW,54,0,0.0
935,233,2026-04-03 10:39:11.990398,611.09,debit_card,insufficient_funds,10,4,189.5,4,2,0,2,0.27,0,NO_CONTACT,0,0,0.0
936,193,2026-04-03 11:30:45.729146,2815.34,upi,temporary_network_issue,11,4,318.6,1,3,0,1,0.163,0,LINK_NEXT_MORNING,700,0,0.0
937,125,2026-04-03 12:22:19.467894,4962.26,upi,risk_declined,12,4,176.2,1,4,0,0,0.203,0,HUMAN_REVIEW,81,1,4460.82
938,233,2026-04-03 13:13:53.206641,4531.58,debit_card,card_blocked,13,4,189.5,4,2,0,0,0.138,0,NO_CONTACT,0,0,0.0
939,233,2026-04-03 14:05:26.945389,295.65,credit_card,card_blocked,14,4,189.5,4,2,0,2,0.055,0,HUMAN_REVIEW,110,0,0.0
940,193,2026-04-03 14:57:00.684137,929.04,credit_card,risk_declined,14,4,318.6,1,3,0,1,0.492,0,LINK_NOW,23,1,804.45
941,459,2026-04-03 15:48:34.422885,3549.25,debit_card,risk_declined,15,4,17.7,3,2,1,1,0.373,0,LINK_NOW,6,0,0.0
942,91,2026-04-03 16:40:08.161632,5628.93,wallet,bank_limit_exceeded,16,4,286.8,1,3,0,0,0.21,0,LINK_AFTER_2H,124,0,0.0
943,83,2026-04-03 17:31:41.900380,3521.44,debit_card,risk_declined,17,4,208.1,4,0,0,2,0.254,0,HUMAN_REVIEW,45,1,3208.63
944,193,2026-04-03 18:23:15.639128,2751.57,upi,insufficient_funds,18,4,318.6,1,3,0,2,0.08,0,LINK_AFTER_2H,110,0,0.0
945,71,2026-04-03 19:14:49.377876,3931.91,credit_card,insufficient_funds,19,4,98.3,1,1,0,1,0.2,0,LINK_AFTER_2H,91,1,3161.66
946,233,2026-04-03 20:06:23.116623,5711.48,wallet,temporary_network_issue,20,4,189.5,4,2,0,0,0.237,0,LINK_NEXT_MORNING,697,1,4648.22
947,459,2026-04-03 20:57:56.855371,263.16,debit_card,card_blocked,20,4,17.7,3,2,1,0,0.487,0,LINK_NEXT_MORNING,548,0,0.0
948,443,2026-04-03 21:49:30.594119,1290.32,net_banking,card_blocked,21,4,59.3,1,1,0,0,0.212,0,LINK_NEXT_MORNING,484,0,0.0
949,193,2026-04-03 22:41:04.332867,4395.97,credit_card,insufficient_funds,22,4,318.6,1,3,0,2,0.045,0,NO_CONTACT,0,0,0.0
950,710,2026-04-03 23:32:38.071614,1847.52,debit_card,risk_declined,23,4,103.4,2,0,0,0,0.153,0,LINK_NEXT_MORNING,552,1,1676.31
951,193,2026-04-04 00:24:11.810362,2678.59,credit_card,insufficient_funds,0,5,318.6,1,3,0,1,0.108,0,LINK_NOW,14,1,2665.13
952,125,2026-04-04 01:15:45.549110,1270.41,credit_card,bank_limit_exceeded,1,5,176.2,1,4,0,1,0.074,0,LINK_AFTER_2H,142,0,0.0
953,233,2026-04-04 02:07:19.287858,1396.22,credit_card,temporary_network_issue,2,5,189.5,4,2,0,3,0.414,0,HUMAN_REVIEW,47,0,0.0
954,193,2026-04-04 02:58:53.026605,3104.76,net_banking,insufficient_funds,2,5,318.6,1,3,0,1,0.068,0,NO_CONTACT,0,1,2680.54
955,11,2026-04-04 03:50:26.765353,598.41,debit_card,insufficient_funds,3,5,55.1,2,1,0,0,0.33,0,LINK_AFTER_2H,108,1,493.03
956,452,2026-04-04 04:42:00.504101,3241.9,net_banking,insufficient_funds,4,5,73.0,1,1,1,3,0.103,1,LINK_NEXT_MORNING,670,1,2825.14
957,193,2026-04-04 05:33:34.242849,1072.38,net_banking,insufficient_funds,5,5,318.6,1,3,0,1,0.174,0,HUMAN_REVIEW,35,0,0.0
958,747,2026-04-04 06:25:07.981596,268.16,upi,card_blocked,6,5,19.4,2,2,1,0,0.008,0,LINK_NEXT_MORNING,542,0,0.0
959,71,2026-04-04 07:16:41.720344,7272.37,upi,insufficient_funds,7,5,98.3,1,1,0,0,0.126,0,LINK_AFTER_2H,116,0,0.0
960,233,2026-04-04 08:08:15.459092,17411.0,upi,risk_declined,8,5,189.5,4,2,0,2,0.048,0,LINK_AFTER_2H,138,0,0.0
961,193,2026-04-04 08:59:49.197840,3223.59,debit_card,insufficient_funds,8,5,318.6,1,3,0,0,0.212,0,HUMAN_REVIEW,83,0,0.0
962,193,2026-04-04 09:51:22.936587,3321.41,debit_card,insufficient_funds,9,5,318.6,1,3,0,0,0.235,0,HUMAN_REVIEW,60,0,0.0
963,349,2026-04-04 10:42:56.675335,1427.02,debit_card,risk_declined,10,5,14.1,2,0,0,1,0.141,0,LINK_AFTER_2H,110,1,1235.95
964,193,2026-04-04 11:34:30.414083,13858.58,debit_card,temporary_network_issue,11,5,318.6,1,3,0,3,0.326,0,LINK_NOW,13,1,12270.33
965,233,2026-04-04 12:26:04.152831,17691.9,debit_card,temporary_network_issue,12,5,189.5,4,2,0,1,0.248,0,LINK_AFTER_2H,105,0,0.0
966,71,2026-04-04 13:17:37.891578,3241.09,debit_card,insufficient_funds,13,5,98.3,1,1,0,3,0.104,0,HUMAN_REVIEW,31,1,2837.48
967,565,2026-04-04 14:09:11.630326,11843.48,credit_card,insufficient_funds,14,5,49.0,4,2,1,0,0.173,0,LINK_NEXT_MORNING,625,0,0.0
968,193,2026-04-04 15:00:45.369074,2775.06,credit_card,temporary_network_issue,15,5,318.6,1,3,0,0,0.206,0,LINK_NEXT_MORNING,497,0,0.0
969,91,2026-04-04 15:52:19.107822,2409.47,net_banking,temporary_network_issue,15,5,286.8,1,3,0,2,0.186,0,NO_CONTACT,0,0,0.0
970,594,2026-04-04 16:43:52.846569,2942.66,credit_card,insufficient_funds,16,5,29.0,3,1,0,0,0.019,0,LINK_NEXT_MORNING,514,1,2484.55
971,567,2026-04-04 17:35:26.585317,1601.75,credit_card,temporary_network_issue,17,5,287.5,2,2,0,2,0.104,0,LINK_AFTER_2H,103,0,0.0
972,233,2026-04-04 18:27:00.324065,21715.23,debit_card,risk_declined,18,5,189.5,4,2,0,1,0.15,0,LINK_AFTER_2H,147,1,20253.11
973,233,2026-04-04 19:18:34.062813,9454.8,debit_card,insufficient_funds,19,5,189.5,4,2,0,1,0.027,0,LINK_NEXT_MORNING,561,1,8795.36
974,83,2026-04-04 20:10:07.801560,878.3,debit_card,bank_limit_exceeded,20,5,208.1,4,0,0,2,0.363,0,HUMAN_REVIEW,112,0,0.0
975,193,2026-04-04 21:01:41.540308,3711.46,debit_card,insufficient_funds,21,5,318.6,1,3,0,1,0.174,0,HUMAN_REVIEW,54,1,3503.35
976,459,2026-04-04 21:53:15.279056,3009.59,credit_card,risk_declined,21,5,17.7,3,2,1,2,0.442,0,LINK_NOW,2,0,0.0
977,233,2026-04-04 22:44:49.017804,5239.71,credit_card,risk_declined,22,5,189.5,4,2,0,0,0.283,0,LINK_AFTER_2H,96,0,0.0
978,173,2026-04-04 23:36:22.756551,2159.1,credit_card,insufficient_funds,23,5,204.8,5,0,0,1,0.35,0,LINK_NOW,2,0,0.0
979,233,2026-04-05 00:27:56.495299,981.97,debit_card,bank_limit_exceeded,0,6,189.5,4,2,0,1,0.126,0,LINK_AFTER_2H,127,0,0.0
980,58,2026-04-05 01:19:30.234047,773.08,debit_card,temporary_network_issue,1,6,17.4,3,0,1,3,0.149,0,LINK_AFTER_2H,146,0,0.0
981,233,2026-04-05 02:11:03.972795,1563.56,upi,insufficient_funds,2,6,189.5,4,2,0,0,0.145,0,LINK_NEXT_MORNING,683,0,0.0
982,129,2026-04-05 03:02:37.711542,4714.31,debit_card,temporary_network_issue,3,6,165.4,0,1,1,0,0.312,0,HUMAN_REVIEW,83,1,4582.34
983,233,2026-04-05 03:54:11.450290,5245.77,net_banking,bank_limit_exceeded,3,6,189.5,4,2,0,1,0.324,0,LINK_NEXT_MORNING,495,1,4643.41
984,233,2026-04-05 04:45:45.189038,18458.82,net_banking,risk_declined,4,6,189.5,4,2,0,1,0.204,0,HUMAN_REVIEW,49,0,0.0
985,171,2026-04-05 05:37:18.927786,199.0,debit_card,insufficient_funds,5,6,3.9,2,1,1,1,0.024,0,LINK_NEXT_MORNING,612,1,170.52
986,58,2026-04-05 06:28:52.666533,18906.03,wallet,temporary_network_issue,6,6,17.4,3,0,1,0,0.137,0,HUMAN_REVIEW,90,0,0.0
987,218,2026-04-05 07:20:26.405281,200.98,credit_card,insufficient_funds,7,6,199.6,1,2,0,3,0.187,0,NO_CONTACT,0,0,0.0
988,131,2026-04-05 08:12:00.144029,5116.29,credit_card,temporary_network_issue,8,6,14.4,0,1,0,1,0.193,0,NO_CONTACT,0,0,0.0
989,233,2026-04-05 09:03:33.882777,3893.36,debit_card,temporary_network_issue,9,6,189.5,4,2,0,2,0.172,0,NO_CONTACT,0,0,0.0
990,459,2026-04-05 09:55:07.621524,761.5,upi,insufficient_funds,9,6,17.7,3,2,1,2,0.135,0,HUMAN_REVIEW,60,1,725.88
991,173,2026-04-05 10:46:41.360272,3352.04,upi,temporary_network_issue,10,6,204.8,5,0,0,0,0.34,0,NO_CONTACT,0,0,0.0
992,459,2026-04-05 11:38:15.099020,1207.59,upi,bank_limit_exceeded,11,6,17.7,3,2,1,0,0.027,0,LINK_NEXT_MORNING,503,0,0.0
993,233,2026-04-05 12:29:48.837768,11778.38,debit_card,temporary_network_issue,12,6,189.5,4,2,0,0,0.321,0,LINK_AFTER_2H,132,1,10282.48
994,193,2026-04-05 13:21:22.576515,598.23,upi,risk_declined,13,6,318.6,1,3,0,0,0.176,0,HUMAN_REVIEW,92,1,489.59
995,193,2026-04-05 14:12:56.315263,4629.78,credit_card,insufficient_funds,14,6,318.6,1,3,0,3,0.406,0,LINK_NOW,12,0,0.0
996,257,2026-04-05 15:04:30.054011,7062.0,net_banking,bank_limit_exceeded,15,6,335.3,2,0,0,0,0.161,0,LINK_NOW,11,0,0.0
997,233,2026-04-05 15:56:03.792759,344.0,upi,insufficient_funds,15,6,189.5,4,2,0,3,0.066,0,LINK_NOW,23,0,0.0
998,125,2026-04-05 16:47:37.531506,660.33,upi,temporary_network_issue,16,6,176.2,1,4,0,1,0.359,0,NO_CONTACT,0,0,0.0
999,233,2026-04-05 17:39:11.270254,985.3,debit_card,risk_declined,17,6,189.5,4,2,0,1,0.19,0,LINK_NOW,28,0,0.0
1000,594,2026-04-05 18:30:45.009002,357.05,net_banking,risk_declined,18,6,29.0,3,1,0,1,0.088,0,LINK_NOW,15,0,0.0
1001,314,2026-04-05 19:22:18.747750,7957.36,debit_card,insufficient_funds,19,6,126.7,3,7,0,0,0.228,0,NO_CONTACT,0,0,0.0
1002,459,2026-04-05 20:13:52.486497,4128.61,credit_card,temporary_network_issue,20,6,17.7,3,2,1,1,0.165,0,LINK_NEXT_MORNING,590,0,0.0
1003,257,2026-04-05 21:05:26.225245,5378.54,net_banking,card_blocked,21,6,335.3,2,0,0,2,0.236,0,LINK_NEXT_MORNING,646,1,4480.95
1004,221,2026-04-05 21:56:59.963993,6366.61,credit_card,insufficient_funds,21,6,116.5,2,1,0,1,0.123,0,LINK_NEXT_MORNING,507,0,0.0
1005,594,2026-04-05 22:48:33.702741,3260.09,credit_card,card_blocked,22,6,29.0,3,1,0,2,0.106,0,LINK_NEXT_MORNING,603,0,0.0
1006,710,2026-04-05 23:40:07.441488,356.87,net_banking,temporary_network_issue,23,6,103.4,2,0,0,2,0.137,0,LINK_NOW,26,1,294.7
1007,185,2026-04-06 00:31:41.180236,1617.61,net_banking,temporary_network_issue,0,0,61.1,1,4,1,1,0.307,0,LINK_NEXT_MORNING,484,1,1387.73
1008,233,2026-04-06 01:23:14.918984,8291.16,credit_card,insufficient_funds,1,0,189.5,4,2,0,0,0.34,0,LINK_NOW,12,0,0.0
1009,285,2026-04-06 02:14:48.657732,1692.55,credit_card,insufficient_funds,2,0,11.5,0,2,1,3,0.393,0,HUMAN_REVIEW,44,0,0.0
1010,594,2026-04-06 03:06:22.396479,2885.83,upi,risk_declined,3,0,29.0,3,1,0,3,0.236,0,LINK_NEXT_MORNING,584,0,0.0
1011,173,2026-04-06 03:57:56.135227,8087.95,credit_card,temporary_network_issue,3,0,204.8,5,0,0,2,0.106,0,HUMAN_REVIEW,78,0,0.0
1012,58,2026-04-06 04:49:29.873975,10097.33,net_banking,temporary_network_issue,4,0,17.4,3,0,1,1,0.3,0,NO_CONTACT,0,0,0.0
1013,58,2026-04-06 05:41:03.612723,23869.98,wallet,temporary_network_issue,5,0,17.4,3,0,1,1,0.086,0,HUMAN_REVIEW,33,0,0.0
1014,83,2026-04-06 06:32:37.351470,2577.12,debit_card,insufficient_funds,6,0,208.1,4,0,0,1,0.219,0,NO_CONTACT,0,0,0.0
1015,459,2026-04-06 07:24:11.090218,1652.78,credit_card,temporary_network_issue,7,0,17.7,3,2,1,0,0.359,0,LINK_NEXT_MORNING,493,1,1536.4
1016,233,2026-04-06 08:15:44.828966,2334.9,debit_card,insufficient_funds,8,0,189.5,4,2,0,3,0.304,0,LINK_NOW,26,0,0.0
1017,71,2026-04-06 09:07:18.567714,1311.18,net_banking,risk_declined,9,0,98.3,1,1,0,1,0.411,0,NO_CONTACT,0,0,0.0
1018,193,2026-04-06 09:58:52.306461,2329.11,upi,bank_limit_exceeded,9,0,318.6,1,3,0,2,0.254,1,LINK_NOW,9,0,0.0
1019,596,2026-04-06 10:50:26.045209,1216.18,net_banking,risk_declined,10,0,7.4,2,2,0,1,0.076,0,LINK_AFTER_2H,112,0,0.0
1020,306,2026-04-06 11:41:59.783957,8556.19,credit_card,temporary_network_issue,11,0,153.3,2,0,0,4,0.111,0,NO_CONTACT,0,1,7476.79
1021,91,2026-04-06 12:33:33.522705,1040.08,credit_card,card_blocked,12,0,286.8,1,3,0,1,0.281,0,NO_CONTACT,0,0,0.0
1022,459,2026-04-06 13:25:07.261452,20267.74,debit_card,bank_limit_exceeded,13,0,17.7,3,2,1,0,0.217,0,HUMAN_REVIEW,73,1,19981.75
1023,125,2026-04-06 14:16:41.000200,199.0,net_banking,temporary_network_issue,14,0,176.2,1,4,0,0,0.252,0,NO_CONTACT,0,0,0.0
1024,233,2026-04-06 15:08:14.738948,2381.59,net_banking,card_blocked,15,0,189.5,4,2,0,3,0.028,0,NO_CONTACT,0,0,0.0
1025,593,2026-04-06 15:59:48.477696,7560.22,credit_card,card_blocked,15,0,100.3,1,2,0,0,0.088,0,LINK_NOW,12,1,7132.64
1026,747,2026-04-06 16:51:22.216443,680.08,upi,card_blocked,16,0,19.4,2,2,1,1,0.214,0,LINK_NOW,3,0,0.0
1027,71,2026-04-06 17:42:55.955191,851.19,net_banking,card_blocked,17,0,98.3,1,1,0,1,0.295,0,NO_CONTACT,0,0,0.0
1028,539,2026-04-06 18:34:29.693939,4898.04,upi,card_blocked,18,0,25.2,3,2,0,2,0.273,0,HUMAN_REVIEW,88,1,4274.9
1029,193,2026-04-06 19:26:03.432687,5718.44,debit_card,card_blocked,19,0,318.6,1,3,0,3,0.299,0,HUMAN_REVIEW,61,1,4632.1
1030,459,2026-04-06 20:17:37.171434,899.95,debit_card,risk_declined,20,0,17.7,3,2,1,2,0.193,0,LINK_AFTER_2H,134,0,0.0
1031,693,2026-04-06 21:09:10.910182,2202.58,debit_card,temporary_network_issue,21,0,22.0,3,0,0,1,0.017,1,LINK_NEXT_MORNING,708,0,0.0
1032,71,2026-04-06 22:00:44.648930,13710.03,net_banking,card_blocked,22,0,98.3,1,1,0,2,0.114,0,HUMAN_REVIEW,94,1,11111.41
1033,459,2026-04-06 22:52:18.387678,3166.52,upi,insufficient_funds,22,0,17.7,3,2,1,3,0.107,0,HUMAN_REVIEW,93,1,2579.5
1034,233,2026-04-06 23:43:52.126425,663.91,net_banking,risk_declined,23,0,189.5,4,2,0,0,0.082,0,LINK_AFTER_2H,93,1,659.86
1035,594,2026-04-07 00:35:25.865173,415.57,debit_card,insufficient_funds,0,1,29.0,3,1,0,1,0.125,0,LINK_NEXT_MORNING,605,0,0.0
1036,233,2026-04-07 01:26:59.603921,4029.21,net_banking,temporary_network_issue,1,1,189.5,4,2,0,2,0.201,0,LINK_NOW,0,1,3995.97
1037,125,2026-04-07 02:18:33.342669,7421.87,debit_card,risk_declined,2,1,176.2,1,4,0,4,0.249,0,NO_CONTACT,0,0,0.0
1038,747,2026-04-07 03:10:07.081416,9300.65,upi,card_blocked,3,1,19.4,2,2,1,0,0.126,0,NO_CONTACT,0,0,0.0
1039,263,2026-04-07 04:01:40.820164,13504.55,credit_card,insufficient_funds,4,1,154.6,4,1,0,0,0.394,0,LINK_NEXT_MORNING,603,0,0.0
1040,173,2026-04-07 04:53:14.558912,3331.23,credit_card,insufficient_funds,4,1,204.8,5,0,0,1,0.208,0,LINK_AFTER_2H,107,1,2881.36
1041,710,2026-04-07 05:44:48.297660,2560.83,credit_card,bank_limit_exceeded,5,1,103.4,2,0,0,2,0.114,0,NO_CONTACT,0,0,0.0
1042,193,2026-04-07 06:36:22.036407,3650.87,credit_card,insufficient_funds,6,1,318.6,1,3,0,3,0.235,0,HUMAN_REVIEW,106,0,0.0
1043,459,2026-04-07 07:27:55.775155,5073.78,credit_card,insufficient_funds,7,1,17.7,3,2,1,1,0.087,0,LINK_NEXT_MORNING,696,0,0.0
1044,702,2026-04-07 08:19:29.513903,1243.33,credit_card,card_blocked,8,1,209.9,2,1,0,0,0.029,0,LINK_NOW,20,0,0.0
1045,710,2026-04-07 09:11:03.252651,3372.4,debit_card,card_blocked,9,1,103.4,2,0,0,2,0.212,0,LINK_AFTER_2H,104,0,0.0
1046,459,2026-04-07 10:02:36.991398,779.26,credit_card,card_blocked,10,1,17.7,3,2,1,2,0.171,0,NO_CONTACT,0,1,661.26
1047,193,2026-04-07 10:54:10.730146,199.0,upi,card_blocked,10,1,318.6,1,3,0,0,0.108,0,HUMAN_REVIEW,70,0,0.0
1048,459,2026-04-07 11:45:44.468894,1791.58,credit_card,risk_declined,11,1,17.7,3,2,1,0,0.643,0,LINK_NOW,8,0,0.0
1049,11,2026-04-07 12:37:18.207642,5800.41,upi,bank_limit_exceeded,12,1,55.1,2,1,0,0,0.113,0,NO_CONTACT,0,0,0.0
1050,637,2026-04-07 13:28:51.946389,319.11,upi,risk_declined,13,1,26.0,3,2,0,1,0.296,0,LINK_AFTER_2H,99,1,274.11
1051,459,2026-04-07 14:20:25.685137,6062.81,credit_card,insufficient_funds,14,1,17.7,3,2,1,2,0.115,0,LINK_NOW,20,1,5790.7
1052,743,2026-04-07 15:11:59.423885,4929.64,credit_card,temporary_network_issue,15,1,298.9,1,3,0,0,0.135,0,LINK_NOW,2,1,4484.52
1053,193,2026-04-07 16:03:33.162633,969.19,credit_card,card_blocked,16,1,318.6,1,3,0,1,0.221,0,HUMAN_REVIEW,33,0,0.0
1054,193,2026-04-07 16:55:06.901380,20093.87,net_banking,temporary_network_issue,16,1,318.6,1,3,0,4,0.12,0,LINK_AFTER_2H,94,1,18474.61
1055,233,2026-04-07 17:46:40.640128,1308.7,net_banking,insufficient_funds,17,1,189.5,4,2,0,2,0.206,0,HUMAN_REVIEW,73,1,1253.29
1056,91,2026-04-07 18:38:14.378876,409.27,debit_card,temporary_network_issue,18,1,286.8,1,3,0,2,0.095,0,HUMAN_REVIEW,88,0,0.0
1057,71,2026-04-07 19:29:48.117624,4405.09,debit_card,risk_declined,19,1,98.3,1,1,0,3,0.195,0,HUMAN_REVIEW,67,0,0.0
1058,594,2026-04-07 20:21:21.856371,8436.41,debit_card,temporary_network_issue,20,1,29.0,3,1,0,0,0.174,0,NO_CONTACT,0,0,0.0
1059,466,2026-04-07 21:12:55.595119,17428.82,debit_card,card_blocked,21,1,123.1,2,1,0,1,0.501,0,HUMAN_REVIEW,53,1,14939.51
1060,222,2026-04-07 22:04:29.333867,2698.55,upi,card_blocked,22,1,220.2,1,1,0,2,0.239,0,LINK_NOW,23,1,2354.72
1061,114,2026-04-07 22:56:03.072615,7756.33,debit_card,temporary_network_issue,22,1,54.5,1,1,0,1,0.14,0,LINK_NEXT_MORNING,711,0,0.0
1062,173,2026-04-07 23:47:36.811362,1328.5,credit_card,temporary_network_issue,23,1,204.8,5,0,0,1,0.25,0,HUMAN_REVIEW,48,1,1260.56
1063,11,2026-04-08 00:39:10.550110,5076.69,credit_card,insufficient_funds,0,2,55.1,2,1,0,1,0.176,1,NO_CONTACT,0,0,0.0
1064,11,2026-04-08 01:30:44.288858,19938.35,net_banking,temporary_network_issue,1,2,55.1,2,1,0,1,0.271,0,NO_CONTACT,0,1,19525.95
1065,193,2026-04-08 02:22:18.027606,44697.62,debit_card,risk_declined,2,2,318.6,1,3,0,0,0.173,0,LINK_NEXT_MORNING,563,1,40385.93
1066,233,2026-04-08 03:13:51.766353,1187.32,credit_card,risk_declined,3,2,189.5,4,2,0,2,0.099,0,LINK_AFTER_2H,141,0,0.0
1067,36,2026-04-08 04:05:25.505101,14532.76,debit_card,temporary_network_issue,4,2,82.0,2,2,0,2,0.227,0,LINK_NEXT_MORNING,699,0,0.0
1068,747,2026-04-08 04:56:59.243849,811.69,debit_card,insufficient_funds,4,2,19.4,2,2,1,0,0.097,0,NO_CONTACT,0,0,0.0
1069,193,2026-04-08 05:48:32.982597,1198.62,net_banking,risk_declined,5,2,318.6,1,3,0,0,0.057,0,HUMAN_REVIEW,72,1,1192.21
1070,233,2026-04-08 06:40:06.721344,1495.83,credit_card,insufficient_funds,6,2,189.5,4,2,0,1,0.074,1,LINK_AFTER_2H,100,0,0.0
1071,747,2026-04-08 07:31:40.460092,7416.52,net_banking,insufficient_funds,7,2,19.4,2,2,1,0,0.055,0,HUMAN_REVIEW,116,0,0.0
1072,233,2026-04-08 08:23:14.198840,2866.55,debit_card,temporary_network_issue,8,2,189.5,4,2,0,1,0.337,0,LINK_NEXT_MORNING,558,0,0.0
1073,747,2026-04-08 09:14:47.937588,444.61,debit_card,card_blocked,9,2,19.4,2,2,1,1,0.061,0,HUMAN_REVIEW,114,0,0.0
1074,193,2026-04-08 10:06:21.676335,4493.15,net_banking,risk_declined,10,2,318.6,1,3,0,1,0.483,0,LINK_NEXT_MORNING,579,0,0.0
1075,594,2026-04-08 10:57:55.415083,12540.17,debit_card,bank_limit_exceeded,10,2,29.0,3,1,0,0,0.132,0,LINK_NOW,12,0,0.0
1076,119,2026-04-08 11:49:29.153831,2973.33,net_banking,insufficient_funds,11,2,59.7,7,1,0,1,0.324,0,LINK_NEXT_MORNING,511,0,0.0
1077,747,2026-04-08 12:41:02.892579,7294.38,debit_card,insufficient_funds,12,2,19.4,2,2,1,2,0.14,0,HUMAN_REVIEW,39,1,6975.13
1078,173,2026-04-08 13:32:36.631326,999.23,wallet,card_blocked,13,2,204.8,5,0,0,0,0.098,0,HUMAN_REVIEW,88,1,957.51
1079,314,2026-04-08 14:24:10.370074,8000.69,debit_card,risk_declined,14,2,126.7,3,7,0,0,0.187,0,LINK_AFTER_2H,135,0,0.0
1080,233,2026-04-08 15:15:44.108822,1073.51,debit_card,insufficient_funds,15,2,189.5,4,2,0,2,0.036,0,HUMAN_REVIEW,61,0,0.0
1081,193,2026-04-08 16:07:17.847570,2895.76,debit_card,temporary_network_issue,16,2,318.6,1,3,0,2,0.169,1,LINK_NEXT_MORNING,656,0,0.0
1082,594,2026-04-08 16:58:51.586317,884.88,credit_card,temporary_network_issue,16,2,29.0,3,1,0,1,0.172,0,HUMAN_REVIEW,113,0,0.0
1083,83,2026-04-08 17:50:25.325065,612.35,net_banking,risk_declined,17,2,208.1,4,0,0,1,0.347,0,LINK_AFTER_2H,128,0,0.0
1084,523,2026-04-08 18:41:59.063813,724.14,debit_card,insufficient_funds,18,2,154.9,1,1,0,0,0.252,0,NO_CONTACT,0,1,721.29
1085,233,2026-04-08 19:33:32.802561,1505.46,wallet,bank_limit_exceeded,19,2,189.5,4,2,0,2,0.36,0,NO_CONTACT,0,0,0.0
1086,125,2026-04-08 20:25:06.541308,2993.21,credit_card,temporary_network_issue,20,2,176.2,1,4,0,1,0.453,0,LINK_NEXT_MORNING,718,0,0.0
1087,193,2026-04-08 21:16:40.280056,959.68,debit_card,insufficient_funds,21,2,318.6,1,3,0,1,0.085,0,LINK_NEXT_MORNING,658,1,878.83
1088,58,2026-04-08 22:08:14.018804,50000.0,net_banking,insufficient_funds,22,2,17.4,3,0,1,1,0.291,0,LINK_NEXT_MORNING,623,1,45567.25
1089,193,2026-04-08 22:59:47.757552,1804.06,upi,insufficient_funds,22,2,318.6,1,3,0,1,0.071,0,LINK_NEXT_MORNING,518,1,1591.96
1090,710,2026-04-08 23:51:21.496299,540.07,credit_card,card_blocked,23,2,103.4,2,0,0,2,0.099,0,LINK_AFTER_2H,149,1,538.66
1091,193,2026-04-09 00:42:55.235047,199.0,wallet,risk_declined,0,3,318.6,1,3,0,1,0.512,0,NO_CONTACT,0,0,0.0
1092,459,2026-04-09 01:34:28.973795,23855.86,upi,insufficient_funds,1,3,17.7,3,2,1,0,0.115,0,HUMAN_REVIEW,34,0,0.0
1093,372,2026-04-09 02:26:02.712543,4364.56,wallet,temporary_network_issue,2,3,345.5,3,1,0,1,0.268,0,NO_CONTACT,0,0,0.0
1094,233,2026-04-09 03:17:36.451290,734.2,upi,risk_declined,3,3,189.5,4,2,0,1,0.042,1,HUMAN_REVIEW,110,1,692.24
1095,233,2026-04-09 04:09:10.190038,1683.62,upi,temporary_network_issue,4,3,189.5,4,2,0,1,0.541,0,LINK_NOW,3,0,0.0
1096,125,2026-04-09 05:00:43.928786,1071.34,net_banking,temporary_network_issue,5,3,176.2,1,4,0,2,0.165,0,NO_CONTACT,0,0,0.0
1097,11,2026-04-09 05:52:17.667534,6809.03,upi,temporary_network_issue,5,3,55.1,2,1,0,2,0.173,0,LINK_AFTER_2H,137,0,0.0
1098,459,2026-04-09 06:43:51.406281,29186.35,debit_card,insufficient_funds,6,3,17.7,3,2,1,1,0.171,0,LINK_NOW,25,0,0.0
1099,487,2026-04-09 07:35:25.145029,865.27,debit_card,temporary_network_issue,7,3,334.2,0,3,0,0,0.134,0,HUMAN_REVIEW,80,1,839.15
1100,193,2026-04-09 08:26:58.883777,6047.92,net_banking,insufficient_funds,8,3,318.6,1,3,0,1,0.275,0,LINK_AFTER_2H,93,0,0.0
1101,549,2026-04-09 09:18:32.622525,2597.4,wallet,temporary_network_issue,9,3,176.9,2,3,1,2,0.356,0,NO_CONTACT,0,1,2361.76
1102,233,2026-04-09 10:10:06.361272,1376.2,credit_card,bank_limit_exceeded,10,3,189.5,4,2,0,0,0.259,0,HUMAN_REVIEW,55,0,0.0
1103,159,2026-04-09 11:01:40.100020,1714.77,upi,insufficient_funds,11,3,76.1,3,0,0,0,0.502,0,LINK_NEXT_MORNING,499,0,0.0
1104,91,2026-04-09 11:53:13.838768,668.27,debit_card,insufficient_funds,11,3,286.8,1,3,0,1,0.082,0,HUMAN_REVIEW,106,1,598.18
1105,193,2026-04-09 12:44:47.577516,3609.74,debit_card,risk_declined,12,3,318.6,1,3,0,1,0.519,0,LINK_NOW,13,0,0.0
1106,710,2026-04-09 13:36:21.316263,3868.65,credit_card,insufficient_funds,13,3,103.4,2,0,0,3,0.04,0,NO_CONTACT,0,0,0.0
1107,125,2026-04-09 14:27:55.055011,5246.27,debit_card,insufficient_funds,14,3,176.2,1,4,0,1,0.302,0,LINK_AFTER_2H,96,0,0.0
1108,193,2026-04-09 15:19:28.793759,3189.12,wallet,temporary_network_issue,15,3,318.6,1,3,0,1,0.134,0,NO_CONTACT,0,0,0.0
1109,125,2026-04-09 16:11:02.532507,759.57,debit_card,bank_limit_exceeded,16,3,176.2,1,4,0,2,0.031,0,NO_CONTACT,0,0,0.0
1110,314,2026-04-09 17:02:36.271254,5545.42,net_banking,insufficient_funds,17,3,126.7,3,7,0,1,0.417,0,HUMAN_REVIEW,53,1,5412.51
1111,277,2026-04-09 17:54:10.010002,908.44,credit_card,bank_limit_exceeded,17,3,89.8,1,0,0,1,0.225,0,HUMAN_REVIEW,96,1,781.95
1112,667,2026-04-09 18:45:43.748750,2304.16,upi,card_blocked,18,3,271.1,3,1,1,3,0.457,0,HUMAN_REVIEW,96,0,0.0
1113,193,2026-04-09 19:37:17.487497,780.11,upi,card_blocked,19,3,318.6,1,3,0,0,0.161,0,LINK_AFTER_2H,139,1,724.39
1114,459,2026-04-09 20:28:51.226245,8022.54,debit_card,card_blocked,20,3,17.7,3,2,1,2,0.286,0,LINK_NOW,21,1,7455.27
1115,594,2026-04-09 21:20:24.964993,1074.76,debit_card,insufficient_funds,21,3,29.0,3,1,0,0,0.1,0,NO_CONTACT,0,0,0.0
1116,193,2026-04-09 22:11:58.703741,31242.61,debit_card,insufficient_funds,22,3,318.6,1,3,0,0,0.19,0,LINK_AFTER_2H,143,0,0.0
1117,233,2026-04-09 23:03:32.442488,1350.8,debit_card,insufficient_funds,23,3,189.5,4,2,0,2,0.473,0,LINK_NEXT_MORNING,495,0,0.0
1118,459,2026-04-09 23:55:06.181236,4864.44,debit_card,insufficient_funds,23,3,17.7,3,2,1,0,0.162,0,LINK_NEXT_MORNING,702,1,4714.24
1119,528,2026-04-10 00:46:39.919984,5193.81,wallet,bank_limit_exceeded,0,4,25.9,3,2,0,1,0.225,0,LINK_AFTER_2H,122,0,0.0
1120,156,2026-04-10 01:38:13.658732,525.76,upi,temporary_network_issue,1,4,49.2,2,0,0,2,0.158,1,HUMAN_REVIEW,107,1,523.21
1121,596,2026-04-10 02:29:47.397479,238.08,debit_card,temporary_network_issue,2,4,7.4,2,2,0,2,0.161,0,HUMAN_REVIEW,79,0,0.0
1122,205,2026-04-10 03:21:21.136227,743.71,wallet,risk_declined,3,4,181.9,2,1,0,1,0.114,0,HUMAN_REVIEW,118,0,0.0
1123,459,2026-04-10 04:12:54.874975,3142.0,credit_card,bank_limit_exceeded,4,4,17.7,3,2,1,1,0.306,0,LINK_NOW,22,1,2944.91
1124,521,2026-04-10 05:04:28.613723,791.22,debit_card,bank_limit_exceeded,5,4,249.5,2,2,1,1,0.187,1,HUMAN_REVIEW,31,0,0.0
1125,710,2026-04-10 05:56:02.352470,937.11,net_banking,risk_declined,5,4,103.4,2,0,0,0,0.369,0,HUMAN_REVIEW,88,0,0.0
1126,173,2026-04-10 06:47:36.091218,17944.18,credit_card,temporary_network_issue,6,4,204.8,5,0,0,3,0.12,0,LINK_AFTER_2H,130,0,0.0
1127,205,2026-04-10 07:39:09.829966,1297.27,credit_card,insufficient_funds,7,4,181.9,2,1,0,0,0.173,0,LINK_AFTER_2H,102,1,1175.0
1128,233,2026-04-10 08:30:43.568714,7363.94,debit_card,insufficient_funds,8,4,189.5,4,2,0,1,0.382,0,NO_CONTACT,0,0,0.0
1129,193,2026-04-10 09:22:17.307461,1699.99,net_banking,insufficient_funds,9,4,318.6,1,3,0,2,0.183,0,HUMAN_REVIEW,92,0,0.0
1130,747,2026-04-10 10:13:51.046209,1918.47,upi,insufficient_funds,10,4,19.4,2,2,1,3,0.072,0,NO_CONTACT,0,0,0.0
1131,193,2026-04-10 11:05:24.784957,1435.34,net_banking,bank_limit_exceeded,11,4,318.6,1,3,0,0,0.074,0,LINK_AFTER_2H,107,1,1341.31
1132,58,2026-04-10 11:56:58.523705,2012.56,net_banking,bank_limit_exceeded,11,4,17.4,3,0,1,1,0.276,0,LINK_NEXT_MORNING,541,1,1822.7
1133,71,2026-04-10 12:48:32.262452,463.57,debit_card,card_blocked,12,4,98.3,1,1,0,0,0.178,0,HUMAN_REVIEW,113,0,0.0
1134,233,2026-04-10 13:40:06.001200,855.48,debit_card,card_blocked,13,4,189.5,4,2,0,2,0.108,0,LINK_AFTER_2H,91,0,0.0
1135,233,2026-04-10 14:31:39.739948,1021.99,upi,temporary_network_issue,14,4,189.5,4,2,0,1,0.109,0,LINK_NEXT_MORNING,486,1,960.68
1136,193,2026-04-10 15:23:13.478696,5445.13,debit_card,insufficient_funds,15,4,318.6,1,3,0,1,0.034,0,LINK_NEXT_MORNING,605,1,5200.9
1137,193,2026-04-10 16:14:47.217443,15517.82,credit_card,bank_limit_exceeded,16,4,318.6,1,3,0,2,0.429,0,NO_CONTACT,0,0,0.0
1138,710,2026-04-10 17:06:20.956191,11660.81,credit_card,insufficient_funds,17,4,103.4,2,0,0,3,0.28,0,HUMAN_REVIEW,106,1,9430.63
1139,193,2026-04-10 17:57:54.694939,1724.79,wallet,card_blocked,17,4,318.6,1,3,0,2,0.037,0,LINK_NOW,7,1,1567.2
1140,193,2026-04-10 18:49:28.433687,730.83,credit_card,insufficient_funds,18,4,318.6,1,3,0,2,0.436,0,NO_CONTACT,0,0,0.0
1141,594,2026-04-10 19:41:02.172434,2167.3,upi,risk_declined,19,4,29.0,3,1,0,0,0.192,1,LINK_AFTER_2H,92,1,1941.47
1142,168,2026-04-10 20:32:35.911182,3964.94,credit_card,card_blocked,20,4,270.6,1,1,0,2,0.266,0,LINK_NEXT_MORNING,621,0,0.0
1143,459,2026-04-10 21:24:09.649930,2391.97,net_banking,card_blocked,21,4,17.7,3,2,1,3,0.16,0,HUMAN_REVIEW,116,0,0.0
1144,125,2026-04-10 22:15:43.388678,6237.58,debit_card,insufficient_funds,22,4,176.2,1,4,0,3,0.225,0,LINK_NEXT_MORNING,551,0,0.0
1145,233,2026-04-10 23:07:17.127425,656.56,upi,temporary_network_issue,23,4,189.5,4,2,0,1,0.114,0,LINK_AFTER_2H,122,0,0.0
1146,233,2026-04-10 23:58:50.866173,2435.42,debit_card,temporary_network_issue,23,4,189.5,4,2,0,1,0.25,0,LINK_NEXT_MORNING,634,0,0.0
1147,288,2026-04-11 00:50:24.604921,2264.71,credit_card,insufficient_funds,0,5,2.2,2,3,0,1,0.124,0,LINK_AFTER_2H,100,0,0.0
1148,193,2026-04-11 01:41:58.343669,1936.3,debit_card,risk_declined,1,5,318.6,1,3,0,0,0.081,0,HUMAN_REVIEW,40,1,1888.92
1149,355,2026-04-11 02:33:32.082416,1111.64,debit_card,risk_declined,2,5,56.5,1,3,0,1,0.084,0,HUMAN_REVIEW,47,0,0.0
1150,193,2026-04-11 03:25:05.821164,418.24,upi,temporary_network_issue,3,5,318.6,1,3,0,3,0.222,0,LINK_NOW,27,0,0.0
1151,665,2026-04-11 04:16:39.559912,452.05,upi,insufficient_funds,4,5,144.3,2,0,1,3,0.192,0,LINK_AFTER_2H,130,0,0.0
1152,71,2026-04-11 05:08:13.298660,21578.0,upi,risk_declined,5,5,98.3,1,1,0,1,0.25,0,LINK_NEXT_MORNING,569,0,0.0
1153,594,2026-04-11 05:59:47.037407,515.8,credit_card,insufficient_funds,5,5,29.0,3,1,0,1,0.082,0,LINK_NEXT_MORNING,573,1,468.86
1154,459,2026-04-11 06:51:20.776155,1240.72,net_banking,insufficient_funds,6,5,17.7,3,2,1,0,0.186,0,LINK_AFTER_2H,134,0,0.0
1155,743,2026-04-11 07:42:54.514903,1101.94,wallet,insufficient_funds,7,5,298.9,1,3,0,2,0.385,0,LINK_AFTER_2H,99,1,1000.7
1156,233,2026-04-11 08:34:28.253651,1376.59,upi,insufficient_funds,8,5,189.5,4,2,0,0,0.109,0,LINK_AFTER_2H,131,0,0.0
1157,233,2026-04-11 09:26:01.992398,32670.53,credit_card,temporary_network_issue,9,5,189.5,4,2,0,0,0.049,0,LINK_AFTER_2H,92,1,31944.0
1158,233,2026-04-11 10:17:35.731146,4279.09,net_banking,insufficient_funds,10,5,189.5,4,2,0,2,0.375,0,LINK_NOW,3,0,0.0
1159,193,2026-04-11 11:09:09.469894,1328.06,net_banking,card_blocked,11,5,318.6,1,3,0,1,0.143,0,LINK_NEXT_MORNING,617,1,1141.88
1160,710,2026-04-11 12:00:43.208642,2323.01,debit_card,card_blocked,12,5,103.4,2,0,0,1,0.224,0,LINK_AFTER_2H,110,0,0.0
1161,710,2026-04-11 12:52:16.947389,6227.44,credit_card,temporary_network_issue,12,5,103.4,2,0,0,0,0.48,0,HUMAN_REVIEW,84,1,5846.31
1162,91,2026-04-11 13:43:50.686137,10410.66,credit_card,temporary_network_issue,13,5,286.8,1,3,0,0,0.373,0,LINK_AFTER_2H,139,0,0.0
1163,710,2026-04-11 14:35:24.424885,4187.63,upi,risk_declined,14,5,103.4,2,0,0,0,0.038,0,LINK_NOW,6,0,0.0
1164,193,2026-04-11 15:26:58.163633,22370.0,debit_card,card_blocked,15,5,318.6,1,3,0,0,0.313,0,LINK_AFTER_2H,142,0,0.0
1165,233,2026-04-11 16:18:31.902380,958.39,debit_card,insufficient_funds,16,5,189.5,4,2,0,1,0.251,0,LINK_NEXT_MORNING,504,0,0.0
1166,83,2026-04-11 17:10:05.641128,1773.91,upi,temporary_network_issue,17,5,208.1,4,0,0,0,0.224,0,LINK_AFTER_2H,123,0,0.0
1167,71,2026-04-11 18:01:39.379876,3119.77,net_banking,insufficient_funds,18,5,98.3,1,1,0,0,0.106,0,LINK_NOW,24,1,3033.67
1168,459,2026-04-11 18:53:13.118624,3813.21,wallet,insufficient_funds,18,5,17.7,3,2,1,3,0.115,0,LINK_AFTER_2H,98,0,0.0
1169,248,2026-04-11 19:44:46.857371,1136.28,credit_card,bank_limit_exceeded,19,5,222.5,4,0,0,0,0.073,0,LINK_AFTER_2H,97,1,1111.83
1170,193,2026-04-11 20:36:20.596119,8928.23,net_banking,insufficient_funds,20,5,318.6,1,3,0,0,0.138,0,HUMAN_REVIEW,82,1,8900.71
1171,233,2026-04-11 21:27:54.334867,5030.56,credit_card,card_blocked,21,5,189.5,4,2,0,1,0.169,0,NO_CONTACT,0,0,0.0
1172,740,2026-04-11 22:19:28.073615,1318.66,credit_card,insufficient_funds,22,5,5.2,2,1,0,3,0.364,0,LINK_AFTER_2H,124,0,0.0
1173,91,2026-04-11 23:11:01.812362,1580.31,credit_card,bank_limit_exceeded,23,5,286.8,1,3,0,0,0.302,0,LINK_NOW,11,0,0.0
1174,71,2026-04-12 00:02:35.551110,8470.41,net_banking,insufficient_funds,0,6,98.3,1,1,0,0,0.135,0,LINK_NOW,27,1,6907.78
1175,512,2026-04-12 00:54:09.289858,1248.05,net_banking,insufficient_funds,0,6,117.5,2,2,0,1,0.204,0,LINK_NEXT_MORNING,489,0,0.0
1176,257,2026-04-12 01:45:43.028606,813.97,debit_card,temporary_network_issue,1,6,335.3,2,0,0,2,0.081,0,LINK_NEXT_MORNING,557,0,0.0
1177,747,2026-04-12 02:37:16.767353,599.39,credit_card,temporary_network_issue,2,6,19.4,2,2,1,0,0.167,0,NO_CONTACT,0,0,0.0
1178,525,2026-04-12 03:28:50.506101,244.05,net_banking,temporary_network_issue,3,6,29.9,1,2,1,2,0.156,0,LINK_NEXT_MORNING,572,0,0.0
1179,71,2026-04-12 04:20:24.244849,1502.77,credit_card,temporary_network_issue,4,6,98.3,1,1,0,0,0.321,1,LINK_AFTER_2H,90,1,1290.11
1180,233,2026-04-12 05:11:57.983597,199.0,credit_card,insufficient_funds,5,6,189.5,4,2,0,0,0.073,0,HUMAN_REVIEW,87,0,0.0
1181,649,2026-04-12 06:03:31.722344,1043.25,debit_card,temporary_network_issue,6,6,12.9,2,4,1,1,0.31,0,LINK_NEXT_MORNING,626,1,850.52
1182,173,2026-04-12 06:55:05.461092,39820.15,debit_card,temporary_network_issue,6,6,204.8,5,0,0,2,0.319,0,LINK_AFTER_2H,103,1,32095.75
1183,233,2026-04-12 07:46:39.199840,969.78,debit_card,card_blocked,7,6,189.5,4,2,0,1,0.22,0,HUMAN_REVIEW,49,0,0.0
1184,314,2026-04-12 08:38:12.938588,6091.48,net_banking,insufficient_funds,8,6,126.7,3,7,0,1,0.217,0,LINK_NEXT_MORNING,709,1,5023.05
1185,233,2026-04-12 09:29:46.677335,3202.29,credit_card,card_blocked,9,6,189.5,4,2,0,0,0.268,1,HUMAN_REVIEW,77,0,0.0
1186,233,2026-04-12 10:21:20.416083,13902.91,upi,bank_limit_exceeded,10,6,189.5,4,2,0,0,0.238,0,HUMAN_REVIEW,101,1,12803.23
1187,125,2026-04-12 11:12:54.154831,1036.04,net_banking,risk_declined,11,6,176.2,1,4,0,1,0.238,0,HUMAN_REVIEW,87,1,922.69
1188,71,2026-04-12 12:04:27.893579,2640.9,credit_card,insufficient_funds,12,6,98.3,1,1,0,0,0.238,0,NO_CONTACT,0,0,0.0
1189,515,2026-04-12 12:56:01.632326,1815.84,net_banking,temporary_network_issue,12,6,152.0,2,1,0,1,0.224,0,LINK_NOW,5,1,1572.02
1190,136,2026-04-12 13:47:35.371074,2736.48,debit_card,temporary_network_issue,13,6,54.7,1,3,1,3,0.097,0,LINK_NEXT_MORNING,649,0,0.0
1191,432,2026-04-12 14:39:09.109822,647.98,net_banking,insufficient_funds,14,6,114.2,1,1,2,0,0.144,0,NO_CONTACT,0,0,0.0
1192,594,2026-04-12 15:30:42.848570,1148.43,upi,temporary_network_issue,15,6,29.0,3,1,0,2,0.171,0,LINK_AFTER_2H,149,1,1056.49
1193,233,2026-04-12 16:22:16.587317,478.86,upi,temporary_network_issue,16,6,189.5,4,2,0,2,0.272,0,LINK_AFTER_2H,113,1,438.13
1194,233,2026-04-12 17:13:50.326065,625.94,wallet,insufficient_funds,17,6,189.5,4,2,0,1,0.203,0,LINK_AFTER_2H,96,0,0.0
1195,594,2026-04-12 18:05:24.064813,2892.54,debit_card,insufficient_funds,18,6,29.0,3,1,0,2,0.307,0,HUMAN_REVIEW,98,1,2762.7
1196,233,2026-04-12 18:56:57.803561,24790.8,net_banking,insufficient_funds,18,6,189.5,4,2,0,2,0.214,0,LINK_AFTER_2H,103,1,24210.42
1197,710,2026-04-12 19:48:31.542308,8793.85,credit_card,insufficient_funds,19,6,103.4,2,0,0,0,0.041,0,HUMAN_REVIEW,102,1,8314.6
1198,233,2026-04-12 20:40:05.281056,3386.53,upi,insufficient_funds,20,6,189.5,4,2,0,2,0.137,0,LINK_NEXT_MORNING,499,0,0.0
1199,58,2026-04-12 21:31:39.019804,1287.53,credit_card,insufficient_funds,21,6,17.4,3,0,1,0,0.199,0,LINK_NEXT_MORNING,659,0,0.0
1200,233,2026-04-12 22:23:12.758552,417.37,net_banking,insufficient_funds,22,6,189.5,4,2,0,1,0.054,0,LINK_NEXT_MORNING,505,0,0.0
1201,125,2026-04-12 23:14:46.497299,461.94,credit_card,risk_declined,23,6,176.2,1,4,0,0,0.075,0,LINK_NOW,24,0,0.0
1202,233,2026-04-13 00:06:20.236047,2413.79,debit_card,risk_declined,0,0,189.5,4,2,0,2,0.117,0,HUMAN_REVIEW,113,0,0.0
1203,65,2026-04-13 00:57:53.974795,26168.67,credit_card,temporary_network_issue,0,0,56.9,2,1,0,0,0.186,0,LINK_NEXT_MORNING,535,1,25941.71
1204,233,2026-04-13 01:49:27.713543,5603.57,credit_card,risk_declined,1,0,189.5,4,2,0,2,0.244,0,LINK_AFTER_2H,95,0,0.0
1205,379,2026-04-13 02:41:01.452290,3254.86,credit_card,insufficient_funds,2,0,127.5,3,0,0,0,0.506,0,LINK_NOW,6,0,0.0
1206,747,2026-04-13 03:32:35.191038,37880.47,debit_card,temporary_network_issue,3,0,19.4,2,2,1,2,0.218,0,LINK_NEXT_MORNING,707,1,35276.89
1207,233,2026-04-13 04:24:08.929786,2861.82,debit_card,insufficient_funds,4,0,189.5,4,2,0,0,0.135,0,LINK_NEXT_MORNING,541,1,2492.7
1208,233,2026-04-13 05:15:42.668534,4767.29,debit_card,risk_declined,5,0,189.5,4,2,0,1,0.242,0,LINK_NEXT_MORNING,607,0,0.0
1209,233,2026-04-13 06:07:16.407281,33627.37,debit_card,insufficient_funds,6,0,189.5,4,2,0,0,0.116,0,LINK_NEXT_MORNING,669,1,32163.51
1210,206,2026-04-13 06:58:50.146029,8038.76,debit_card,insufficient_funds,6,0,333.8,2,0,1,0,0.221,0,LINK_NEXT_MORNING,515,0,0.0
1211,233,2026-04-13 07:50:23.884777,4440.26,upi,insufficient_funds,7,0,189.5,4,2,0,0,0.07,0,LINK_NOW,19,1,3577.87
1212,58,2026-04-13 08:41:57.623525,199.0,net_banking,bank_limit_exceeded,8,0,17.4,3,0,1,1,0.52,0,LINK_NOW,13,1,198.62
1213,710,2026-04-13 09:33:31.362272,14268.79,credit_card,insufficient_funds,9,0,103.4,2,0,0,2,0.15,0,LINK_NEXT_MORNING,625,1,13465.09
1214,685,2026-04-13 10:25:05.101020,518.38,credit_card,insufficient_funds,10,0,581.8,1,2,0,1,0.135,0,LINK_AFTER_2H,97,0,0.0
1215,521,2026-04-13 11:16:38.839768,315.21,debit_card,insufficient_funds,11,0,249.5,2,2,1,2,0.143,0,LINK_AFTER_2H,116,1,257.64
1216,233,2026-04-13 12:08:12.578516,3528.43,upi,risk_declined,12,0,189.5,4,2,0,2,0.091,0,HUMAN_REVIEW,34,0,0.0
1217,233,2026-04-13 12:59:46.317263,5038.46,credit_card,temporary_network_issue,12,0,189.5,4,2,0,1,0.147,0,LINK_NEXT_MORNING,574,0,0.0
1218,193,2026-04-13 13:51:20.056011,708.87,net_banking,card_blocked,13,0,318.6,1,3,0,0,0.107,0,LINK_NOW,13,1,576.26
1219,594,2026-04-13 14:42:53.794759,403.59,credit_card,temporary_network_issue,14,0,29.0,3,1,0,1,0.25,1,LINK_AFTER_2H,130,0,0.0
1220,71,2026-04-13 15:34:27.533507,199.0,debit_card,temporary_network_issue,15,0,98.3,1,1,0,1,0.158,0,HUMAN_REVIEW,114,1,189.54
1221,222,2026-04-13 16:26:01.272254,1332.69,upi,insufficient_funds,16,0,220.2,1,1,0,1,0.245,0,NO_CONTACT,0,1,1278.77
1222,788,2026-04-13 17:17:35.011002,1714.89,debit_card,temporary_network_issue,17,0,259.3,2,2,0,0,0.089,0,LINK_NOW,19,1,1684.09
1223,193,2026-04-13 18:09:08.749750,461.14,debit_card,risk_declined,18,0,318.6,1,3,0,2,0.161,0,LINK_NOW,2,0,0.0
1224,459,2026-04-13 19:00:42.488498,27784.15,upi,card_blocked,19,0,17.7,3,2,1,1,0.592,0,LINK_NOW,25,0,0.0
1225,83,2026-04-13 19:52:16.227245,1056.51,credit_card,bank_limit_exceeded,19,0,208.1,4,0,0,1,0.071,0,LINK_NOW,25,0,0.0
1226,71,2026-04-13 20:43:49.965993,1238.82,debit_card,risk_declined,20,0,98.3,1,1,0,1,0.037,0,LINK_NEXT_MORNING,688,0,0.0
1227,710,2026-04-13 21:35:23.704741,8100.27,debit_card,temporary_network_issue,21,0,103.4,2,0,0,2,0.023,0,LINK_AFTER_2H,148,1,7658.35
1228,71,2026-04-13 22:26:57.443489,819.08,wallet,card_blocked,22,0,98.3,1,1,0,0,0.383,0,LINK_AFTER_2H,119,0,0.0
1229,125,2026-04-13 23:18:31.182236,27825.14,upi,risk_declined,23,0,176.2,1,4,0,2,0.269,0,LINK_NOW,22,0,0.0
1230,710,2026-04-14 00:10:04.920984,8139.56,credit_card,insufficient_funds,0,1,103.4,2,0,0,2,0.232,0,HUMAN_REVIEW,54,1,8020.93
1231,459,2026-04-14 01:01:38.659732,1651.33,upi,insufficient_funds,1,1,17.7,3,2,1,1,0.108,0,LINK_NOW,17,0,0.0
1232,233,2026-04-14 01:53:12.398480,14158.99,credit_card,temporary_network_issue,1,1,189.5,4,2,0,0,0.546,0,HUMAN_REVIEW,97,0,0.0
1233,71,2026-04-14 02:44:46.137227,14295.44,credit_card,insufficient_funds,2,1,98.3,1,1,0,6,0.117,0,NO_CONTACT,0,0,0.0
1234,594,2026-04-14 03:36:19.875975,1482.34,debit_card,insufficient_funds,3,1,29.0,3,1,0,1,0.215,0,LINK_AFTER_2H,145,0,0.0
1235,91,2026-04-14 04:27:53.614723,774.69,net_banking,bank_limit_exceeded,4,1,286.8,1,3,0,2,0.108,0,LINK_NEXT_MORNING,648,0,0.0
1236,747,2026-04-14 05:19:27.353471,1480.61,net_banking,risk_declined,5,1,19.4,2,2,1,2,0.153,1,LINK_NEXT_MORNING,682,0,0.0
1237,710,2026-04-14 06:11:01.092218,4665.65,debit_card,temporary_network_issue,6,1,103.4,2,0,0,0,0.28,0,LINK_NOW,29,1,4263.86
1238,521,2026-04-14 07:02:34.830966,1331.36,debit_card,temporary_network_issue,7,1,249.5,2,2,1,1,0.257,0,LINK_NEXT_MORNING,520,0,0.0
1239,193,2026-04-14 07:54:08.569714,1720.39,wallet,insufficient_funds,7,1,318.6,1,3,0,1,0.1,1,NO_CONTACT,0,0,0.0
1240,233,2026-04-14 08:45:42.308462,1344.65,upi,temporary_network_issue,8,1,189.5,4,2,0,1,0.367,0,LINK_NOW,5,0,0.0
1241,459,2026-04-14 09:37:16.047209,1129.05,net_banking,temporary_network_issue,9,1,17.7,3,2,1,1,0.111,0,LINK_NOW,17,0,0.0
1242,233,2026-04-14 10:28:49.785957,3587.93,credit_card,risk_declined,10,1,189.5,4,2,0,2,0.06,0,LINK_NEXT_MORNING,512,0,0.0
1243,71,2026-04-14 11:20:23.524705,1327.64,upi,bank_limit_exceeded,11,1,98.3,1,1,0,2,0.209,1,LINK_NEXT_MORNING,707,1,1118.41
1244,314,2026-04-14 12:11:57.263453,15162.06,net_banking,insufficient_funds,12,1,126.7,3,7,0,0,0.138,0,LINK_AFTER_2H,127,1,12135.08
1245,710,2026-04-14 13:03:31.002200,2375.6,wallet,insufficient_funds,13,1,103.4,2,0,0,1,0.23,0,NO_CONTACT,0,0,0.0
1246,412,2026-04-14 13:55:04.740948,695.48,credit_card,temporary_network_issue,13,1,13.3,1,0,1,3,0.171,0,LINK_NEXT_MORNING,625,1,673.48
1247,193,2026-04-14 14:46:38.479696,2698.08,net_banking,temporary_network_issue,14,1,318.6,1,3,0,0,0.2,0,NO_CONTACT,0,0,0.0
1248,83,2026-04-14 15:38:12.218444,5792.63,wallet,insufficient_funds,15,1,208.1,4,0,0,1,0.303,0,HUMAN_REVIEW,83,0,0.0
1249,233,2026-04-14 16:29:45.957191,2168.72,debit_card,risk_declined,16,1,189.5,4,2,0,0,0.175,0,NO_CONTACT,0,0,0.0
1250,747,2026-04-14 17:21:19.695939,981.9,net_banking,bank_limit_exceeded,17,1,19.4,2,2,1,0,0.232,1,HUMAN_REVIEW,78,0,0.0
1251,257,2026-04-14 18:12:53.434687,733.22,wallet,bank_limit_exceeded,18,1,335.3,2,0,0,3,0.055,0,LINK_NOW,28,1,670.01
1252,443,2026-04-14 19:04:27.173435,3589.61,debit_card,risk_declined,19,1,59.3,1,1,0,1,0.256,1,HUMAN_REVIEW,45,0,0.0
1253,68,2026-04-14 19:56:00.912182,4008.73,net_banking,bank_limit_exceeded,19,1,32.7,5,1,0,1,0.405,0,LINK_NOW,21,0,0.0
1254,594,2026-04-14 20:47:34.650930,8782.59,credit_card,bank_limit_exceeded,20,1,29.0,3,1,0,1,0.141,0,LINK_NEXT_MORNING,564,1,8155.54
1255,721,2026-04-14 21:39:08.389678,728.52,debit_card,card_blocked,21,1,117.7,3,1,1,0,0.322,0,LINK_AFTER_2H,139,0,0.0
1256,760,2026-04-14 22:30:42.128426,2777.68,debit_card,insufficient_funds,22,1,4.7,2,0,0,1,0.225,0,LINK_AFTER_2H,133,1,2314.23
1257,594,2026-04-14 23:22:15.867173,904.77,credit_card,insufficient_funds,23,1,29.0,3,1,0,1,0.167,0,LINK_NEXT_MORNING,510,0,0.0
1258,72,2026-04-15 00:13:49.605921,3025.81,net_banking,insufficient_funds,0,2,125.2,3,1,0,0,0.024,0,NO_CONTACT,0,0,0.0
1259,71,2026-04-15 01:05:23.344669,452.03,credit_card,temporary_network_issue,1,2,98.3,1,1,0,5,0.24,0,LINK_NOW,26,1,444.33
1260,71,2026-04-15 01:56:57.083417,10992.29,upi,risk_declined,1,2,98.3,1,1,0,2,0.287,0,HUMAN_REVIEW,70,0,0.0
1261,459,2026-04-15 02:48:30.822164,211.27,debit_card,temporary_network_issue,2,2,17.7,3,2,1,1,0.134,0,LINK_NEXT_MORNING,593,0,0.0
1262,233,2026-04-15 03:40:04.560912,749.68,net_banking,temporary_network_issue,3,2,189.5,4,2,0,1,0.142,0,HUMAN_REVIEW,32,0,0.0
1263,710,2026-04-15 04:31:38.299660,3056.35,debit_card,insufficient_funds,4,2,103.4,2,0,0,1,0.29,0,NO_CONTACT,0,0,0.0
1264,594,2026-04-15 05:23:12.038408,820.55,credit_card,insufficient_funds,5,2,29.0,3,1,0,1,0.072,0,NO_CONTACT,0,0,0.0
1265,233,2026-04-15 06:14:45.777155,851.09,credit_card,temporary_network_issue,6,2,189.5,4,2,0,1,0.323,0,LINK_NOW,1,0,0.0
1266,193,2026-04-15 07:06:19.515903,5539.41,credit_card,insufficient_funds,7,2,318.6,1,3,0,2,0.4,0,LINK_NEXT_MORNING,697,0,0.0
1267,300,2026-04-15 07:57:53.254651,199.0,upi,insufficient_funds,7,2,9.0,3,2,0,1,0.274,0,LINK_NOW,23,1,182.39
1268,125,2026-04-15 08:49:26.993399,262.96,upi,temporary_network_issue,8,2,176.2,1,4,0,1,0.024,0,LINK_NOW,9,0,0.0
1269,459,2026-04-15 09:41:00.732146,622.58,upi,temporary_network_issue,9,2,17.7,3,2,1,0,0.07,0,LINK_NOW,24,1,544.18
1270,193,2026-04-15 10:32:34.470894,614.32,net_banking,insufficient_funds,10,2,318.6,1,3,0,0,0.152,0,HUMAN_REVIEW,58,0,0.0
1271,637,2026-04-15 11:24:08.209642,6456.99,net_banking,card_blocked,11,2,26.0,3,2,0,2,0.058,0,LINK_AFTER_2H,127,0,0.0
1272,91,2026-04-15 12:15:41.948390,4255.04,debit_card,temporary_network_issue,12,2,286.8,1,3,0,0,0.261,0,NO_CONTACT,0,1,4035.61
1273,314,2026-04-15 13:07:15.687137,2901.21,debit_card,insufficient_funds,13,2,126.7,3,7,0,1,0.017,1,LINK_NEXT_MORNING,684,0,0.0
1274,459,2026-04-15 13:58:49.425885,10995.62,net_banking,card_blocked,13,2,17.7,3,2,1,1,0.175,0,NO_CONTACT,0,0,0.0
1275,710,2026-04-15 14:50:23.164633,199.0,credit_card,temporary_network_issue,14,2,103.4,2,0,0,0,0.129,0,LINK_NOW,4,0,0.0
1276,233,2026-04-15 15:41:56.903381,2678.03,debit_card,insufficient_funds,15,2,189.5,4,2,0,2,0.034,0,LINK_NEXT_MORNING,710,0,0.0
1277,710,2026-04-15 16:33:30.642128,20896.29,credit_card,bank_limit_exceeded,16,2,103.4,2,0,0,2,0.133,0,LINK_NEXT_MORNING,594,1,17031.36
1278,11,2026-04-15 17:25:04.380876,3677.17,debit_card,temporary_network_issue,17,2,55.1,2,1,0,0,0.212,0,LINK_AFTER_2H,95,1,3340.39
1279,193,2026-04-15 18:16:38.119624,722.63,debit_card,temporary_network_issue,18,2,318.6,1,3,0,1,0.327,0,NO_CONTACT,0,0,0.0
1280,581,2026-04-15 19:08:11.858372,5377.66,credit_card,risk_declined,19,2,27.9,0,0,0,0,0.293,0,LINK_NOW,13,0,0.0
1281,710,2026-04-15 19:59:45.597119,2537.49,debit_card,bank_limit_exceeded,19,2,103.4,2,0,0,3,0.433,0,LINK_AFTER_2H,119,1,2399.28
1282,233,2026-04-15 20:51:19.335867,2752.5,credit_card,insufficient_funds,20,2,189.5,4,2,0,6,0.182,0,LINK_NEXT_MORNING,710,1,2372.47
1283,459,2026-04-15 21:42:53.074615,854.23,credit_card,risk_declined,21,2,17.7,3,2,1,1,0.184,0,HUMAN_REVIEW,33,0,0.0
1284,193,2026-04-15 22:34:26.813363,15077.56,debit_card,risk_declined,22,2,318.6,1,3,0,2,0.007,0,LINK_NOW,12,0,0.0
1285,528,2026-04-15 23:26:00.552110,14422.58,debit_card,insufficient_funds,23,2,25.9,3,2,0,2,0.156,0,LINK_NEXT_MORNING,699,1,13731.2
1286,233,2026-04-16 00:17:34.290858,2032.85,upi,card_blocked,0,3,189.5,4,2,0,0,0.243,0,NO_CONTACT,0,0,0.0
1287,193,2026-04-16 01:09:08.029606,1472.99,net_banking,insufficient_funds,1,3,318.6,1,3,0,0,0.511,0,LINK_AFTER_2H,128,0,0.0
1288,120,2026-04-16 02:00:41.768354,7094.68,upi,temporary_network_issue,2,3,6.0,3,2,1,0,0.063,0,LINK_AFTER_2H,99,0,0.0
1289,594,2026-04-16 02:52:15.507101,631.4,credit_card,card_blocked,2,3,29.0,3,1,0,2,0.272,0,NO_CONTACT,0,0,0.0
1290,125,2026-04-16 03:43:49.245849,915.44,debit_card,temporary_network_issue,3,3,176.2,1,4,0,3,0.178,0,HUMAN_REVIEW,83,1,734.53
1291,222,2026-04-16 04:35:22.984597,5639.37,net_banking,risk_declined,4,3,220.2,1,1,0,1,0.353,0,NO_CONTACT,0,0,0.0
1292,349,2026-04-16 05:26:56.723345,2326.67,credit_card,risk_declined,5,3,14.1,2,0,0,2,0.036,0,LINK_NOW,25,0,0.0
1293,233,2026-04-16 06:18:30.462092,11963.35,credit_card,bank_limit_exceeded,6,3,189.5,4,2,0,2,0.203,0,LINK_NEXT_MORNING,705,0,0.0
1294,233,2026-04-16 07:10:04.200840,857.73,net_banking,insufficient_funds,7,3,189.5,4,2,0,3,0.168,0,NO_CONTACT,0,0,0.0
1295,125,2026-04-16 08:01:37.939588,704.68,net_banking,insufficient_funds,8,3,176.2,1,4,0,0,0.311,0,NO_CONTACT,0,0,0.0
1296,360,2026-04-16 08:53:11.678336,5495.23,credit_card,risk_declined,8,3,85.5,3,2,0,2,0.485,0,HUMAN_REVIEW,58,0,0.0
1297,314,2026-04-16 09:44:45.417083,420.27,credit_card,insufficient_funds,9,3,126.7,3,7,0,3,0.222,0,LINK_NOW,29,0,0.0
1298,233,2026-04-16 10:36:19.155831,5906.59,net_banking,temporary_network_issue,10,3,189.5,4,2,0,0,0.19,0,NO_CONTACT,0,0,0.0
1299,658,2026-04-16 11:27:52.894579,2636.18,credit_card,risk_declined,11,3,85.6,4,0,0,0,0.409,0,NO_CONTACT,0,0,0.0
1300,193,2026-04-16 12:19:26.633327,826.52,upi,insufficient_funds,12,3,318.6,1,3,0,0,0.31,0,LINK_NOW,7,0,0.0
1301,83,2026-04-16 13:11:00.372074,625.64,upi,insufficient_funds,13,3,208.1,4,0,0,1,0.337,0,HUMAN_REVIEW,68,1,597.49
1302,193,2026-04-16 14:02:34.110822,1248.36,upi,temporary_network_issue,14,3,318.6,1,3,0,1,0.17,0,NO_CONTACT,0,1,1056.78
1303,314,2026-04-16 14:54:07.849570,427.86,credit_card,insufficient_funds,14,3,126.7,3,7,0,1,0.076,0,LINK_NEXT_MORNING,625,1,393.12
1304,91,2026-04-16 15:45:41.588318,30149.48,credit_card,temporary_network_issue,15,3,286.8,1,3,0,2,0.024,0,LINK_NEXT_MORNING,680,0,0.0
1305,233,2026-04-16 16:37:15.327065,2345.59,upi,insufficient_funds,16,3,189.5,4,2,0,3,0.338,0,LINK_AFTER_2H,111,0,0.0
1306,193,2026-04-16 17:28:49.065813,3359.89,debit_card,insufficient_funds,17,3,318.6,1,3,0,2,0.198,0,HUMAN_REVIEW,47,0,0.0
1307,91,2026-04-16 18:20:22.804561,497.52,debit_card,risk_declined,18,3,286.8,1,3,0,0,0.085,0,NO_CONTACT,0,0,0.0
1308,91,2026-04-16 19:11:56.543309,837.04,debit_card,temporary_network_issue,19,3,286.8,1,3,0,0,0.2,0,LINK_AFTER_2H,126,0,0.0
1309,233,2026-04-16 20:03:30.282056,6572.52,credit_card,card_blocked,20,3,189.5,4,2,0,3,0.121,0,LINK_NOW,14,0,0.0
1310,705,2026-04-16 20:55:04.020804,629.12,net_banking,insufficient_funds,20,3,113.6,2,3,1,1,0.371,0,LINK_NEXT_MORNING,640,1,557.8
1311,747,2026-04-16 21:46:37.759552,1246.23,upi,card_blocked,21,3,19.4,2,2,1,2,0.153,0,NO_CONTACT,0,0,0.0
1312,370,2026-04-16 22:38:11.498300,3553.32,upi,bank_limit_exceeded,22,3,16.8,3,1,1,0,0.141,0,HUMAN_REVIEW,77,0,0.0
1313,459,2026-04-16 23:29:45.237047,1465.95,net_banking,temporary_network_issue,23,3,17.7,3,2,1,0,0.046,0,LINK_AFTER_2H,134,1,1281.27
1314,710,2026-04-17 00:21:18.975795,1123.65,debit_card,card_blocked,0,4,103.4,2,0,0,4,0.402,0,NO_CONTACT,0,0,0.0
1315,233,2026-04-17 01:12:52.714543,520.28,debit_card,insufficient_funds,1,4,189.5,4,2,0,1,0.32,0,NO_CONTACT,0,0,0.0
1316,151,2026-04-17 02:04:26.453291,6789.59,credit_card,temporary_network_issue,2,4,63.0,2,1,0,1,0.195,0,LINK_NEXT_MORNING,527,0,0.0
1317,521,2026-04-17 02:56:00.192038,12335.69,credit_card,risk_declined,2,4,249.5,2,2,1,0,0.112,0,HUMAN_REVIEW,31,0,0.0
1318,233,2026-04-17 03:47:33.930786,28395.66,credit_card,risk_declined,3,4,189.5,4,2,0,2,0.108,0,HUMAN_REVIEW,55,0,0.0
1319,459,2026-04-17 04:39:07.669534,1792.35,net_banking,temporary_network_issue,4,4,17.7,3,2,1,2,0.28,0,HUMAN_REVIEW,46,0,0.0
1320,233,2026-04-17 05:30:41.408282,3855.82,credit_card,bank_limit_exceeded,5,4,189.5,4,2,0,1,0.222,0,LINK_AFTER_2H,93,1,3135.5
1321,173,2026-04-17 06:22:15.147029,8878.77,wallet,insufficient_funds,6,4,204.8,5,0,0,1,0.018,0,HUMAN_REVIEW,38,0,0.0
1322,209,2026-04-17 07:13:48.885777,2852.11,wallet,card_blocked,7,4,94.6,2,0,0,2,0.334,0,LINK_NEXT_MORNING,489,0,0.0
1323,290,2026-04-17 08:05:22.624525,8435.75,credit_card,insufficient_funds,8,4,127.5,2,0,0,0,0.113,0,NO_CONTACT,0,0,0.0
1324,193,2026-04-17 08:56:56.363273,4479.97,debit_card,card_blocked,8,4,318.6,1,3,0,3,0.091,0,NO_CONTACT,0,0,0.0
1325,777,2026-04-17 09:48:30.102020,5661.26,upi,insufficient_funds,9,4,155.1,3,0,2,2,0.185,0,LINK_AFTER_2H,138,1,4686.36
1326,193,2026-04-17 10:40:03.840768,886.91,wallet,bank_limit_exceeded,10,4,318.6,1,3,0,2,0.134,0,LINK_NOW,4,1,871.3
1327,193,2026-04-17 11:31:37.579516,278.76,upi,risk_declined,11,4,318.6,1,3,0,1,0.418,0,LINK_NOW,5,0,0.0
1328,173,2026-04-17 12:23:11.318264,5844.03,debit_card,insufficient_funds,12,4,204.8,5,0,0,1,0.045,1,LINK_NEXT_MORNING,528,0,0.0
1329,459,2026-04-17 13:14:45.057011,2345.43,credit_card,card_blocked,13,4,17.7,3,2,1,0,0.222,0,NO_CONTACT,0,0,0.0
1330,710,2026-04-17 14:06:18.795759,2404.13,debit_card,risk_declined,14,4,103.4,2,0,0,1,0.277,0,LINK_NEXT_MORNING,519,0,0.0
1331,193,2026-04-17 14:57:52.534507,282.59,debit_card,insufficient_funds,14,4,318.6,1,3,0,1,0.033,0,LINK_NOW,16,0,0.0
1332,71,2026-04-17 15:49:26.273255,12538.89,debit_card,insufficient_funds,15,4,98.3,1,1,0,1,0.152,0,HUMAN_REVIEW,115,0,0.0
1333,233,2026-04-17 16:41:00.012002,1530.7,upi,temporary_network_issue,16,4,189.5,4,2,0,0,0.215,0,NO_CONTACT,0,0,0.0
1334,710,2026-04-17 17:32:33.750750,199.0,debit_card,insufficient_funds,17,4,103.4,2,0,0,3,0.075,0,HUMAN_REVIEW,48,1,164.61
1335,710,2026-04-17 18:24:07.489498,27045.98,upi,temporary_network_issue,18,4,103.4,2,0,0,2,0.186,0,NO_CONTACT,0,0,0.0
1336,193,2026-04-17 19:15:41.228246,2098.88,credit_card,temporary_network_issue,19,4,318.6,1,3,0,2,0.055,0,LINK_AFTER_2H,126,0,0.0
1337,459,2026-04-17 20:07:14.966993,4742.23,debit_card,temporary_network_issue,20,4,17.7,3,2,1,2,0.392,0,HUMAN_REVIEW,78,1,4686.46
1338,173,2026-04-17 20:58:48.705741,50000.0,debit_card,temporary_network_issue,20,4,204.8,5,0,0,2,0.281,0,LINK_NOW,17,0,0.0
1339,193,2026-04-17 21:50:22.444489,1309.95,debit_card,bank_limit_exceeded,21,4,318.6,1,3,0,1,0.247,0,HUMAN_REVIEW,35,0,0.0
1340,71,2026-04-17 22:41:56.183237,2622.12,upi,risk_declined,22,4,98.3,1,1,0,2,0.093,1,HUMAN_REVIEW,93,1,2281.12
1341,233,2026-04-17 23:33:29.921984,1120.43,debit_card,card_blocked,23,4,189.5,4,2,0,2,0.246,0,NO_CONTACT,0,0,0.0
1342,233,2026-04-18 00:25:03.660732,10738.94,upi,temporary_network_issue,0,5,189.5,4,2,0,3,0.748,0,LINK_AFTER_2H,112,0,0.0
1343,233,2026-04-18 01:16:37.399480,508.31,wallet,insufficient_funds,1,5,189.5,4,2,0,1,0.536,0,LINK_NOW,13,1,484.05
1344,193,2026-04-18 02:08:11.138228,12714.08,upi,insufficient_funds,2,5,318.6,1,3,0,0,0.265,0,LINK_NEXT_MORNING,510,0,0.0
1345,233,2026-04-18 02:59:44.876975,7551.96,debit_card,card_blocked,2,5,189.5,4,2,0,2,0.269,0,NO_CONTACT,0,0,0.0
1346,459,2026-04-18 03:51:18.615723,875.36,debit_card,temporary_network_issue,3,5,17.7,3,2,1,1,0.021,0,LINK_NEXT_MORNING,532,0,0.0
1347,754,2026-04-18 04:42:52.354471,1912.67,credit_card,insufficient_funds,4,5,148.4,1,2,0,3,0.121,0,LINK_NEXT_MORNING,512,0,0.0
1348,747,2026-04-18 05:34:26.093219,20702.81,net_banking,risk_declined,5,5,19.4,2,2,1,1,0.185,0,LINK_NEXT_MORNING,496,0,0.0
1349,233,2026-04-18 06:25:59.831966,212.57,wallet,temporary_network_issue,6,5,189.5,4,2,0,2,0.154,1,LINK_AFTER_2H,90,1,192.08
1350,459,2026-04-18 07:17:33.570714,2631.01,credit_card,risk_declined,7,5,17.7,3,2,1,2,0.169,0,LINK_AFTER_2H,101,0,0.0
1351,747,2026-04-18 08:09:07.309462,1497.65,upi,risk_declined,8,5,19.4,2,2,1,1,0.064,0,NO_CONTACT,0,0,0.0
1352,34,2026-04-18 09:00:41.048210,1330.25,upi,insufficient_funds,9,5,202.2,2,0,0,1,0.084,0,LINK_NOW,2,0,0.0
1353,233,2026-04-18 09:52:14.786957,199.0,wallet,bank_limit_exceeded,9,5,189.5,4,2,0,1,0.132,0,HUMAN_REVIEW,74,0,0.0
1354,356,2026-04-18 10:43:48.525705,2279.01,debit_card,insufficient_funds,10,5,34.2,2,0,0,0,0.029,0,LINK_AFTER_2H,125,1,1838.67
1355,476,2026-04-18 11:35:22.264453,246.79,debit_card,bank_limit_exceeded,11,5,22.9,1,1,0,2,0.226,1,LINK_AFTER_2H,113,0,0.0
1356,233,2026-04-18 12:26:56.003201,3392.08,credit_card,temporary_network_issue,12,5,189.5,4,2,0,0,0.303,0,NO_CONTACT,0,0,0.0
1357,314,2026-04-18 13:18:29.741948,3747.48,upi,risk_declined,13,5,126.7,3,7,0,1,0.193,0,HUMAN_REVIEW,107,1,3065.36
1358,71,2026-04-18 14:10:03.480696,15566.89,credit_card,card_blocked,14,5,98.3,1,1,0,4,0.328,0,LINK_NEXT_MORNING,516,0,0.0
1359,233,2026-04-18 15:01:37.219444,13369.29,debit_card,temporary_network_issue,15,5,189.5,4,2,0,1,0.092,0,NO_CONTACT,0,0,0.0
1360,459,2026-04-18 15:53:10.958192,2355.67,debit_card,card_blocked,15,5,17.7,3,2,1,3,0.42,0,NO_CONTACT,0,0,0.0
1361,233,2026-04-18 16:44:44.696939,7958.85,debit_card,bank_limit_exceeded,16,5,189.5,4,2,0,2,0.262,1,NO_CONTACT,0,0,0.0
1362,596,2026-04-18 17:36:18.435687,9682.1,debit_card,bank_limit_exceeded,17,5,7.4,2,2,0,1,0.111,0,LINK_NEXT_MORNING,571,1,9261.89
1363,459,2026-04-18 18:27:52.174435,2898.53,net_banking,card_blocked,18,5,17.7,3,2,1,3,0.277,0,NO_CONTACT,0,0,0.0
1364,396,2026-04-18 19:19:25.913183,1534.01,upi,card_blocked,19,5,558.1,2,1,1,1,0.27,0,HUMAN_REVIEW,56,0,0.0
1365,222,2026-04-18 20:10:59.651930,16035.11,credit_card,insufficient_funds,20,5,220.2,1,1,0,2,0.094,0,LINK_NEXT_MORNING,627,0,0.0
1366,233,2026-04-18 21:02:33.390678,3090.03,upi,risk_declined,21,5,189.5,4,2,0,0,0.058,0,HUMAN_REVIEW,108,0,0.0
1367,233,2026-04-18 21:54:07.129426,246.74,net_banking,card_blocked,21,5,189.5,4,2,0,2,0.3,0,LINK_NEXT_MORNING,649,0,0.0
1368,193,2026-04-18 22:45:40.868174,3843.49,credit_card,risk_declined,22,5,318.6,1,3,0,1,0.163,0,NO_CONTACT,0,1,3679.33
1369,91,2026-04-18 23:37:14.606921,1012.06,upi,card_blocked,23,5,286.8,1,3,0,2,0.335,1,LINK_AFTER_2H,114,1,869.73
1370,459,2026-04-19 00:28:48.345669,42746.36,credit_card,insufficient_funds,0,6,17.7,3,2,1,2,0.224,0,LINK_AFTER_2H,133,1,36113.69
1371,71,2026-04-19 01:20:22.084417,863.91,net_banking,insufficient_funds,1,6,98.3,1,1,0,0,0.295,0,HUMAN_REVIEW,99,1,807.25
1372,459,2026-04-19 02:11:55.823165,1525.72,net_banking,insufficient_funds,2,6,17.7,3,2,1,1,0.022,0,LINK_NOW,18,1,1491.68
1373,125,2026-04-19 03:03:29.561912,8216.68,net_banking,temporary_network_issue,3,6,176.2,1,4,0,0,0.295,0,LINK_NEXT_MORNING,589,1,6607.38
1374,193,2026-04-19 03:55:03.300660,50000.0,debit_card,insufficient_funds,3,6,318.6,1,3,0,0,0.152,0,LINK_NEXT_MORNING,685,0,0.0
1375,233,2026-04-19 04:46:37.039408,2087.08,net_banking,card_blocked,4,6,189.5,4,2,0,0,0.195,0,LINK_NEXT_MORNING,646,1,1749.74
1376,125,2026-04-19 05:38:10.778156,777.01,upi,insufficient_funds,5,6,176.2,1,4,0,1,0.168,0,NO_CONTACT,0,0,0.0
1377,747,2026-04-19 06:29:44.516903,798.84,net_banking,temporary_network_issue,6,6,19.4,2,2,1,0,0.136,0,HUMAN_REVIEW,59,1,647.53
1378,233,2026-04-19 07:21:18.255651,331.75,upi,insufficient_funds,7,6,189.5,4,2,0,2,0.083,0,HUMAN_REVIEW,76,1,269.09
1379,765,2026-04-19 08:12:51.994399,3109.25,net_banking,temporary_network_issue,8,6,11.2,3,3,0,1,0.182,0,LINK_AFTER_2H,136,0,0.0
1380,233,2026-04-19 09:04:25.733147,3857.71,debit_card,insufficient_funds,9,6,189.5,4,2,0,1,0.28,0,NO_CONTACT,0,1,3522.1
1381,71,2026-04-19 09:55:59.471894,472.21,credit_card,card_blocked,9,6,98.3,1,1,0,1,0.345,0,HUMAN_REVIEW,79,1,462.87
1382,443,2026-04-19 10:47:33.210642,1729.68,net_banking,insufficient_funds,10,6,59.3,1,1,0,0,0.18,0,LINK_NEXT_MORNING,507,0,0.0
1383,71,2026-04-19 11:39:06.949390,1650.12,upi,insufficient_funds,11,6,98.3,1,1,0,1,0.078,0,LINK_NEXT_MORNING,510,0,0.0
1384,233,2026-04-19 12:30:40.688138,1075.84,credit_card,bank_limit_exceeded,12,6,189.5,4,2,0,3,0.166,0,HUMAN_REVIEW,102,1,950.21
1385,233,2026-04-19 13:22:14.426885,5275.29,credit_card,insufficient_funds,13,6,189.5,4,2,0,0,0.237,0,LINK_NEXT_MORNING,527,1,5263.96
1386,233,2026-04-19 14:13:48.165633,1261.56,credit_card,risk_declined,14,6,189.5,4,2,0,2,0.271,0,HUMAN_REVIEW,95,1,1056.45
1387,459,2026-04-19 15:05:21.904381,14743.62,debit_card,bank_limit_exceeded,15,6,17.7,3,2,1,2,0.166,0,HUMAN_REVIEW,82,0,0.0
1388,594,2026-04-19 15:56:55.643129,325.02,debit_card,temporary_network_issue,15,6,29.0,3,1,0,2,0.228,0,LINK_NOW,27,1,262.19
1389,710,2026-04-19 16:48:29.381876,2100.36,debit_card,temporary_network_issue,16,6,103.4,2,0,0,1,0.224,0,LINK_NOW,14,1,2064.33
1390,193,2026-04-19 17:40:03.120624,236.39,debit_card,temporary_network_issue,17,6,318.6,1,3,0,1,0.284,0,LINK_AFTER_2H,134,0,0.0
1391,71,2026-04-19 18:31:36.859372,4963.54,debit_card,temporary_network_issue,18,6,98.3,1,1,0,1,0.372,0,HUMAN_REVIEW,30,0,0.0
1392,51,2026-04-19 19:23:10.598120,1850.92,upi,temporary_network_issue,19,6,53.8,6,1,2,3,0.128,0,NO_CONTACT,0,0,0.0
1393,650,2026-04-19 20:14:44.336867,1906.45,credit_card,insufficient_funds,20,6,27.7,2,0,0,0,0.019,0,LINK_NEXT_MORNING,673,0,0.0
1394,193,2026-04-19 21:06:18.075615,1269.01,credit_card,temporary_network_issue,21,6,318.6,1,3,0,3,0.388,0,NO_CONTACT,0,1,1215.78
1395,193,2026-04-19 21:57:51.814363,9205.43,net_banking,risk_declined,21,6,318.6,1,3,0,1,0.225,0,HUMAN_REVIEW,52,0,0.0
1396,233,2026-04-19 22:49:25.553111,8987.89,upi,insufficient_funds,22,6,189.5,4,2,0,1,0.096,0,LINK_NEXT_MORNING,627,1,7548.05
1397,459,2026-04-19 23:40:59.291858,3964.86,debit_card,card_blocked,23,6,17.7,3,2,1,0,0.05,0,LINK_AFTER_2H,122,0,0.0
1398,699,2026-04-20 00:32:33.030606,1500.34,upi,card_blocked,0,0,125.3,0,2,1,2,0.145,0,LINK_NEXT_MORNING,573,0,0.0
1399,269,2026-04-20 01:24:06.769354,3153.68,credit_card,insufficient_funds,1,0,63.3,1,1,0,1,0.272,0,NO_CONTACT,0,0,0.0
1400,193,2026-04-20 02:15:40.508102,3504.04,credit_card,insufficient_funds,2,0,318.6,1,3,0,1,0.232,0,HUMAN_REVIEW,118,0,0.0
1401,91,2026-04-20 03:07:14.246849,1893.9,debit_card,temporary_network_issue,3,0,286.8,1,3,0,2,0.217,0,LINK_NOW,15,0,0.0
1402,718,2026-04-20 03:58:47.985597,45398.69,net_banking,card_blocked,3,0,277.8,2,2,1,0,0.247,0,NO_CONTACT,0,1,37628.53
1403,161,2026-04-20 04:50:21.724345,1071.47,debit_card,insufficient_funds,4,0,39.9,2,1,2,0,0.112,0,NO_CONTACT,0,0,0.0
1404,594,2026-04-20 05:41:55.463093,2464.56,net_banking,card_blocked,5,0,29.0,3,1,0,2,0.329,0,NO_CONTACT,0,0,0.0
1405,83,2026-04-20 06:33:29.201840,1463.71,credit_card,card_blocked,6,0,208.1,4,0,0,2,0.151,0,LINK_NEXT_MORNING,623,1,1338.98
1406,193,2026-04-20 07:25:02.940588,21716.41,debit_card,risk_declined,7,0,318.6,1,3,0,0,0.239,0,LINK_NEXT_MORNING,581,1,20736.39
1407,193,2026-04-20 08:16:36.679336,1120.21,credit_card,insufficient_funds,8,0,318.6,1,3,0,1,0.103,0,NO_CONTACT,0,0,0.0
1408,71,2026-04-20 09:08:10.418084,7713.49,debit_card,temporary_network_issue,9,0,98.3,1,1,0,0,0.134,1,LINK_NEXT_MORNING,718,1,7284.04
1409,496,2026-04-20 09:59:44.156831,881.9,debit_card,insufficient_funds,9,0,44.7,4,1,0,1,0.125,0,LINK_AFTER_2H,148,0,0.0
1410,459,2026-04-20 10:51:17.895579,2878.51,upi,insufficient_funds,10,0,17.7,3,2,1,2,0.192,0,HUMAN_REVIEW,68,1,2466.7
1411,459,2026-04-20 11:42:51.634327,29877.89,debit_card,insufficient_funds,11,0,17.7,3,2,1,1,0.219,0,LINK_NEXT_MORNING,614,1,28027.69
1412,71,2026-04-20 12:34:25.373075,425.01,net_banking,card_blocked,12,0,98.3,1,1,0,0,0.061,0,LINK_AFTER_2H,133,1,397.71
1413,710,2026-04-20 13:25:59.111822,821.62,debit_card,bank_limit_exceeded,13,0,103.4,2,0,0,3,0.319,0,LINK_NOW,0,0,0.0
1414,369,2026-04-20 14:17:32.850570,45939.45,wallet,insufficient_funds,14,0,53.7,4,1,1,1,0.094,0,LINK_AFTER_2H,123,1,38108.49
1415,710,2026-04-20 15:09:06.589318,9452.62,upi,temporary_network_issue,15,0,103.4,2,0,0,0,0.025,0,LINK_NOW,16,1,8246.97
1416,233,2026-04-20 16:00:40.328066,253.69,upi,insufficient_funds,16,0,189.5,4,2,0,2,0.242,0,LINK_NEXT_MORNING,656,0,0.0
1417,71,2026-04-20 16:52:14.066813,1290.34,net_banking,card_blocked,16,0,98.3,1,1,0,0,0.108,0,LINK_AFTER_2H,129,0,0.0
1418,233,2026-04-20 17:43:47.805561,1620.7,debit_card,temporary_network_issue,17,0,189.5,4,2,0,0,0.153,0,LINK_NOW,3,0,0.0
1419,397,2026-04-20 18:35:21.544309,5953.01,debit_card,temporary_network_issue,18,0,66.1,3,2,2,2,0.035,0,NO_CONTACT,0,1,5639.4
1420,233,2026-04-20 19:26:55.283057,5509.85,upi,temporary_network_issue,19,0,189.5,4,2,0,1,0.391,0,HUMAN_REVIEW,42,0,0.0
1421,459,2026-04-20 20:18:29.021804,3498.63,credit_card,card_blocked,20,0,17.7,3,2,1,0,0.135,0,NO_CONTACT,0,0,0.0
1422,233,2026-04-20 21:10:02.760552,528.57,credit_card,insufficient_funds,21,0,189.5,4,2,0,2,0.155,0,LINK_AFTER_2H,115,0,0.0
1423,233,2026-04-20 22:01:36.499300,13711.03,net_banking,temporary_network_issue,22,0,189.5,4,2,0,0,0.21,0,HUMAN_REVIEW,42,1,13424.16
1424,173,2026-04-20 22:53:10.238048,6411.29,credit_card,temporary_network_issue,22,0,204.8,5,0,0,0,0.158,0,LINK_NEXT_MORNING,575,1,5793.65
1425,91,2026-04-20 23:44:43.976795,1456.27,upi,insufficient_funds,23,0,286.8,1,3,0,1,0.112,0,LINK_NEXT_MORNING,650,1,1369.49
1426,233,2026-04-21 00:36:17.715543,50000.0,upi,insufficient_funds,0,1,189.5,4,2,0,1,0.231,0,LINK_NEXT_MORNING,619,0,0.0
1427,257,2026-04-21 01:27:51.454291,1793.82,net_banking,risk_declined,1,1,335.3,2,0,0,0,0.052,0,LINK_NOW,23,0,0.0
1428,71,2026-04-21 02:19:25.193039,6809.25,debit_card,risk_declined,2,1,98.3,1,1,0,1,0.155,0,LINK_AFTER_2H,103,0,0.0
1429,459,2026-04-21 03:10:58.931786,43420.19,net_banking,insufficient_funds,3,1,17.7,3,2,1,3,0.13,0,NO_CONTACT,0,0,0.0
1430,233,2026-04-21 04:02:32.670534,2521.56,debit_card,card_blocked,4,1,189.5,4,2,0,1,0.308,0,NO_CONTACT,0,0,0.0
1431,193,2026-04-21 04:54:06.409282,1245.87,debit_card,temporary_network_issue,4,1,318.6,1,3,0,2,0.372,0,LINK_NOW,20,0,0.0
1432,594,2026-04-21 05:45:40.148030,6254.85,upi,bank_limit_exceeded,5,1,29.0,3,1,0,1,0.19,0,HUMAN_REVIEW,62,0,0.0
1433,435,2026-04-21 06:37:13.886777,2879.42,credit_card,bank_limit_exceeded,6,1,178.7,5,1,0,5,0.074,0,LINK_NEXT_MORNING,712,0,0.0
1434,125,2026-04-21 07:28:47.625525,12304.91,upi,temporary_network_issue,7,1,176.2,1,4,0,0,0.213,0,NO_CONTACT,0,1,10864.53
1435,233,2026-04-21 08:20:21.364273,6636.11,upi,insufficient_funds,8,1,189.5,4,2,0,1,0.071,0,LINK_AFTER_2H,92,1,5563.1
1436,521,2026-04-21 09:11:55.103021,8407.44,wallet,temporary_network_issue,9,1,249.5,2,2,1,1,0.067,0,NO_CONTACT,0,1,6986.91
1437,233,2026-04-21 10:03:28.841768,897.55,debit_card,card_blocked,10,1,189.5,4,2,0,1,0.112,0,HUMAN_REVIEW,36,0,0.0
1438,459,2026-04-21 10:55:02.580516,7901.59,debit_card,bank_limit_exceeded,10,1,17.7,3,2,1,1,0.222,0,LINK_AFTER_2H,104,1,7081.94
1439,201,2026-04-21 11:46:36.319264,602.06,upi,temporary_network_issue,11,1,18.6,2,4,0,0,0.172,0,LINK_NOW,6,1,492.57
1440,193,2026-04-21 12:38:10.058012,5462.7,upi,risk_declined,12,1,318.6,1,3,0,3,0.128,0,HUMAN_REVIEW,72,0,0.0
1441,459,2026-04-21 13:29:43.796759,5518.99,upi,card_blocked,13,1,17.7,3,2,1,0,0.36,0,HUMAN_REVIEW,77,0,0.0
1442,222,2026-04-21 14:21:17.535507,199.0,upi,insufficient_funds,14,1,220.2,1,1,0,0,0.229,0,LINK_AFTER_2H,115,1,167.65
1443,233,2026-04-21 15:12:51.274255,10168.05,debit_card,temporary_network_issue,15,1,189.5,4,2,0,0,0.166,0,LINK_NEXT_MORNING,633,1,8942.12
1444,58,2026-04-21 16:04:25.013003,2204.64,credit_card,insufficient_funds,16,1,17.4,3,0,1,0,0.148,0,LINK_NOW,11,1,2025.85
1445,252,2026-04-21 16:55:58.751750,1246.39,credit_card,card_blocked,16,1,23.1,4,2,0,0,0.398,0,LINK_NEXT_MORNING,666,0,0.0
1446,612,2026-04-21 17:47:32.490498,2255.72,net_banking,card_blocked,17,1,22.1,2,0,0,5,0.173,1,HUMAN_REVIEW,85,0,0.0
1447,233,2026-04-21 18:39:06.229246,466.25,debit_card,bank_limit_exceeded,18,1,189.5,4,2,0,0,0.203,0,LINK_NEXT_MORNING,647,1,432.2
1448,193,2026-04-21 19:30:39.967994,18371.68,net_banking,bank_limit_exceeded,19,1,318.6,1,3,0,0,0.259,0,LINK_NOW,12,0,0.0
1449,532,2026-04-21 20:22:13.706741,6412.75,net_banking,insufficient_funds,20,1,564.4,1,2,1,4,0.074,0,LINK_NEXT_MORNING,545,0,0.0
1450,233,2026-04-21 21:13:47.445489,30950.31,debit_card,insufficient_funds,21,1,189.5,4,2,0,1,0.158,0,HUMAN_REVIEW,44,0,0.0
1451,321,2026-04-21 22:05:21.184237,2025.51,credit_card,risk_declined,22,1,71.3,1,3,1,3,0.351,0,LINK_AFTER_2H,133,0,0.0
1452,459,2026-04-21 22:56:54.922985,1665.68,net_banking,card_blocked,22,1,17.7,3,2,1,0,0.374,0,LINK_NEXT_MORNING,702,0,0.0
1453,91,2026-04-21 23:48:28.661732,8042.65,upi,risk_declined,23,1,286.8,1,3,0,2,0.071,1,LINK_NOW,26,0,0.0
1454,314,2026-04-22 00:40:02.400480,9187.79,upi,insufficient_funds,0,2,126.7,3,7,0,0,0.417,0,LINK_AFTER_2H,126,0,0.0
1455,233,2026-04-22 01:31:36.139228,11728.61,credit_card,risk_declined,1,2,189.5,4,2,0,2,0.27,0,NO_CONTACT,0,0,0.0
1456,150,2026-04-22 02:23:09.877976,9517.18,debit_card,temporary_network_issue,2,2,39.3,0,2,0,1,0.072,0,HUMAN_REVIEW,63,0,0.0
1457,233,2026-04-22 03:14:43.616723,22234.57,upi,insufficient_funds,3,2,189.5,4,2,0,0,0.215,0,NO_CONTACT,0,0,0.0
1458,71,2026-04-22 04:06:17.355471,6608.84,net_banking,insufficient_funds,4,2,98.3,1,1,0,0,0.073,0,NO_CONTACT,0,0,0.0
1459,710,2026-04-22 04:57:51.094219,4985.18,debit_card,risk_declined,4,2,103.4,2,0,0,3,0.144,0,LINK_NEXT_MORNING,619,1,4698.78
1460,193,2026-04-22 05:49:24.832967,17464.65,debit_card,temporary_network_issue,5,2,318.6,1,3,0,2,0.195,1,LINK_NEXT_MORNING,613,0,0.0
1461,459,2026-04-22 06:40:58.571714,644.93,debit_card,bank_limit_exceeded,6,2,17.7,3,2,1,1,0.358,0,HUMAN_REVIEW,39,1,550.83
1462,173,2026-04-22 07:32:32.310462,6701.13,credit_card,card_blocked,7,2,204.8,5,0,0,3,0.039,0,LINK_NOW,15,1,5496.66
1463,594,2026-04-22 08:24:06.049210,949.05,credit_card,insufficient_funds,8,2,29.0,3,1,0,1,0.299,0,LINK_NEXT_MORNING,604,0,0.0
1464,233,2026-04-22 09:15:39.787958,3671.65,net_banking,temporary_network_issue,9,2,189.5,4,2,0,2,0.063,0,LINK_NEXT_MORNING,632,1,3401.94
1465,173,2026-04-22 10:07:13.526705,4372.99,debit_card,insufficient_funds,10,2,204.8,5,0,0,3,0.269,0,LINK_NEXT_MORNING,701,1,3663.21
1466,594,2026-04-22 10:58:47.265453,657.12,net_banking,temporary_network_issue,10,2,29.0,3,1,0,1,0.319,0,NO_CONTACT,0,1,598.95
1467,764,2026-04-22 11:50:21.004201,2420.11,debit_card,temporary_network_issue,11,2,74.4,0,2,0,2,0.094,0,LINK_AFTER_2H,129,0,0.0
1468,71,2026-04-22 12:41:54.742949,3180.14,debit_card,card_blocked,12,2,98.3,1,1,0,1,0.155,0,LINK_NOW,28,0,0.0
1469,193,2026-04-22 13:33:28.481696,3325.61,net_banking,temporary_network_issue,13,2,318.6,1,3,0,4,0.174,0,LINK_NEXT_MORNING,655,0,0.0
1470,233,2026-04-22 14:25:02.220444,6586.57,wallet,insufficient_funds,14,2,189.5,4,2,0,3,0.239,0,LINK_NEXT_MORNING,566,0,0.0
1471,71,2026-04-22 15:16:35.959192,4314.65,debit_card,insufficient_funds,15,2,98.3,1,1,0,0,0.02,0,HUMAN_REVIEW,85,1,3568.43
1472,594,2026-04-22 16:08:09.697940,3395.54,debit_card,temporary_network_issue,16,2,29.0,3,1,0,0,0.126,0,NO_CONTACT,0,0,0.0
1473,645,2026-04-22 16:59:43.436687,2552.04,debit_card,bank_limit_exceeded,16,2,68.8,1,3,0,1,0.102,0,LINK_AFTER_2H,149,1,2351.01
1474,747,2026-04-22 17:51:17.175435,1719.52,net_banking,temporary_network_issue,17,2,19.4,2,2,1,2,0.124,0,LINK_NEXT_MORNING,587,1,1563.57
1475,11,2026-04-22 18:42:50.914183,3637.43,wallet,card_blocked,18,2,55.1,2,1,0,2,0.337,0,LINK_NOW,6,0,0.0
1476,193,2026-04-22 19:34:24.652931,612.39,debit_card,insufficient_funds,19,2,318.6,1,3,0,0,0.058,0,HUMAN_REVIEW,76,0,0.0
1477,233,2026-04-22 20:25:58.391678,1647.13,upi,temporary_network_issue,20,2,189.5,4,2,0,1,0.156,0,HUMAN_REVIEW,43,0,0.0
1478,459,2026-04-22 21:17:32.130426,2516.38,debit_card,temporary_network_issue,21,2,17.7,3,2,1,0,0.064,0,HUMAN_REVIEW,31,0,0.0
1479,193,2026-04-22 22:09:05.869174,392.51,credit_card,risk_declined,22,2,318.6,1,3,0,3,0.205,0,LINK_NEXT_MORNING,670,0,0.0
1480,233,2026-04-22 23:00:39.607922,5940.21,upi,temporary_network_issue,23,2,189.5,4,2,0,2,0.054,0,LINK_AFTER_2H,126,0,0.0
1481,710,2026-04-22 23:52:13.346669,1865.52,debit_card,temporary_network_issue,23,2,103.4,2,0,0,1,0.103,0,LINK_AFTER_2H,94,0,0.0
1482,72,2026-04-23 00:43:47.085417,2196.28,credit_card,risk_declined,0,3,125.2,3,1,0,1,0.01,0,NO_CONTACT,0,0,0.0
1483,743,2026-04-23 01:35:20.824165,3079.97,wallet,insufficient_funds,1,3,298.9,1,3,0,0,0.301,0,HUMAN_REVIEW,51,0,0.0
1484,58,2026-04-23 02:26:54.562913,638.95,debit_card,insufficient_funds,2,3,17.4,3,0,1,1,0.13,0,LINK_NOW,5,1,579.99
1485,222,2026-04-23 03:18:28.301660,2806.15,credit_card,insufficient_funds,3,3,220.2,1,1,0,0,0.163,0,LINK_NEXT_MORNING,524,0,0.0
1486,84,2026-04-23 04:10:02.040408,1366.97,debit_card,insufficient_funds,4,3,24.2,1,1,1,0,0.071,0,NO_CONTACT,0,0,0.0
1487,506,2026-04-23 05:01:35.779156,6988.49,debit_card,bank_limit_exceeded,5,3,76.3,1,1,0,0,0.163,0,LINK_AFTER_2H,96,0,0.0
1488,351,2026-04-23 05:53:09.517904,5965.06,credit_card,temporary_network_issue,5,3,37.9,4,3,0,2,0.079,0,LINK_AFTER_2H,139,1,5898.69
1489,710,2026-04-23 06:44:43.256651,910.93,debit_card,temporary_network_issue,6,3,103.4,2,0,0,2,0.041,0,LINK_NOW,3,1,757.08
1490,222,2026-04-23 07:36:16.995399,2251.52,net_banking,bank_limit_exceeded,7,3,220.2,1,1,0,0,0.166,0,NO_CONTACT,0,0,0.0
1491,459,2026-04-23 08:27:50.734147,596.35,upi,bank_limit_exceeded,8,3,17.7,3,2,1,1,0.219,0,NO_CONTACT,0,1,502.43
1492,193,2026-04-23 09:19:24.472895,980.41,debit_card,temporary_network_issue,9,3,318.6,1,3,0,0,0.165,0,HUMAN_REVIEW,34,0,0.0
1493,193,2026-04-23 10:10:58.211642,3061.62,net_banking,risk_declined,10,3,318.6,1,3,0,2,0.191,0,HUMAN_REVIEW,55,0,0.0
1494,233,2026-04-23 11:02:31.950390,6640.22,net_banking,insufficient_funds,11,3,189.5,4,2,0,2,0.097,0,LINK_NOW,27,0,0.0
1495,193,2026-04-23 11:54:05.689138,1838.98,credit_card,risk_declined,11,3,318.6,1,3,0,0,0.137,0,NO_CONTACT,0,0,0.0
1496,430,2026-04-23 12:45:39.427886,1598.69,debit_card,insufficient_funds,12,3,79.2,1,3,0,3,0.186,0,LINK_AFTER_2H,136,1,1443.14
1497,233,2026-04-23 13:37:13.166633,6092.27,net_banking,temporary_network_issue,13,3,189.5,4,2,0,0,0.108,0,LINK_NOW,22,0,0.0
1498,193,2026-04-23 14:28:46.905381,4217.9,net_banking,insufficient_funds,14,3,318.6,1,3,0,0,0.24,0,NO_CONTACT,0,0,0.0
1499,463,2026-04-23 15:20:20.644129,446.54,debit_card,bank_limit_exceeded,15,3,413.5,4,0,0,1,0.126,0,LINK_NEXT_MORNING,545,1,411.98
1500,710,2026-04-23 16:11:54.382877,1968.84,credit_card,insufficient_funds,16,3,103.4,2,0,0,1,0.266,1,LINK_AFTER_2H,129,0,0.0
1501,349,2026-04-23 17:03:28.121624,1741.07,credit_card,temporary_network_issue,17,3,14.1,2,0,0,0,0.179,0,HUMAN_REVIEW,50,0,0.0
1502,193,2026-04-23 17:55:01.860372,1443.4,debit_card,card_blocked,17,3,318.6,1,3,0,0,0.357,0,LINK_NEXT_MORNING,600,0,0.0
1503,459,2026-04-23 18:46:35.599120,1336.38,net_banking,card_blocked,18,3,17.7,3,2,1,1,0.419,0,HUMAN_REVIEW,95,0,0.0
1504,58,2026-04-23 19:38:09.337868,4894.12,net_banking,card_blocked,19,3,17.4,3,0,1,0,0.129,0,LINK_NEXT_MORNING,481,0,0.0
1505,459,2026-04-23 20:29:43.076615,556.32,net_banking,card_blocked,20,3,17.7,3,2,1,0,0.223,0,LINK_AFTER_2H,107,1,466.18
1506,233,2026-04-23 21:21:16.815363,9743.79,upi,risk_declined,21,3,189.5,4,2,0,2,0.066,0,LINK_AFTER_2H,128,0,0.0
1507,594,2026-04-23 22:12:50.554111,2390.87,wallet,insufficient_funds,22,3,29.0,3,1,0,3,0.207,0,NO_CONTACT,0,0,0.0
1508,72,2026-04-23 23:04:24.292859,2474.81,net_banking,temporary_network_issue,23,3,125.2,3,1,0,1,0.023,0,LINK_NEXT_MORNING,698,1,2159.48
1509,294,2026-04-23 23:55:58.031606,20046.14,debit_card,temporary_network_issue,23,3,95.8,3,1,1,3,0.135,0,LINK_NOW,13,0,0.0
1510,233,2026-04-24 00:47:31.770354,7272.03,credit_card,bank_limit_exceeded,0,4,189.5,4,2,0,3,0.107,0,NO_CONTACT,0,0,0.0
1511,459,2026-04-24 01:39:05.509102,1345.63,debit_card,temporary_network_issue,1,4,17.7,3,2,1,0,0.279,0,NO_CONTACT,0,0,0.0
1512,125,2026-04-24 02:30:39.247850,3314.12,net_banking,insufficient_funds,2,4,176.2,1,4,0,3,0.074,0,NO_CONTACT,0,0,0.0
1513,233,2026-04-24 03:22:12.986597,1298.79,wallet,card_blocked,3,4,189.5,4,2,0,0,0.248,0,LINK_AFTER_2H,94,0,0.0
1514,491,2026-04-24 04:13:46.725345,2768.07,credit_card,temporary_network_issue,4,4,50.9,5,1,0,1,0.512,0,HUMAN_REVIEW,38,1,2491.75
1515,638,2026-04-24 05:05:20.464093,751.52,upi,insufficient_funds,5,4,476.2,3,0,0,2,0.401,0,NO_CONTACT,0,0,0.0
1516,233,2026-04-24 05:56:54.202841,1911.55,wallet,card_blocked,5,4,189.5,4,2,0,0,0.261,0,LINK_AFTER_2H,103,1,1554.73
1517,654,2026-04-24 06:48:27.941588,3772.69,upi,insufficient_funds,6,4,204.4,4,2,1,0,0.2,0,LINK_AFTER_2H,93,1,3678.24
1518,233,2026-04-24 07:40:01.680336,1900.23,upi,card_blocked,7,4,189.5,4,2,0,0,0.36,0,LINK_AFTER_2H,90,0,0.0
1519,193,2026-04-24 08:31:35.419084,1216.46,debit_card,temporary_network_issue,8,4,318.6,1,3,0,1,0.102,0,NO_CONTACT,0,1,1010.69
1520,594,2026-04-24 09:23:09.157832,21028.12,credit_card,insufficient_funds,9,4,29.0,3,1,0,0,0.061,0,LINK_AFTER_2H,129,0,0.0
1521,233,2026-04-24 10:14:42.896579,2034.66,credit_card,bank_limit_exceeded,10,4,189.5,4,2,0,0,0.175,0,LINK_AFTER_2H,111,1,1862.22
1522,193,2026-04-24 11:06:16.635327,907.22,upi,insufficient_funds,11,4,318.6,1,3,0,1,0.11,0,HUMAN_REVIEW,44,0,0.0
1523,459,2026-04-24 11:57:50.374075,1999.42,credit_card,insufficient_funds,11,4,17.7,3,2,1,0,0.368,0,LINK_NOW,24,0,0.0
1524,459,2026-04-24 12:49:24.112823,2544.26,debit_card,risk_declined,12,4,17.7,3,2,1,1,0.09,0,HUMAN_REVIEW,93,0,0.0
1525,193,2026-04-24 13:40:57.851570,5177.34,net_banking,insufficient_funds,13,4,318.6,1,3,0,1,0.275,1,LINK_NEXT_MORNING,658,1,5064.1
1526,193,2026-04-24 14:32:31.590318,3136.63,net_banking,insufficient_funds,14,4,318.6,1,3,0,0,0.096,0,HUMAN_REVIEW,61,0,0.0
1527,459,2026-04-24 15:24:05.329066,2358.66,debit_card,insufficient_funds,15,4,17.7,3,2,1,2,0.063,0,HUMAN_REVIEW,71,1,1893.81
1528,193,2026-04-24 16:15:39.067814,3327.62,wallet,temporary_network_issue,16,4,318.6,1,3,0,0,0.045,0,LINK_NEXT_MORNING,694,0,0.0
1529,58,2026-04-24 17:07:12.806561,35045.4,credit_card,temporary_network_issue,17,4,17.4,3,0,1,2,0.167,0,HUMAN_REVIEW,46,0,0.0
1530,780,2026-04-24 17:58:46.545309,958.69,debit_card,card_blocked,17,4,85.2,5,2,0,0,0.131,0,LINK_NOW,29,1,870.28
1531,480,2026-04-24 18:50:20.284057,915.26,debit_card,insufficient_funds,18,4,5.1,3,1,0,3,0.259,0,NO_CONTACT,0,0,0.0
1532,729,2026-04-24 19:41:54.022805,12038.88,debit_card,insufficient_funds,19,4,93.8,2,3,0,1,0.389,0,LINK_NOW,1,0,0.0
1533,91,2026-04-24 20:33:27.761552,1054.24,debit_card,temporary_network_issue,20,4,286.8,1,3,0,3,0.12,0,HUMAN_REVIEW,98,1,879.19
1534,747,2026-04-24 21:25:01.500300,1382.61,net_banking,insufficient_funds,21,4,19.4,2,2,1,0,0.049,0,LINK_NOW,14,0,0.0
1535,104,2026-04-24 22:16:35.239048,4591.25,net_banking,temporary_network_issue,22,4,17.9,3,0,0,0,0.209,0,HUMAN_REVIEW,71,0,0.0
1536,710,2026-04-24 23:08:08.977796,1308.15,credit_card,temporary_network_issue,23,4,103.4,2,0,0,2,0.107,0,LINK_AFTER_2H,119,0,0.0
1537,233,2026-04-24 23:59:42.716543,8434.19,upi,bank_limit_exceeded,23,4,189.5,4,2,0,1,0.182,0,LINK_NEXT_MORNING,529,1,7745.15
1538,173,2026-04-25 00:51:16.455291,1271.04,upi,insufficient_funds,0,5,204.8,5,0,0,2,0.182,0,HUMAN_REVIEW,82,0,0.0
1539,193,2026-04-25 01:42:50.194039,1286.67,credit_card,temporary_network_issue,1,5,318.6,1,3,0,0,0.135,1,LINK_NEXT_MORNING,701,0,0.0
1540,594,2026-04-25 02:34:23.932787,16198.89,debit_card,temporary_network_issue,2,5,29.0,3,1,0,2,0.402,0,HUMAN_REVIEW,43,0,0.0
1541,233,2026-04-25 03:25:57.671534,1935.72,debit_card,risk_declined,3,5,189.5,4,2,0,2,0.363,0,LINK_NEXT_MORNING,696,0,0.0
1542,459,2026-04-25 04:17:31.410282,582.05,credit_card,bank_limit_exceeded,4,5,17.7,3,2,1,0,0.179,0,LINK_NOW,2,0,0.0
1543,233,2026-04-25 05:09:05.149030,46139.57,debit_card,bank_limit_exceeded,5,5,189.5,4,2,0,3,0.45,0,HUMAN_REVIEW,49,0,0.0
1544,233,2026-04-25 06:00:38.887778,2634.96,credit_card,temporary_network_issue,6,5,189.5,4,2,0,2,0.151,0,LINK_NEXT_MORNING,668,1,2261.33
1545,140,2026-04-25 06:52:12.626525,1677.98,upi,insufficient_funds,6,5,742.4,0,0,0,1,0.03,0,LINK_AFTER_2H,112,0,0.0
1546,648,2026-04-25 07:43:46.365273,1124.35,debit_card,temporary_network_issue,7,5,122.3,0,2,0,0,0.175,0,LINK_AFTER_2H,112,1,1087.04
1547,747,2026-04-25 08:35:20.104021,3538.24,wallet,insufficient_funds,8,5,19.4,2,2,1,2,0.235,1,HUMAN_REVIEW,50,1,3047.35
1548,78,2026-04-25 09:26:53.842769,3373.58,credit_card,card_blocked,9,5,404.5,2,1,0,1,0.325,0,LINK_NEXT_MORNING,651,1,3312.56
1549,710,2026-04-25 10:18:27.581516,25621.73,credit_card,insufficient_funds,10,5,103.4,2,0,0,2,0.029,0,HUMAN_REVIEW,34,1,22142.5
1550,710,2026-04-25 11:10:01.320264,1935.21,debit_card,card_blocked,11,5,103.4,2,0,0,2,0.14,0,LINK_NOW,19,0,0.0
1551,459,2026-04-25 12:01:35.059012,7857.8,upi,bank_limit_exceeded,12,5,17.7,3,2,1,2,0.481,0,HUMAN_REVIEW,102,0,0.0
1552,588,2026-04-25 12:53:08.797760,50000.0,net_banking,insufficient_funds,12,5,60.1,0,1,0,2,0.107,0,LINK_NOW,6,0,0.0
1553,193,2026-04-25 13:44:42.536507,4427.37,net_banking,card_blocked,13,5,318.6,1,3,0,1,0.34,0,LINK_AFTER_2H,111,0,0.0
1554,21,2026-04-25 14:36:16.275255,3386.79,debit_card,insufficient_funds,14,5,117.0,2,0,0,0,0.297,0,LINK_NOW,18,1,2764.17
1555,91,2026-04-25 15:27:50.014003,3654.91,credit_card,insufficient_funds,15,5,286.8,1,3,0,1,0.373,0,LINK_AFTER_2H,94,0,0.0
1556,594,2026-04-25 16:19:23.752751,3720.26,net_banking,insufficient_funds,16,5,29.0,3,1,0,1,0.102,0,LINK_NEXT_MORNING,675,0,0.0
1557,193,2026-04-25 17:10:57.491498,1755.89,net_banking,insufficient_funds,17,5,318.6,1,3,0,1,0.034,0,LINK_AFTER_2H,110,1,1746.11
1558,459,2026-04-25 18:02:31.230246,528.95,credit_card,insufficient_funds,18,5,17.7,3,2,1,2,0.127,0,LINK_NOW,17,0,0.0
1559,521,2026-04-25 18:54:04.968994,6378.53,credit_card,temporary_network_issue,18,5,249.5,2,2,1,0,0.141,0,LINK_AFTER_2H,94,0,0.0
1560,193,2026-04-25 19:45:38.707742,1793.21,debit_card,risk_declined,19,5,318.6,1,3,0,1,0.396,0,LINK_NEXT_MORNING,668,0,0.0
1561,193,2026-04-25 20:37:12.446489,1835.31,debit_card,insufficient_funds,20,5,318.6,1,3,0,1,0.206,0,HUMAN_REVIEW,106,0,0.0
1562,544,2026-04-25 21:28:46.185237,5529.93,upi,risk_declined,21,5,106.9,2,1,0,1,0.033,0,LINK_AFTER_2H,115,0,0.0
1563,71,2026-04-25 22:20:19.923985,1740.11,debit_card,risk_declined,22,5,98.3,1,1,0,0,0.186,0,LINK_NEXT_MORNING,687,0,0.0
1564,459,2026-04-25 23:11:53.662733,12466.29,net_banking,card_blocked,23,5,17.7,3,2,1,1,0.062,0,HUMAN_REVIEW,40,1,10565.41
1565,710,2026-04-26 00:03:27.401480,569.5,net_banking,temporary_network_issue,0,6,103.4,2,0,0,0,0.054,0,HUMAN_REVIEW,96,0,0.0
1566,71,2026-04-26 00:55:01.140228,2753.38,net_banking,insufficient_funds,0,6,98.3,1,1,0,1,0.15,0,NO_CONTACT,0,0,0.0
1567,747,2026-04-26 01:46:34.878976,757.33,net_banking,card_blocked,1,6,19.4,2,2,1,0,0.145,0,LINK_NOW,3,1,616.97
1568,196,2026-04-26 02:38:08.617724,773.45,upi,risk_declined,2,6,16.0,0,2,0,0,0.08,0,HUMAN_REVIEW,38,1,728.81
1569,233,2026-04-26 03:29:42.356471,1452.5,net_banking,insufficient_funds,3,6,189.5,4,2,0,2,0.044,0,LINK_NEXT_MORNING,573,1,1166.16
1570,233,2026-04-26 04:21:16.095219,4824.72,upi,card_blocked,4,6,189.5,4,2,0,1,0.084,0,LINK_NEXT_MORNING,530,0,0.0
1571,459,2026-04-26 05:12:49.833967,4649.44,net_banking,insufficient_funds,5,6,17.7,3,2,1,1,0.041,0,NO_CONTACT,0,1,3792.69
1572,233,2026-04-26 06:04:23.572715,8741.42,credit_card,card_blocked,6,6,189.5,4,2,0,3,0.095,1,LINK_AFTER_2H,149,0,0.0
1573,747,2026-04-26 06:55:57.311462,516.43,debit_card,insufficient_funds,6,6,19.4,2,2,1,4,0.246,0,LINK_NEXT_MORNING,524,0,0.0
1574,620,2026-04-26 07:47:31.050210,1366.14,debit_card,temporary_network_issue,7,6,217.2,0,1,0,1,0.247,0,LINK_AFTER_2H,149,0,0.0
1575,459,2026-04-26 08:39:04.788958,2172.25,credit_card,temporary_network_issue,8,6,17.7,3,2,1,0,0.112,0,LINK_AFTER_2H,147,0,0.0
1576,742,2026-04-26 09:30:38.527706,21965.99,net_banking,insufficient_funds,9,6,158.5,1,4,0,1,0.172,0,LINK_NEXT_MORNING,555,0,0.0
1577,376,2026-04-26 10:22:12.266453,315.79,net_banking,insufficient_funds,10,6,11.1,5,0,1,2,0.154,0,LINK_AFTER_2H,143,0,0.0
1578,556,2026-04-26 11:13:46.005201,3311.86,net_banking,bank_limit_exceeded,11,6,16.0,3,2,0,0,0.166,0,LINK_NEXT_MORNING,528,1,3193.44
1579,16,2026-04-26 12:05:19.743949,2204.27,debit_card,temporary_network_issue,12,6,20.7,4,1,2,2,0.346,0,LINK_NOW,12,0,0.0
1580,233,2026-04-26 12:56:53.482697,213.43,debit_card,temporary_network_issue,12,6,189.5,4,2,0,2,0.134,0,LINK_NOW,20,1,190.3
1581,801,2026-04-26 13:48:27.221444,7595.39,credit_card,card_blocked,13,6,313.9,4,1,0,3,0.163,0,NO_CONTACT,0,0,0.0
1582,362,2026-04-26 14:40:00.960192,908.35,credit_card,risk_declined,14,6,607.2,1,2,0,1,0.277,0,HUMAN_REVIEW,50,1,809.67
1583,113,2026-04-26 15:31:34.698940,11156.36,net_banking,insufficient_funds,15,6,103.4,0,4,0,2,0.1,0,LINK_NEXT_MORNING,634,0,0.0
1584,594,2026-04-26 16:23:08.437688,920.34,debit_card,risk_declined,16,6,29.0,3,1,0,1,0.216,0,LINK_NOW,4,1,883.27
1585,685,2026-04-26 17:14:42.176435,1406.42,credit_card,insufficient_funds,17,6,581.8,1,2,0,1,0.413,0,NO_CONTACT,0,0,0.0
1586,222,2026-04-26 18:06:15.915183,10857.68,debit_card,insufficient_funds,18,6,220.2,1,1,0,1,0.136,0,LINK_NOW,16,1,9878.89
1587,710,2026-04-26 18:57:49.653931,1119.41,debit_card,card_blocked,18,6,103.4,2,0,0,0,0.455,0,LINK_NEXT_MORNING,534,0,0.0
1588,233,2026-04-26 19:49:23.392679,4958.92,credit_card,bank_limit_exceeded,19,6,189.5,4,2,0,2,0.303,0,LINK_AFTER_2H,110,0,0.0
1589,222,2026-04-26 20:40:57.131426,279.07,debit_card,insufficient_funds,20,6,220.2,1,1,0,0,0.066,0,LINK_AFTER_2H,90,0,0.0
1590,233,2026-04-26 21:32:30.870174,3306.95,credit_card,temporary_network_issue,21,6,189.5,4,2,0,0,0.119,0,LINK_NEXT_MORNING,495,0,0.0
1591,715,2026-04-26 22:24:04.608922,4519.0,credit_card,temporary_network_issue,22,6,127.5,3,0,0,1,0.093,0,LINK_NEXT_MORNING,711,0,0.0
1592,193,2026-04-26 23:15:38.347670,9043.57,upi,insufficient_funds,23,6,318.6,1,3,0,1,0.127,0,LINK_NEXT_MORNING,629,0,0.0
1593,233,2026-04-27 00:07:12.086417,3103.79,debit_card,bank_limit_exceeded,0,0,189.5,4,2,0,1,0.272,0,NO_CONTACT,0,0,0.0
1594,452,2026-04-27 00:58:45.825165,703.19,net_banking,card_blocked,0,0,73.0,1,1,1,0,0.113,0,HUMAN_REVIEW,116,1,673.82
1595,193,2026-04-27 01:50:19.563913,1227.95,debit_card,risk_declined,1,0,318.6,1,3,0,1,0.315,0,NO_CONTACT,0,0,0.0
1596,125,2026-04-27 02:41:53.302661,333.42,upi,temporary_network_issue,2,0,176.2,1,4,0,2,0.316,0,LINK_NEXT_MORNING,627,1,294.16
1597,233,2026-04-27 03:33:27.041408,1220.09,net_banking,temporary_network_issue,3,0,189.5,4,2,0,0,0.022,0,LINK_NOW,16,1,1035.28
1598,710,2026-04-27 04:25:00.780156,2266.71,debit_card,temporary_network_issue,4,0,103.4,2,0,0,0,0.078,0,HUMAN_REVIEW,101,0,0.0
1599,594,2026-04-27 05:16:34.518904,3639.92,credit_card,temporary_network_issue,5,0,29.0,3,1,0,1,0.212,0,LINK_NEXT_MORNING,525,0,0.0
1600,222,2026-04-27 06:08:08.257652,570.56,credit_card,card_blocked,6,0,220.2,1,1,0,2,0.255,0,NO_CONTACT,0,0,0.0
1601,71,2026-04-27 06:59:41.996399,7093.8,upi,insufficient_funds,6,0,98.3,1,1,0,0,0.337,0,LINK_AFTER_2H,138,1,6901.82
1602,193,2026-04-27 07:51:15.735147,2169.01,debit_card,temporary_network_issue,7,0,318.6,1,3,0,2,0.259,0,LINK_NEXT_MORNING,584,0,0.0
1603,594,2026-04-27 08:42:49.473895,7196.59,credit_card,risk_declined,8,0,29.0,3,1,0,1,0.05,0,NO_CONTACT,0,1,6818.09
1604,193,2026-04-27 09:34:23.212643,19994.94,upi,risk_declined,9,0,318.6,1,3,0,1,0.056,0,NO_CONTACT,0,0,0.0
1605,596,2026-04-27 10:25:56.951390,1179.54,debit_card,insufficient_funds,10,0,7.4,2,2,0,1,0.257,0,LINK_AFTER_2H,127,0,0.0
1606,125,2026-04-27 11:17:30.690138,2825.61,debit_card,risk_declined,11,0,176.2,1,4,0,0,0.114,0,HUMAN_REVIEW,95,0,0.0
1607,526,2026-04-27 12:09:04.428886,860.63,upi,temporary_network_issue,12,0,93.1,1,2,0,1,0.124,0,NO_CONTACT,0,1,858.81
1608,173,2026-04-27 13:00:38.167634,1307.05,upi,card_blocked,13,0,204.8,5,0,0,0,0.274,0,LINK_NOW,29,0,0.0
1609,257,2026-04-27 13:52:11.906381,1472.03,net_banking,insufficient_funds,13,0,335.3,2,0,0,1,0.276,0,HUMAN_REVIEW,92,1,1396.0
1610,71,2026-04-27 14:43:45.645129,1767.53,upi,temporary_network_issue,14,0,98.3,1,1,0,0,0.129,0,LINK_NOW,18,0,0.0
1611,744,2026-04-27 15:35:19.383877,2238.87,wallet,risk_declined,15,0,210.3,0,0,0,1,0.21,0,NO_CONTACT,0,0,0.0
1612,11,2026-04-27 16:26:53.122625,9425.61,upi,insufficient_funds,16,0,55.1,2,1,0,2,0.216,0,LINK_NEXT_MORNING,492,0,0.0
1613,710,2026-04-27 17:18:26.861372,723.85,debit_card,insufficient_funds,17,0,103.4,2,0,0,1,0.004,0,HUMAN_REVIEW,71,0,0.0
1614,193,2026-04-27 18:10:00.600120,2280.74,debit_card,temporary_network_issue,18,0,318.6,1,3,0,3,0.166,0,LINK_AFTER_2H,113,0,0.0
1615,193,2026-04-27 19:01:34.338868,5609.28,credit_card,insufficient_funds,19,0,318.6,1,3,0,1,0.301,0,HUMAN_REVIEW,39,0,0.0
1616,745,2026-04-27 19:53:08.077616,10839.64,upi,card_blocked,19,0,140.0,1,0,0,0,0.213,0,NO_CONTACT,0,0,0.0
1617,233,2026-04-27 20:44:41.816363,520.4,credit_card,insufficient_funds,20,0,189.5,4,2,0,1,0.151,0,LINK_NEXT_MORNING,654,0,0.0
1618,58,2026-04-27 21:36:15.555111,5559.97,debit_card,insufficient_funds,21,0,17.4,3,0,1,3,0.194,0,NO_CONTACT,0,0,0.0
1619,459,2026-04-27 22:27:49.293859,1048.8,credit_card,risk_declined,22,0,17.7,3,2,1,1,0.337,0,LINK_NEXT_MORNING,676,0,0.0
1620,71,2026-04-27 23:19:23.032607,3777.99,net_banking,temporary_network_issue,23,0,98.3,1,1,0,0,0.106,0,LINK_AFTER_2H,116,1,3444.46
1621,613,2026-04-28 00:10:56.771354,2320.82,net_banking,insufficient_funds,0,1,832.2,2,1,0,2,0.191,0,LINK_NOW,27,1,2035.28
1622,459,2026-04-28 01:02:30.510102,3151.8,credit_card,temporary_network_issue,1,1,17.7,3,2,1,1,0.32,0,LINK_NEXT_MORNING,668,0,0.0
1623,257,2026-04-28 01:54:04.248850,4592.84,net_banking,insufficient_funds,1,1,335.3,2,0,0,1,0.28,0,LINK_NEXT_MORNING,537,0,0.0
1624,594,2026-04-28 02:45:37.987598,895.83,debit_card,insufficient_funds,2,1,29.0,3,1,0,0,0.269,0,HUMAN_REVIEW,54,1,774.37
1625,710,2026-04-28 03:37:11.726345,3740.79,debit_card,card_blocked,3,1,103.4,2,0,0,0,0.23,0,HUMAN_REVIEW,100,0,0.0
1626,459,2026-04-28 04:28:45.465093,5786.93,wallet,card_blocked,4,1,17.7,3,2,1,2,0.104,0,HUMAN_REVIEW,91,0,0.0
1627,91,2026-04-28 05:20:19.203841,1504.27,net_banking,risk_declined,5,1,286.8,1,3,0,1,0.429,0,HUMAN_REVIEW,90,0,0.0
1628,233,2026-04-28 06:11:52.942589,714.37,debit_card,risk_declined,6,1,189.5,4,2,0,2,0.245,0,LINK_AFTER_2H,134,0,0.0
1629,594,2026-04-28 07:03:26.681336,260.34,wallet,bank_limit_exceeded,7,1,29.0,3,1,0,1,0.063,0,HUMAN_REVIEW,56,0,0.0
1630,193,2026-04-28 07:55:00.420084,1844.22,debit_card,bank_limit_exceeded,7,1,318.6,1,3,0,2,0.098,0,LINK_NEXT_MORNING,531,0,0.0
1631,594,2026-04-28 08:46:34.158832,10289.2,net_banking,card_blocked,8,1,29.0,3,1,0,1,0.082,0,LINK_NEXT_MORNING,666,0,0.0
1632,459,2026-04-28 09:38:07.897580,1550.3,net_banking,risk_declined,9,1,17.7,3,2,1,1,0.237,0,NO_CONTACT,0,0,0.0
1633,459,2026-04-28 10:29:41.636327,3080.92,debit_card,card_blocked,10,1,17.7,3,2,1,1,0.095,0,NO_CONTACT,0,0,0.0
1634,786,2026-04-28 11:21:15.375075,3405.99,debit_card,insufficient_funds,11,1,393.2,1,1,0,0,0.386,0,NO_CONTACT,0,0,0.0
1635,531,2026-04-28 12:12:49.113823,13926.68,credit_card,insufficient_funds,12,1,65.4,0,0,2,2,0.216,0,LINK_NOW,20,1,12092.44
1636,459,2026-04-28 13:04:22.852571,205.47,debit_card,insufficient_funds,13,1,17.7,3,2,1,1,0.307,0,LINK_AFTER_2H,132,0,0.0
1637,459,2026-04-28 13:55:56.591318,7756.07,debit_card,bank_limit_exceeded,13,1,17.7,3,2,1,1,0.046,0,LINK_NOW,27,0,0.0
1638,173,2026-04-28 14:47:30.330066,2563.45,debit_card,card_blocked,14,1,204.8,5,0,0,1,0.234,0,NO_CONTACT,0,0,0.0
1639,193,2026-04-28 15:39:04.068814,7597.07,net_banking,risk_declined,15,1,318.6,1,3,0,4,0.166,0,LINK_NEXT_MORNING,500,0,0.0
1640,71,2026-04-28 16:30:37.807562,6124.83,net_banking,insufficient_funds,16,1,98.3,1,1,0,0,0.471,0,LINK_AFTER_2H,123,0,0.0
1641,125,2026-04-28 17:22:11.546309,1289.19,upi,temporary_network_issue,17,1,176.2,1,4,0,0,0.384,0,NO_CONTACT,0,0,0.0
1642,747,2026-04-28 18:13:45.285057,14463.28,credit_card,insufficient_funds,18,1,19.4,2,2,1,1,0.194,0,LINK_NEXT_MORNING,564,1,11815.71
1643,459,2026-04-28 19:05:19.023805,20134.38,credit_card,risk_declined,19,1,17.7,3,2,1,1,0.284,0,NO_CONTACT,0,0,0.0
1644,665,2026-04-28 19:56:52.762553,10344.85,credit_card,risk_declined,19,1,144.3,2,0,1,2,0.193,0,LINK_NEXT_MORNING,526,0,0.0
1645,233,2026-04-28 20:48:26.501300,28218.41,wallet,risk_declined,20,1,189.5,4,2,0,0,0.161,0,HUMAN_REVIEW,56,1,23927.63
1646,173,2026-04-28 21:40:00.240048,1987.12,upi,insufficient_funds,21,1,204.8,5,0,0,1,0.216,0,LINK_AFTER_2H,104,0,0.0
1647,747,2026-04-28 22:31:33.978796,875.73,upi,insufficient_funds,22,1,19.4,2,2,1,2,0.15,0,LINK_NEXT_MORNING,484,0,0.0
1648,233,2026-04-28 23:23:07.717544,5914.93,debit_card,insufficient_funds,23,1,189.5,4,2,0,1,0.531,0,NO_CONTACT,0,0,0.0
1649,747,2026-04-29 00:14:41.456291,3621.14,net_banking,insufficient_funds,0,2,19.4,2,2,1,0,0.544,0,LINK_NOW,16,1,3276.27
1650,233,2026-04-29 01:06:15.195039,4959.75,net_banking,risk_declined,1,2,189.5,4,2,0,0,0.116,0,LINK_NEXT_MORNING,615,0,0.0
1651,233,2026-04-29 01:57:48.933787,1268.96,net_banking,insufficient_funds,1,2,189.5,4,2,0,0,0.293,0,LINK_NEXT_MORNING,536,0,0.0
1652,173,2026-04-29 02:49:22.672535,22845.28,net_banking,temporary_network_issue,2,2,204.8,5,0,0,1,0.275,0,NO_CONTACT,0,0,0.0
1653,710,2026-04-29 03:40:56.411282,3120.54,debit_card,temporary_network_issue,3,2,103.4,2,0,0,2,0.072,0,HUMAN_REVIEW,86,0,0.0
1654,193,2026-04-29 04:32:30.150030,628.22,net_banking,temporary_network_issue,4,2,318.6,1,3,0,1,0.244,0,LINK_AFTER_2H,137,1,607.33
1655,318,2026-04-29 05:24:03.888778,3082.93,upi,insufficient_funds,5,2,107.0,3,1,0,4,0.067,0,HUMAN_REVIEW,117,0,0.0
1656,71,2026-04-29 06:15:37.627526,5011.84,debit_card,bank_limit_exceeded,6,2,98.3,1,1,0,0,0.224,0,LINK_AFTER_2H,107,0,0.0
1657,233,2026-04-29 07:07:11.366273,849.7,upi,temporary_network_issue,7,2,189.5,4,2,0,2,0.285,0,LINK_NEXT_MORNING,718,1,773.04
1658,459,2026-04-29 07:58:45.105021,4861.25,debit_card,card_blocked,7,2,17.7,3,2,1,2,0.284,0,NO_CONTACT,0,0,0.0
1659,459,2026-04-29 08:50:18.843769,2953.77,net_banking,insufficient_funds,8,2,17.7,3,2,1,0,0.019,0,HUMAN_REVIEW,71,0,0.0
1660,71,2026-04-29 09:41:52.582517,689.54,net_banking,risk_declined,9,2,98.3,1,1,0,0,0.152,0,NO_CONTACT,0,0,0.0
1661,233,2026-04-29 10:33:26.321264,1127.43,net_banking,insufficient_funds,10,2,189.5,4,2,0,3,0.013,0,HUMAN_REVIEW,98,1,977.67
1662,459,2026-04-29 11:25:00.060012,2981.05,debit_card,card_blocked,11,2,17.7,3,2,1,0,0.196,0,LINK_NOW,21,1,2446.13
1663,193,2026-04-29 12:16:33.798760,2649.47,net_banking,temporary_network_issue,12,2,318.6,1,3,0,0,0.188,1,NO_CONTACT,0,0,0.0
1664,193,2026-04-29 13:08:07.537508,292.39,credit_card,insufficient_funds,13,2,318.6,1,3,0,2,0.268,0,LINK_NEXT_MORNING,623,0,0.0
1665,198,2026-04-29 13:59:41.276255,4361.86,wallet,insufficient_funds,13,2,94.1,2,0,1,1,0.046,0,HUMAN_REVIEW,114,1,3787.45
1666,193,2026-04-29 14:51:15.015003,3213.87,credit_card,bank_limit_exceeded,14,2,318.6,1,3,0,0,0.059,0,LINK_NOW,11,1,2889.65
1667,45,2026-04-29 15:42:48.753751,6361.33,debit_card,insufficient_funds,15,2,262.6,1,1,0,1,0.168,0,NO_CONTACT,0,0,0.0
1668,193,2026-04-29 16:34:22.492498,4615.3,wallet,card_blocked,16,2,318.6,1,3,0,1,0.096,0,HUMAN_REVIEW,46,0,0.0
1669,710,2026-04-29 17:25:56.231246,1763.07,credit_card,card_blocked,17,2,103.4,2,0,0,3,0.138,0,LINK_AFTER_2H,133,0,0.0
1670,521,2026-04-29 18:17:29.969994,2673.99,credit_card,insufficient_funds,18,2,249.5,2,2,1,0,0.11,0,NO_CONTACT,0,0,0.0
1671,233,2026-04-29 19:09:03.708742,45986.09,upi,insufficient_funds,19,2,189.5,4,2,0,1,0.18,0,HUMAN_REVIEW,62,0,0.0
1672,233,2026-04-29 20:00:37.447489,976.09,debit_card,insufficient_funds,20,2,189.5,4,2,0,2,0.081,0,LINK_NEXT_MORNING,618,1,869.85
1673,83,2026-04-29 20:52:11.186237,1653.92,credit_card,temporary_network_issue,20,2,208.1,4,0,0,3,0.286,0,LINK_AFTER_2H,129,0,0.0
1674,233,2026-04-29 21:43:44.924985,988.03,credit_card,temporary_network_issue,21,2,189.5,4,2,0,1,0.078,0,LINK_AFTER_2H,149,0,0.0
1675,233,2026-04-29 22:35:18.663733,615.36,upi,risk_declined,22,2,189.5,4,2,0,0,0.135,0,LINK_NEXT_MORNING,644,0,0.0
1676,58,2026-04-29 23:26:52.402480,1553.33,debit_card,card_blocked,23,2,17.4,3,0,1,2,0.058,0,LINK_NOW,7,0,0.0
1677,536,2026-04-30 00:18:26.141228,1975.18,net_banking,risk_declined,0,3,47.5,2,1,2,0,0.16,1,LINK_NEXT_MORNING,554,0,0.0
1678,747,2026-04-30 01:09:59.879976,963.36,debit_card,insufficient_funds,1,3,19.4,2,2,1,0,0.136,1,NO_CONTACT,0,0,0.0
1679,125,2026-04-30 02:01:33.618724,50000.0,debit_card,card_blocked,2,3,176.2,1,4,0,0,0.183,0,NO_CONTACT,0,0,0.0
1680,594,2026-04-30 02:53:07.357471,2247.51,credit_card,insufficient_funds,2,3,29.0,3,1,0,0,0.255,0,LINK_NOW,27,0,0.0
1681,91,2026-04-30 03:44:41.096219,784.39,wallet,insufficient_funds,3,3,286.8,1,3,0,1,0.062,0,HUMAN_REVIEW,59,1,756.72
1682,233,2026-04-30 04:36:14.834967,7196.52,debit_card,card_blocked,4,3,189.5,4,2,0,0,0.189,0,HUMAN_REVIEW,75,0,0.0
1683,747,2026-04-30 05:27:48.573715,805.16,credit_card,risk_declined,5,3,19.4,2,2,1,0,0.339,0,LINK_AFTER_2H,103,0,0.0
1684,594,2026-04-30 06:19:22.312462,2039.41,credit_card,temporary_network_issue,6,3,29.0,3,1,0,1,0.432,0,LINK_AFTER_2H,140,1,1991.47
1685,487,2026-04-30 07:10:56.051210,342.62,debit_card,risk_declined,7,3,334.2,0,3,0,0,0.042,0,LINK_NEXT_MORNING,650,0,0.0
1686,233,2026-04-30 08:02:29.789958,5597.65,debit_card,temporary_network_issue,8,3,189.5,4,2,0,2,0.155,0,LINK_AFTER_2H,110,1,4689.27
1687,91,2026-04-30 08:54:03.528706,5424.52,credit_card,risk_declined,8,3,286.8,1,3,0,2,0.136,0,LINK_NEXT_MORNING,703,0,0.0
1688,173,2026-04-30 09:45:37.267453,4854.43,debit_card,insufficient_funds,9,3,204.8,5,0,0,1,0.2,0,LINK_NEXT_MORNING,570,0,0.0
1689,233,2026-04-30 10:37:11.006201,6055.39,upi,insufficient_funds,10,3,189.5,4,2,0,1,0.06,0,LINK_NOW,28,0,0.0
1690,233,2026-04-30 11:28:44.744949,1772.95,debit_card,risk_declined,11,3,189.5,4,2,0,0,0.046,0,LINK_NOW,1,0,0.0
1691,193,2026-04-30 12:20:18.483697,6214.62,credit_card,card_blocked,12,3,318.6,1,3,0,3,0.272,0,HUMAN_REVIEW,37,1,5061.52
1692,173,2026-04-30 13:11:52.222444,33713.93,credit_card,temporary_network_issue,13,3,204.8,5,0,0,1,0.097,0,LINK_NOW,10,1,27156.37
1693,71,2026-04-30 14:03:25.961192,3977.09,debit_card,card_blocked,14,3,98.3,1,1,0,0,0.316,0,NO_CONTACT,0,0,0.0
1694,594,2026-04-30 14:54:59.699940,2546.39,credit_card,bank_limit_exceeded,14,3,29.0,3,1,0,2,0.181,0,HUMAN_REVIEW,62,1,2167.06
1695,233,2026-04-30 15:46:33.438688,455.43,credit_card,card_blocked,15,3,189.5,4,2,0,0,0.343,0,HUMAN_REVIEW,84,0,0.0
1696,193,2026-04-30 16:38:07.177435,3501.11,net_banking,card_blocked,16,3,318.6,1,3,0,1,0.177,0,LINK_NOW,25,1,3160.15
1697,193,2026-04-30 17:29:40.916183,804.32,debit_card,risk_declined,17,3,318.6,1,3,0,0,0.157,0,HUMAN_REVIEW,50,1,769.26
1698,459,2026-04-30 18:21:14.654931,2523.41,debit_card,risk_declined,18,3,17.7,3,2,1,1,0.075,0,HUMAN_REVIEW,76,0,0.0
1699,193,2026-04-30 19:12:48.393679,816.99,net_banking,insufficient_funds,19,3,318.6,1,3,0,2,0.137,0,LINK_NOW,18,0,0.0
1700,459,2026-04-30 20:04:22.132426,760.63,upi,card_blocked,20,3,17.7,3,2,1,2,0.269,0,LINK_NOW,28,0,0.0
1701,193,2026-04-30 20:55:55.871174,2222.72,credit_card,temporary_network_issue,20,3,318.6,1,3,0,3,0.347,0,NO_CONTACT,0,0,0.0
1702,193,2026-04-30 21:47:29.609922,23655.19,credit_card,insufficient_funds,21,3,318.6,1,3,0,1,0.097,0,LINK_NEXT_MORNING,495,0,0.0
1703,710,2026-04-30 22:39:03.348670,1161.32,credit_card,temporary_network_issue,22,3,103.4,2,0,0,0,0.356,0,LINK_NEXT_MORNING,547,1,944.37
1704,374,2026-04-30 23:30:37.087417,738.44,upi,insufficient_funds,23,3,376.4,2,0,0,0,0.415,0,NO_CONTACT,0,0,0.0
1705,562,2026-05-01 00:22:10.826165,39231.38,net_banking,insufficient_funds,0,4,31.4,0,1,0,2,0.333,0,LINK_NOW,11,0,0.0
1706,710,2026-05-01 01:13:44.564913,1320.01,credit_card,bank_limit_exceeded,1,4,103.4,2,0,0,0,0.132,0,LINK_NOW,24,0,0.0
1707,233,2026-05-01 02:05:18.303661,2057.35,credit_card,insufficient_funds,2,4,189.5,4,2,0,2,0.194,0,LINK_AFTER_2H,94,1,1905.78
1708,233,2026-05-01 02:56:52.042408,2189.55,net_banking,temporary_network_issue,2,4,189.5,4,2,0,2,0.383,0,HUMAN_REVIEW,48,0,0.0
1709,459,2026-05-01 03:48:25.781156,4653.44,credit_card,insufficient_funds,3,4,17.7,3,2,1,3,0.24,0,LINK_NOW,10,0,0.0
1710,193,2026-05-01 04:39:59.519904,737.17,net_banking,temporary_network_issue,4,4,318.6,1,3,0,0,0.232,0,HUMAN_REVIEW,68,0,0.0
1711,233,2026-05-01 05:31:33.258652,1899.98,upi,insufficient_funds,5,4,189.5,4,2,0,0,0.085,1,HUMAN_REVIEW,99,0,0.0
1712,58,2026-05-01 06:23:06.997399,4038.79,credit_card,temporary_network_issue,6,4,17.4,3,0,1,2,0.285,0,LINK_NOW,29,0,0.0
1713,233,2026-05-01 07:14:40.736147,2583.1,credit_card,risk_declined,7,4,189.5,4,2,0,4,0.178,0,HUMAN_REVIEW,57,0,0.0
1714,257,2026-05-01 08:06:14.474895,917.91,credit_card,temporary_network_issue,8,4,335.3,2,0,0,1,0.315,0,LINK_AFTER_2H,102,1,848.16
1715,83,2026-05-01 08:57:48.213643,664.06,credit_card,temporary_network_issue,8,4,208.1,4,0,0,1,0.279,1,LINK_AFTER_2H,136,0,0.0
1716,596,2026-05-01 09:49:21.952390,4653.84,net_banking,temporary_network_issue,9,4,7.4,2,2,0,1,0.13,1,LINK_NEXT_MORNING,546,1,4157.27
1717,233,2026-05-01 10:40:55.691138,1598.63,credit_card,insufficient_funds,10,4,189.5,4,2,0,0,0.464,0,LINK_NEXT_MORNING,543,0,0.0
1718,233,2026-05-01 11:32:29.429886,12059.66,debit_card,temporary_network_issue,11,4,189.5,4,2,0,0,0.15,0,LINK_NEXT_MORNING,537,1,11951.57
1719,710,2026-05-01 12:24:03.168634,2216.03,debit_card,insufficient_funds,12,4,103.4,2,0,0,2,0.196,0,LINK_NEXT_MORNING,706,1,2083.28
1720,710,2026-05-01 13:15:36.907381,4297.63,upi,temporary_network_issue,13,4,103.4,2,0,0,3,0.253,0,LINK_AFTER_2H,93,1,3606.34
1721,233,2026-05-01 14:07:10.646129,5353.42,debit_card,risk_declined,14,4,189.5,4,2,0,0,0.199,0,LINK_NEXT_MORNING,489,0,0.0
1722,233,2026-05-01 14:58:44.384877,4225.17,credit_card,temporary_network_issue,14,4,189.5,4,2,0,2,0.193,0,LINK_NOW,18,1,3848.33
1723,125,2026-05-01 15:50:18.123625,966.42,debit_card,card_blocked,15,4,176.2,1,4,0,2,0.251,0,LINK_NOW,5,0,0.0
1724,710,2026-05-01 16:41:51.862372,6971.76,net_banking,insufficient_funds,16,4,103.4,2,0,0,1,0.221,0,LINK_NEXT_MORNING,480,0,0.0
1725,710,2026-05-01 17:33:25.601120,6311.88,credit_card,risk_declined,17,4,103.4,2,0,0,0,0.393,0,NO_CONTACT,0,0,0.0
1726,125,2026-05-01 18:24:59.339868,1189.21,credit_card,temporary_network_issue,18,4,176.2,1,4,0,0,0.151,0,LINK_AFTER_2H,90,0,0.0
1727,459,2026-05-01 19:16:33.078616,1444.87,wallet,bank_limit_exceeded,19,4,17.7,3,2,1,2,0.254,0,LINK_AFTER_2H,96,1,1300.27
1728,261,2026-05-01 20:08:06.817363,3276.11,credit_card,insufficient_funds,20,4,476.8,1,2,0,0,0.25,0,NO_CONTACT,0,0,0.0
1729,186,2026-05-01 20:59:40.556111,5017.02,credit_card,bank_limit_exceeded,20,4,19.7,3,3,1,0,0.186,0,HUMAN_REVIEW,109,0,0.0
1730,71,2026-05-01 21:51:14.294859,1534.01,upi,card_blocked,21,4,98.3,1,1,0,4,0.308,0,NO_CONTACT,0,0,0.0
1731,58,2026-05-01 22:42:48.033607,3344.44,credit_card,insufficient_funds,22,4,17.4,3,0,1,0,0.201,0,NO_CONTACT,0,0,0.0
1732,233,2026-05-01 23:34:21.772354,1122.92,credit_card,bank_limit_exceeded,23,4,189.5,4,2,0,1,0.24,0,HUMAN_REVIEW,117,0,0.0
1733,618,2026-05-02 00:25:55.511102,2129.42,credit_card,insufficient_funds,0,5,156.7,1,1,0,0,0.22,0,HUMAN_REVIEW,33,0,0.0
1734,173,2026-05-02 01:17:29.249850,2102.16,net_banking,card_blocked,1,5,204.8,5,0,0,0,0.114,0,LINK_AFTER_2H,105,1,1832.24
1735,791,2026-05-02 02:09:02.988598,32643.19,wallet,risk_declined,2,5,269.8,1,2,1,2,0.149,0,HUMAN_REVIEW,100,1,30655.24
1736,193,2026-05-02 03:00:36.727345,7424.79,net_banking,insufficient_funds,3,5,318.6,1,3,0,1,0.457,0,HUMAN_REVIEW,54,1,6516.13
1737,193,2026-05-02 03:52:10.466093,2192.76,credit_card,insufficient_funds,3,5,318.6,1,3,0,2,0.136,0,NO_CONTACT,0,0,0.0
1738,233,2026-05-02 04:43:44.204841,2910.05,credit_card,temporary_network_issue,4,5,189.5,4,2,0,2,0.228,1,LINK_AFTER_2H,104,0,0.0
1739,233,2026-05-02 05:35:17.943589,1377.9,debit_card,card_blocked,5,5,189.5,4,2,0,0,0.545,0,NO_CONTACT,0,1,1116.73
1740,71,2026-05-02 06:26:51.682336,1831.38,net_banking,risk_declined,6,5,98.3,1,1,0,1,0.161,0,LINK_NOW,8,0,0.0
1741,193,2026-05-02 07:18:25.421084,2723.42,net_banking,risk_declined,7,5,318.6,1,3,0,2,0.236,0,NO_CONTACT,0,0,0.0
1742,116,2026-05-02 08:09:59.159832,1371.32,net_banking,temporary_network_issue,8,5,155.5,3,1,0,0,0.265,0,NO_CONTACT,0,0,0.0
1743,710,2026-05-02 09:01:32.898580,4112.34,wallet,risk_declined,9,5,103.4,2,0,0,1,0.124,0,HUMAN_REVIEW,40,0,0.0
1744,459,2026-05-02 09:53:06.637327,4214.66,credit_card,bank_limit_exceeded,9,5,17.7,3,2,1,5,0.385,0,HUMAN_REVIEW,100,0,0.0
1745,193,2026-05-02 10:44:40.376075,43535.06,credit_card,insufficient_funds,10,5,318.6,1,3,0,4,0.301,0,HUMAN_REVIEW,82,1,42259.47
1746,233,2026-05-02 11:36:14.114823,199.0,upi,insufficient_funds,11,5,189.5,4,2,0,1,0.247,0,NO_CONTACT,0,1,190.91
1747,233,2026-05-02 12:27:47.853571,1775.23,debit_card,temporary_network_issue,12,5,189.5,4,2,0,1,0.033,0,LINK_AFTER_2H,128,0,0.0
1748,270,2026-05-02 13:19:21.592318,1021.78,debit_card,risk_declined,13,5,19.0,2,6,1,2,0.349,0,HUMAN_REVIEW,116,0,0.0
1749,232,2026-05-02 14:10:55.331066,199.0,debit_card,insufficient_funds,14,5,883.0,2,3,0,1,0.13,0,LINK_NEXT_MORNING,610,0,0.0
1750,686,2026-05-02 15:02:29.069814,3880.46,debit_card,risk_declined,15,5,169.0,3,1,1,3,0.12,0,LINK_AFTER_2H,96,0,0.0
1751,585,2026-05-02 15:54:02.808562,2037.96,debit_card,bank_limit_exceeded,15,5,83.8,1,3,0,0,0.01,0,NO_CONTACT,0,0,0.0
1752,233,2026-05-02 16:45:36.547309,5912.29,upi,insufficient_funds,16,5,189.5,4,2,0,1,0.024,0,LINK_NEXT_MORNING,482,1,4763.2
1753,83,2026-05-02 17:37:10.286057,6486.0,credit_card,temporary_network_issue,17,5,208.1,4,0,0,0,0.105,0,HUMAN_REVIEW,41,0,0.0
1754,233,2026-05-02 18:28:44.024805,842.67,debit_card,insufficient_funds,18,5,189.5,4,2,0,0,0.114,1,LINK_NOW,2,1,814.14
1755,83,2026-05-02 19:20:17.763553,1522.59,credit_card,temporary_network_issue,19,5,208.1,4,0,0,1,0.283,0,LINK_AFTER_2H,96,1,1286.46
1756,173,2026-05-02 20:11:51.502300,12064.69,upi,temporary_network_issue,20,5,204.8,5,0,0,3,0.287,0,LINK_AFTER_2H,112,0,0.0
1757,521,2026-05-02 21:03:25.241048,257.9,credit_card,card_blocked,21,5,249.5,2,2,1,1,0.151,0,LINK_NEXT_MORNING,645,1,242.16
1758,459,2026-05-02 21:54:58.979796,1476.53,upi,temporary_network_issue,21,5,17.7,3,2,1,0,0.074,0,HUMAN_REVIEW,108,0,0.0
1759,524,2026-05-02 22:46:32.718544,2497.3,credit_card,bank_limit_exceeded,22,5,418.7,0,1,0,0,0.523,0,LINK_AFTER_2H,112,0,0.0
1760,459,2026-05-02 23:38:06.457291,1169.84,debit_card,insufficient_funds,23,5,17.7,3,2,1,1,0.17,0,LINK_AFTER_2H,147,1,1047.63
1761,91,2026-05-03 00:29:40.196039,1702.21,net_banking,temporary_network_issue,0,6,286.8,1,3,0,2,0.149,0,LINK_NOW,9,0,0.0
1762,71,2026-05-03 01:21:13.934787,12351.34,debit_card,risk_declined,1,6,98.3,1,1,0,1,0.12,0,NO_CONTACT,0,0,0.0
1763,710,2026-05-03 02:12:47.673535,8564.27,debit_card,temporary_network_issue,2,6,103.4,2,0,0,1,0.089,0,NO_CONTACT,0,0,0.0
1764,71,2026-05-03 03:04:21.412282,519.06,net_banking,temporary_network_issue,3,6,98.3,1,1,0,2,0.166,0,HUMAN_REVIEW,34,1,453.64
1765,594,2026-05-03 03:55:55.151030,7061.36,credit_card,card_blocked,3,6,29.0,3,1,0,2,0.318,1,LINK_AFTER_2H,130,1,6411.05
1766,233,2026-05-03 04:47:28.889778,3036.05,wallet,risk_declined,4,6,189.5,4,2,0,3,0.247,0,NO_CONTACT,0,0,0.0
1767,193,2026-05-03 05:39:02.628526,6278.2,credit_card,temporary_network_issue,5,6,318.6,1,3,0,3,0.025,0,LINK_AFTER_2H,138,1,5341.83
1768,233,2026-05-03 06:30:36.367273,10953.24,net_banking,temporary_network_issue,6,6,189.5,4,2,0,0,0.113,0,LINK_NOW,20,1,9456.47
1769,233,2026-05-03 07:22:10.106021,3941.57,upi,bank_limit_exceeded,7,6,189.5,4,2,0,2,0.156,0,HUMAN_REVIEW,91,0,0.0
1770,193,2026-05-03 08:13:43.844769,20212.74,debit_card,insufficient_funds,8,6,318.6,1,3,0,1,0.595,0,LINK_AFTER_2H,118,0,0.0
1771,677,2026-05-03 09:05:17.583517,13622.0,credit_card,temporary_network_issue,9,6,62.4,1,1,0,3,0.26,0,NO_CONTACT,0,0,0.0
1772,747,2026-05-03 09:56:51.322264,15186.51,credit_card,card_blocked,9,6,19.4,2,2,1,1,0.312,0,LINK_NEXT_MORNING,562,1,14690.18
1773,405,2026-05-03 10:48:25.061012,2017.99,wallet,insufficient_funds,10,6,245.7,2,2,1,2,0.206,0,LINK_NEXT_MORNING,605,0,0.0
1774,233,2026-05-03 11:39:58.799760,3298.27,net_banking,temporary_network_issue,11,6,189.5,4,2,0,3,0.08,0,LINK_AFTER_2H,113,1,2913.03
1775,83,2026-05-03 12:31:32.538508,2272.99,debit_card,insufficient_funds,12,6,208.1,4,0,0,1,0.06,0,LINK_NEXT_MORNING,694,1,2067.14
1776,710,2026-05-03 13:23:06.277255,1084.59,debit_card,risk_declined,13,6,103.4,2,0,0,1,0.02,0,LINK_NOW,27,1,1050.41
1777,459,2026-05-03 14:14:40.016003,9010.44,credit_card,risk_declined,14,6,17.7,3,2,1,4,0.121,0,LINK_AFTER_2H,106,0,0.0
1778,71,2026-05-03 15:06:13.754751,5375.98,net_banking,insufficient_funds,15,6,98.3,1,1,0,5,0.149,0,HUMAN_REVIEW,38,0,0.0
1779,233,2026-05-03 15:57:47.493499,1260.33,wallet,insufficient_funds,15,6,189.5,4,2,0,1,0.344,0,NO_CONTACT,0,0,0.0
1780,233,2026-05-03 16:49:21.232246,3833.52,credit_card,risk_declined,16,6,189.5,4,2,0,0,0.187,0,LINK_NOW,28,0,0.0
1781,58,2026-05-03 17:40:54.970994,504.9,upi,temporary_network_issue,17,6,17.4,3,0,1,2,0.292,0,LINK_NEXT_MORNING,660,1,470.69
1782,222,2026-05-03 18:32:28.709742,199.0,credit_card,temporary_network_issue,18,6,220.2,1,1,0,3,0.507,0,LINK_AFTER_2H,106,0,0.0
1783,559,2026-05-03 19:24:02.448490,3495.84,upi,insufficient_funds,19,6,46.6,1,0,0,2,0.317,0,LINK_NEXT_MORNING,544,1,3004.28
1784,233,2026-05-03 20:15:36.187237,19769.58,debit_card,insufficient_funds,20,6,189.5,4,2,0,3,0.181,0,NO_CONTACT,0,0,0.0
1785,594,2026-05-03 21:07:09.925985,1173.18,net_banking,insufficient_funds,21,6,29.0,3,1,0,1,0.257,0,HUMAN_REVIEW,38,1,1119.34
1786,233,2026-05-03 21:58:43.664733,1905.67,upi,insufficient_funds,21,6,189.5,4,2,0,1,0.044,0,LINK_NEXT_MORNING,711,0,0.0
1787,710,2026-05-03 22:50:17.403481,893.41,net_banking,temporary_network_issue,22,6,103.4,2,0,0,1,0.073,0,LINK_NOW,5,1,723.42
1788,233,2026-05-03 23:41:51.142228,2376.52,upi,card_blocked,23,6,189.5,4,2,0,0,0.209,0,NO_CONTACT,0,0,0.0
1789,459,2026-05-04 00:33:24.880976,1580.96,credit_card,temporary_network_issue,0,0,17.7,3,2,1,2,0.236,1,HUMAN_REVIEW,44,0,0.0
1790,193,2026-05-04 01:24:58.619724,2379.45,wallet,card_blocked,1,0,318.6,1,3,0,1,0.058,0,LINK_AFTER_2H,136,0,0.0
1791,747,2026-05-04 02:16:32.358472,725.29,upi,temporary_network_issue,2,0,19.4,2,2,1,2,0.273,0,LINK_NOW,5,1,628.74
1792,710,2026-05-04 03:08:06.097219,1880.19,credit_card,insufficient_funds,3,0,103.4,2,0,0,0,0.245,0,NO_CONTACT,0,0,0.0
1793,233,2026-05-04 03:59:39.835967,901.94,debit_card,insufficient_funds,3,0,189.5,4,2,0,2,0.096,0,LINK_NOW,20,0,0.0
1794,193,2026-05-04 04:51:13.574715,199.0,upi,temporary_network_issue,4,0,318.6,1,3,0,2,0.256,0,LINK_AFTER_2H,136,1,179.71
1795,284,2026-05-04 05:42:47.313463,5963.18,credit_card,card_blocked,5,0,285.8,1,0,0,1,0.294,0,HUMAN_REVIEW,47,1,5137.88
1796,334,2026-05-04 06:34:21.052210,3417.36,debit_card,card_blocked,6,0,202.0,6,3,0,1,0.17,0,LINK_NOW,21,0,0.0
1797,502,2026-05-04 07:25:54.790958,2629.85,net_banking,temporary_network_issue,7,0,42.8,4,2,1,3,0.009,0,LINK_NOW,23,0,0.0
1798,125,2026-05-04 08:17:28.529706,4016.7,credit_card,card_blocked,8,0,176.2,1,4,0,1,0.371,0,LINK_NEXT_MORNING,709,0,0.0
1799,233,2026-05-04 09:09:02.268454,385.85,upi,insufficient_funds,9,0,189.5,4,2,0,2,0.284,0,LINK_NEXT_MORNING,593,1,320.62
1800,193,2026-05-04 10:00:36.007201,13004.2,debit_card,risk_declined,10,0,318.6,1,3,0,0,0.283,0,NO_CONTACT,0,0,0.0
1801,747,2026-05-04 10:52:09.745949,2145.55,credit_card,risk_declined,10,0,19.4,2,2,1,3,0.03,0,LINK_NOW,17,0,0.0
1802,193,2026-05-04 11:43:43.484697,8821.57,net_banking,insufficient_funds,11,0,318.6,1,3,0,3,0.227,0,NO_CONTACT,0,0,0.0
1803,314,2026-05-04 12:35:17.223445,460.72,debit_card,temporary_network_issue,12,0,126.7,3,7,0,0,0.191,0,NO_CONTACT,0,0,0.0
1804,747,2026-05-04 13:26:50.962192,1651.28,upi,card_blocked,13,0,19.4,2,2,1,2,0.139,0,HUMAN_REVIEW,112,1,1497.36
1805,594,2026-05-04 14:18:24.700940,20440.64,net_banking,temporary_network_issue,14,0,29.0,3,1,0,0,0.07,0,LINK_NEXT_MORNING,537,1,17681.03
1806,729,2026-05-04 15:09:58.439688,6166.77,debit_card,bank_limit_exceeded,15,0,93.8,2,3,0,1,0.49,0,LINK_AFTER_2H,117,1,5081.41
1807,233,2026-05-04 16:01:32.178436,475.98,net_banking,card_blocked,16,0,189.5,4,2,0,2,0.068,0,HUMAN_REVIEW,52,1,392.93
1808,91,2026-05-04 16:53:05.917183,4865.14,upi,card_blocked,16,0,286.8,1,3,0,0,0.368,0,LINK_AFTER_2H,113,0,0.0
1809,11,2026-05-04 17:44:39.655931,1162.19,upi,temporary_network_issue,17,0,55.1,2,1,0,2,0.114,0,LINK_AFTER_2H,141,1,957.11
1810,460,2026-05-04 18:36:13.394679,622.67,net_banking,insufficient_funds,18,0,205.1,2,2,1,0,0.303,0,LINK_NOW,26,0,0.0
1811,521,2026-05-04 19:27:47.133427,1172.08,debit_card,insufficient_funds,19,0,249.5,2,2,1,1,0.103,0,LINK_NEXT_MORNING,556,0,0.0
1812,125,2026-05-04 20:19:20.872174,2978.32,debit_card,insufficient_funds,20,0,176.2,1,4,0,2,0.321,0,LINK_NEXT_MORNING,554,1,2898.58
1813,71,2026-05-04 21:10:54.610922,2873.76,upi,insufficient_funds,21,0,98.3,1,1,0,0,0.21,0,HUMAN_REVIEW,44,0,0.0
1814,193,2026-05-04 22:02:28.349670,883.06,upi,bank_limit_exceeded,22,0,318.6,1,3,0,1,0.199,0,LINK_AFTER_2H,119,0,0.0
1815,222,2026-05-04 22:54:02.088418,2044.44,credit_card,temporary_network_issue,22,0,220.2,1,1,0,1,0.05,1,LINK_NOW,5,1,1946.93
1816,193,2026-05-04 23:45:35.827165,736.48,net_banking,risk_declined,23,0,318.6,1,3,0,2,0.121,0,LINK_NEXT_MORNING,504,0,0.0
1817,594,2026-05-05 00:37:09.565913,2152.18,debit_card,risk_declined,0,1,29.0,3,1,0,1,0.084,0,HUMAN_REVIEW,60,0,0.0
1818,58,2026-05-05 01:28:43.304661,3984.44,credit_card,risk_declined,1,1,17.4,3,0,1,3,0.109,0,NO_CONTACT,0,0,0.0
1819,233,2026-05-05 02:20:17.043409,353.91,net_banking,insufficient_funds,2,1,189.5,4,2,0,0,0.142,0,NO_CONTACT,0,0,0.0
1820,623,2026-05-05 03:11:50.782156,562.53,credit_card,temporary_network_issue,3,1,14.4,2,1,0,0,0.228,0,NO_CONTACT,0,0,0.0
1821,725,2026-05-05 04:03:24.520904,1155.58,net_banking,insufficient_funds,4,1,134.9,2,1,0,1,0.327,0,HUMAN_REVIEW,40,0,0.0
1822,509,2026-05-05 04:54:58.259652,4686.1,debit_card,bank_limit_exceeded,4,1,36.6,2,1,0,0,0.087,0,NO_CONTACT,0,0,0.0
1823,91,2026-05-05 05:46:31.998400,618.85,credit_card,risk_declined,5,1,286.8,1,3,0,0,0.152,0,LINK_NOW,3,0,0.0
1824,233,2026-05-05 06:38:05.737147,6257.63,credit_card,insufficient_funds,6,1,189.5,4,2,0,1,0.16,0,HUMAN_REVIEW,108,1,5556.63
1825,233,2026-05-05 07:29:39.475895,605.03,debit_card,insufficient_funds,7,1,189.5,4,2,0,0,0.044,0,LINK_NEXT_MORNING,591,1,551.86
1826,173,2026-05-05 08:21:13.214643,770.84,credit_card,temporary_network_issue,8,1,204.8,5,0,0,1,0.108,1,LINK_NOW,23,1,683.46
1827,193,2026-05-05 09:12:46.953391,1481.62,upi,insufficient_funds,9,1,318.6,1,3,0,0,0.079,0,LINK_NOW,13,1,1410.78
1828,590,2026-05-05 10:04:20.692138,1249.25,credit_card,risk_declined,10,1,43.4,2,1,0,3,0.144,0,LINK_AFTER_2H,113,0,0.0
1829,193,2026-05-05 10:55:54.430886,944.09,upi,risk_declined,10,1,318.6,1,3,0,2,0.094,0,NO_CONTACT,0,0,0.0
1830,83,2026-05-05 11:47:28.169634,490.85,debit_card,card_blocked,11,1,208.1,4,0,0,2,0.248,0,LINK_NEXT_MORNING,566,0,0.0
1831,173,2026-05-05 12:39:01.908382,368.38,upi,card_blocked,12,1,204.8,5,0,0,3,0.119,0,LINK_AFTER_2H,94,1,347.34
1832,448,2026-05-05 13:30:35.647129,6429.95,credit_card,temporary_network_issue,13,1,122.2,4,1,0,1,0.318,0,LINK_AFTER_2H,136,1,6089.38
1833,193,2026-05-05 14:22:09.385877,2496.57,credit_card,insufficient_funds,14,1,318.6,1,3,0,0,0.29,0,LINK_AFTER_2H,115,0,0.0
1834,193,2026-05-05 15:13:43.124625,18199.43,net_banking,risk_declined,15,1,318.6,1,3,0,0,0.064,0,LINK_NOW,29,1,16322.73
1835,71,2026-05-05 16:05:16.863373,2380.28,net_banking,risk_declined,16,1,98.3,1,1,0,2,0.222,0,LINK_NOW,27,1,2172.88
1836,200,2026-05-05 16:56:50.602120,4018.84,debit_card,insufficient_funds,16,1,62.3,1,0,0,1,0.3,1,NO_CONTACT,0,0,0.0
1837,603,2026-05-05 17:48:24.340868,13214.7,credit_card,temporary_network_issue,17,1,242.6,1,0,0,1,0.339,0,LINK_NEXT_MORNING,521,0,0.0
1838,459,2026-05-05 18:39:58.079616,4929.85,debit_card,insufficient_funds,18,1,17.7,3,2,1,2,0.235,0,LINK_AFTER_2H,127,1,4477.0
1839,193,2026-05-05 19:31:31.818364,1637.48,credit_card,risk_declined,19,1,318.6,1,3,0,0,0.293,0,LINK_NEXT_MORNING,591,0,0.0
1840,459,2026-05-05 20:23:05.557111,1298.12,debit_card,insufficient_funds,20,1,17.7,3,2,1,2,0.29,0,HUMAN_REVIEW,77,1,1254.53
1841,91,2026-05-05 21:14:39.295859,3790.46,debit_card,card_blocked,21,1,286.8,1,3,0,2,0.062,0,HUMAN_REVIEW,80,1,3725.18
1842,193,2026-05-05 22:06:13.034607,4486.87,net_banking,temporary_network_issue,22,1,318.6,1,3,0,0,0.198,0,LINK_NOW,2,0,0.0
1843,11,2026-05-05 22:57:46.773355,4090.27,wallet,risk_declined,22,1,55.1,2,1,0,3,0.346,0,NO_CONTACT,0,0,0.0
1844,710,2026-05-05 23:49:20.512102,2037.92,credit_card,temporary_network_issue,23,1,103.4,2,0,0,1,0.222,0,HUMAN_REVIEW,47,0,0.0
1845,233,2026-05-06 00:40:54.250850,1488.63,net_banking,insufficient_funds,0,2,189.5,4,2,0,2,0.398,0,LINK_AFTER_2H,111,0,0.0
1846,71,2026-05-06 01:32:27.989598,4417.96,credit_card,insufficient_funds,1,2,98.3,1,1,0,1,0.201,0,LINK_NEXT_MORNING,507,0,0.0
1847,83,2026-05-06 02:24:01.728346,2150.69,credit_card,insufficient_funds,2,2,208.1,4,0,0,0,0.325,0,NO_CONTACT,0,0,0.0
1848,710,2026-05-06 03:15:35.467093,487.33,net_banking,risk_declined,3,2,103.4,2,0,0,4,0.091,0,LINK_NOW,29,0,0.0
1849,684,2026-05-06 04:07:09.205841,1052.64,upi,card_blocked,4,2,90.9,0,1,0,2,0.212,0,NO_CONTACT,0,0,0.0
1850,443,2026-05-06 04:58:42.944589,688.36,wallet,insufficient_funds,4,2,59.3,1,1,0,2,0.205,0,HUMAN_REVIEW,31,0,0.0
1851,286,2026-05-06 05:50:16.683337,3930.92,upi,temporary_network_issue,5,2,413.3,0,1,1,1,0.09,0,NO_CONTACT,0,0,0.0
1852,233,2026-05-06 06:41:50.422084,1045.99,credit_card,insufficient_funds,6,2,189.5,4,2,0,0,0.265,0,NO_CONTACT,0,0,0.0
1853,91,2026-05-06 07:33:24.160832,34719.29,credit_card,risk_declined,7,2,286.8,1,3,0,2,0.24,0,LINK_NEXT_MORNING,680,0,0.0
1854,173,2026-05-06 08:24:57.899580,4810.13,upi,insufficient_funds,8,2,204.8,5,0,0,0,0.284,0,HUMAN_REVIEW,94,0,0.0
1855,233,2026-05-06 09:16:31.638328,17079.74,debit_card,risk_declined,9,2,189.5,4,2,0,1,0.077,0,HUMAN_REVIEW,65,1,16547.1
1856,193,2026-05-06 10:08:05.377075,17685.37,debit_card,temporary_network_issue,10,2,318.6,1,3,0,1,0.341,0,LINK_NOW,24,0,0.0
1857,193,2026-05-06 10:59:39.115823,1659.55,debit_card,temporary_network_issue,10,2,318.6,1,3,0,2,0.162,0,HUMAN_REVIEW,50,1,1610.04
1858,193,2026-05-06 11:51:12.854571,9467.02,upi,insufficient_funds,11,2,318.6,1,3,0,1,0.275,0,NO_CONTACT,0,0,0.0
1859,233,2026-05-06 12:42:46.593319,2808.72,upi,insufficient_funds,12,2,189.5,4,2,0,0,0.158,0,LINK_NOW,29,1,2650.81
1860,193,2026-05-06 13:34:20.332066,10482.95,debit_card,temporary_network_issue,13,2,318.6,1,3,0,1,0.081,0,LINK_NOW,21,0,0.0
1861,509,2026-05-06 14:25:54.070814,464.84,wallet,temporary_network_issue,14,2,36.6,2,1,0,3,0.125,0,LINK_NEXT_MORNING,507,1,401.92
1862,233,2026-05-06 15:17:27.809562,3793.32,upi,insufficient_funds,15,2,189.5,4,2,0,0,0.061,0,NO_CONTACT,0,0,0.0
1863,58,2026-05-06 16:09:01.548310,3920.39,credit_card,risk_declined,16,2,17.4,3,0,1,1,0.104,0,HUMAN_REVIEW,61,0,0.0
1864,233,2026-05-06 17:00:35.287057,13327.75,credit_card,temporary_network_issue,17,2,189.5,4,2,0,1,0.157,0,HUMAN_REVIEW,87,0,0.0
1865,710,2026-05-06 17:52:09.025805,656.02,net_banking,insufficient_funds,17,2,103.4,2,0,0,0,0.263,0,LINK_NOW,5,0,0.0
1866,233,2026-05-06 18:43:42.764553,1834.85,debit_card,risk_declined,18,2,189.5,4,2,0,2,0.03,0,HUMAN_REVIEW,52,1,1523.88
1867,747,2026-05-06 19:35:16.503301,3326.87,upi,bank_limit_exceeded,19,2,19.4,2,2,1,1,0.155,0,HUMAN_REVIEW,99,1,3023.6
1868,71,2026-05-06 20:26:50.242048,4176.8,upi,insufficient_funds,20,2,98.3,1,1,0,1,0.067,0,LINK_NEXT_MORNING,603,0,0.0
1869,233,2026-05-06 21:18:23.980796,24119.99,credit_card,risk_declined,21,2,189.5,4,2,0,0,0.254,0,LINK_AFTER_2H,111,0,0.0
1870,71,2026-05-06 22:09:57.719544,3550.26,upi,card_blocked,22,2,98.3,1,1,0,0,0.327,0,LINK_NEXT_MORNING,638,0,0.0
1871,747,2026-05-06 23:01:31.458292,4459.49,debit_card,bank_limit_exceeded,23,2,19.4,2,2,1,2,0.16,0,LINK_AFTER_2H,108,0,0.0
1872,233,2026-05-06 23:53:05.197039,7540.92,debit_card,insufficient_funds,23,2,189.5,4,2,0,1,0.152,0,LINK_NEXT_MORNING,679,0,0.0
1873,233,2026-05-07 00:44:38.935787,3174.47,upi,bank_limit_exceeded,0,3,189.5,4,2,0,0,0.187,0,NO_CONTACT,0,0,0.0
1874,364,2026-05-07 01:36:12.674535,1114.6,net_banking,insufficient_funds,1,3,148.3,2,3,0,1,0.312,0,LINK_NOW,7,0,0.0
1875,91,2026-05-07 02:27:46.413283,1001.82,net_banking,temporary_network_issue,2,3,286.8,1,3,0,1,0.36,0,LINK_AFTER_2H,109,1,951.4
1876,459,2026-05-07 03:19:20.152030,6446.13,credit_card,temporary_network_issue,3,3,17.7,3,2,1,0,0.483,0,LINK_NOW,23,1,5737.86
1877,71,2026-05-07 04:10:53.890778,2055.65,net_banking,insufficient_funds,4,3,98.3,1,1,0,3,0.04,1,LINK_NOW,12,1,1880.18
1878,594,2026-05-07 05:02:27.629526,690.63,debit_card,card_blocked,5,3,29.0,3,1,0,2,0.32,0,LINK_NEXT_MORNING,605,0,0.0
1879,193,2026-05-07 05:54:01.368274,749.17,debit_card,temporary_network_issue,5,3,318.6,1,3,0,1,0.104,0,NO_CONTACT,0,0,0.0
1880,193,2026-05-07 06:45:35.107021,2709.71,credit_card,insufficient_funds,6,3,318.6,1,3,0,1,0.098,0,NO_CONTACT,0,0,0.0
1881,335,2026-05-07 07:37:08.845769,4959.3,net_banking,insufficient_funds,7,3,7.1,2,1,0,0,0.15,0,LINK_NOW,27,0,0.0
1882,704,2026-05-07 08:28:42.584517,6813.22,credit_card,insufficient_funds,8,3,40.5,3,2,0,0,0.293,0,NO_CONTACT,0,0,0.0
1883,71,2026-05-07 09:20:16.323265,3329.0,credit_card,temporary_network_issue,9,3,98.3,1,1,0,1,0.135,0,LINK_NOW,8,1,3248.69
1884,594,2026-05-07 10:11:50.062012,476.35,credit_card,temporary_network_issue,10,3,29.0,3,1,0,2,0.214,0,LINK_NEXT_MORNING,596,1,391.15
1885,710,2026-05-07 11:03:23.800760,1141.84,upi,temporary_network_issue,11,3,103.4,2,0,0,1,0.136,0,LINK_AFTER_2H,140,0,0.0
1886,233,2026-05-07 11:54:57.539508,254.32,credit_card,insufficient_funds,11,3,189.5,4,2,0,2,0.053,0,LINK_AFTER_2H,96,1,237.58
1887,349,2026-05-07 12:46:31.278256,15203.72,net_banking,temporary_network_issue,12,3,14.1,2,0,0,0,0.113,0,LINK_AFTER_2H,141,0,0.0
1888,233,2026-05-07 13:38:05.017003,217.1,credit_card,risk_declined,13,3,189.5,4,2,0,0,0.134,0,NO_CONTACT,0,0,0.0
1889,193,2026-05-07 14:29:38.755751,3711.35,net_banking,insufficient_funds,14,3,318.6,1,3,0,0,0.226,0,HUMAN_REVIEW,101,0,0.0
1890,102,2026-05-07 15:21:12.494499,6898.86,upi,insufficient_funds,15,3,54.7,2,1,0,2,0.239,0,HUMAN_REVIEW,32,0,0.0
1891,71,2026-05-07 16:12:46.233247,6112.55,credit_card,temporary_network_issue,16,3,98.3,1,1,0,2,0.249,0,LINK_NOW,16,0,0.0
1892,233,2026-05-07 17:04:19.971994,25986.81,credit_card,temporary_network_issue,17,3,189.5,4,2,0,0,0.064,0,NO_CONTACT,0,0,0.0
1893,233,2026-05-07 17:55:53.710742,908.86,debit_card,temporary_network_issue,17,3,189.5,4,2,0,0,0.249,0,LINK_NEXT_MORNING,484,0,0.0
1894,528,2026-05-07 18:47:27.449490,1430.92,net_banking,bank_limit_exceeded,18,3,25.9,3,2,0,2,0.175,0,LINK_AFTER_2H,127,0,0.0
1895,459,2026-05-07 19:39:01.188238,239.69,debit_card,risk_declined,19,3,17.7,3,2,1,0,0.067,0,LINK_NOW,27,1,216.67
1896,233,2026-05-07 20:30:34.926985,2955.8,debit_card,card_blocked,20,3,189.5,4,2,0,2,0.316,0,LINK_NOW,14,0,0.0
1897,459,2026-05-07 21:22:08.665733,877.49,credit_card,temporary_network_issue,21,3,17.7,3,2,1,0,0.045,0,LINK_AFTER_2H,98,1,742.38
1898,710,2026-05-07 22:13:42.404481,6274.18,debit_card,insufficient_funds,22,3,103.4,2,0,0,2,0.094,0,HUMAN_REVIEW,99,1,5889.96
1899,222,2026-05-07 23:05:16.143229,1045.26,net_banking,temporary_network_issue,23,3,220.2,1,1,0,1,0.329,0,NO_CONTACT,0,0,0.0
1900,193,2026-05-07 23:56:49.881976,3743.23,credit_card,risk_declined,23,3,318.6,1,3,0,1,0.181,0,LINK_AFTER_2H,97,0,0.0
1901,521,2026-05-08 00:48:23.620724,19098.13,upi,risk_declined,0,4,249.5,2,2,1,1,0.157,0,LINK_AFTER_2H,133,0,0.0
1902,459,2026-05-08 01:39:57.359472,992.84,upi,temporary_network_issue,1,4,17.7,3,2,1,0,0.181,0,LINK_AFTER_2H,115,1,856.62
1903,594,2026-05-08 02:31:31.098220,12630.51,credit_card,insufficient_funds,2,4,29.0,3,1,0,1,0.182,0,HUMAN_REVIEW,77,0,0.0
1904,233,2026-05-08 03:23:04.836967,289.72,upi,insufficient_funds,3,4,189.5,4,2,0,1,0.366,0,LINK_NEXT_MORNING,563,0,0.0
1905,233,2026-05-08 04:14:38.575715,4134.0,debit_card,insufficient_funds,4,4,189.5,4,2,0,1,0.151,0,LINK_NEXT_MORNING,505,1,3606.43
1906,459,2026-05-08 05:06:12.314463,4125.02,net_banking,risk_declined,5,4,17.7,3,2,1,1,0.234,0,HUMAN_REVIEW,87,1,3713.42
1907,193,2026-05-08 05:57:46.053211,1689.21,debit_card,insufficient_funds,5,4,318.6,1,3,0,2,0.038,0,LINK_NOW,21,1,1602.64
1908,193,2026-05-08 06:49:19.791958,6038.84,upi,temporary_network_issue,6,4,318.6,1,3,0,2,0.138,0,LINK_NOW,2,1,5996.09
1909,193,2026-05-08 07:40:53.530706,3584.73,debit_card,risk_declined,7,4,318.6,1,3,0,2,0.249,0,LINK_NOW,15,1,3506.63
1910,459,2026-05-08 08:32:27.269454,3824.48,upi,insufficient_funds,8,4,17.7,3,2,1,1,0.07,0,LINK_NEXT_MORNING,665,1,3759.08
1911,173,2026-05-08 09:24:01.008202,1206.72,upi,temporary_network_issue,9,4,204.8,5,0,0,1,0.131,0,LINK_NOW,24,1,1185.29
1912,459,2026-05-08 10:15:34.746949,1596.39,credit_card,insufficient_funds,10,4,17.7,3,2,1,1,0.318,0,LINK_NOW,14,0,0.0
1913,747,2026-05-08 11:07:08.485697,7873.17,credit_card,temporary_network_issue,11,4,19.4,2,2,1,1,0.252,0,HUMAN_REVIEW,40,1,7788.79
1914,193,2026-05-08 11:58:42.224445,782.8,upi,insufficient_funds,11,4,318.6,1,3,0,1,0.368,0,LINK_NEXT_MORNING,575,0,0.0
1915,596,2026-05-08 12:50:15.963193,1274.07,debit_card,temporary_network_issue,12,4,7.4,2,2,0,1,0.125,0,HUMAN_REVIEW,35,1,1239.47
1916,459,2026-05-08 13:41:49.701940,442.76,upi,risk_declined,13,4,17.7,3,2,1,0,0.063,0,HUMAN_REVIEW,31,0,0.0
1917,459,2026-05-08 14:33:23.440688,2289.56,upi,card_blocked,14,4,17.7,3,2,1,2,0.142,0,HUMAN_REVIEW,52,0,0.0
1918,710,2026-05-08 15:24:57.179436,29279.24,net_banking,temporary_network_issue,15,4,103.4,2,0,0,0,0.132,0,LINK_NOW,28,0,0.0
1919,101,2026-05-08 16:16:30.918184,4467.13,debit_card,risk_declined,16,4,156.3,3,1,0,0,0.221,0,LINK_AFTER_2H,96,0,0.0
1920,452,2026-05-08 17:08:04.656931,564.47,credit_card,insufficient_funds,17,4,73.0,1,1,1,2,0.113,0,HUMAN_REVIEW,91,0,0.0
1921,58,2026-05-08 17:59:38.395679,13729.22,upi,risk_declined,17,4,17.4,3,0,1,1,0.325,0,NO_CONTACT,0,0,0.0
1922,125,2026-05-08 18:51:12.134427,717.12,credit_card,insufficient_funds,18,4,176.2,1,4,0,0,0.131,0,HUMAN_REVIEW,59,1,697.03
1923,452,2026-05-08 19:42:45.873175,7430.42,debit_card,temporary_network_issue,19,4,73.0,1,1,1,3,0.108,0,HUMAN_REVIEW,109,1,6190.66
1924,747,2026-05-08 20:34:19.611922,2302.51,debit_card,insufficient_funds,20,4,19.4,2,2,1,1,0.069,0,LINK_AFTER_2H,90,1,2078.11
1925,28,2026-05-08 21:25:53.350670,4456.18,wallet,insufficient_funds,21,4,69.1,2,2,1,1,0.126,0,LINK_AFTER_2H,102,0,0.0
1926,233,2026-05-08 22:17:27.089418,9646.66,credit_card,bank_limit_exceeded,22,4,189.5,4,2,0,3,0.292,0,NO_CONTACT,0,0,0.0
1927,233,2026-05-08 23:09:00.828166,412.95,upi,insufficient_funds,23,4,189.5,4,2,0,1,0.398,0,LINK_NEXT_MORNING,643,0,0.0
1928,459,2026-05-09 00:00:34.566913,1683.87,debit_card,insufficient_funds,0,5,17.7,3,2,1,2,0.09,0,NO_CONTACT,0,0,0.0
1929,459,2026-05-09 00:52:08.305661,6906.7,credit_card,temporary_network_issue,0,5,17.7,3,2,1,2,0.175,0,LINK_NOW,0,0,0.0
1930,71,2026-05-09 01:43:42.044409,1967.28,net_banking,insufficient_funds,1,5,98.3,1,1,0,3,0.539,0,LINK_NEXT_MORNING,629,0,0.0
1931,233,2026-05-09 02:35:15.783157,1235.37,credit_card,risk_declined,2,5,189.5,4,2,0,0,0.114,0,LINK_AFTER_2H,126,0,0.0
1932,125,2026-05-09 03:26:49.521904,2120.81,credit_card,bank_limit_exceeded,3,5,176.2,1,4,0,1,0.21,0,LINK_NEXT_MORNING,700,1,1882.24
1933,747,2026-05-09 04:18:23.260652,1297.92,upi,insufficient_funds,4,5,19.4,2,2,1,2,0.208,0,HUMAN_REVIEW,91,0,0.0
1934,233,2026-05-09 05:09:56.999400,1544.97,credit_card,insufficient_funds,5,5,189.5,4,2,0,1,0.194,0,NO_CONTACT,0,0,0.0
1935,20,2026-05-09 06:01:30.738148,13497.31,debit_card,insufficient_funds,6,5,97.8,4,1,0,0,0.236,0,LINK_NOW,15,0,0.0
1936,193,2026-05-09 06:53:04.476895,1568.04,debit_card,temporary_network_issue,6,5,318.6,1,3,0,0,0.212,0,LINK_AFTER_2H,140,0,0.0
1937,233,2026-05-09 07:44:38.215643,12879.43,net_banking,insufficient_funds,7,5,189.5,4,2,0,5,0.268,0,HUMAN_REVIEW,73,0,0.0
1938,743,2026-05-09 08:36:11.954391,9034.8,upi,temporary_network_issue,8,5,298.9,1,3,0,2,0.221,0,LINK_NEXT_MORNING,488,0,0.0
1939,58,2026-05-09 09:27:45.693139,4499.81,credit_card,risk_declined,9,5,17.4,3,0,1,1,0.27,0,LINK_NEXT_MORNING,568,0,0.0
1940,91,2026-05-09 10:19:19.431886,1270.31,credit_card,temporary_network_issue,10,5,286.8,1,3,0,3,0.097,0,LINK_NEXT_MORNING,517,0,0.0
1941,193,2026-05-09 11:10:53.170634,3376.26,credit_card,insufficient_funds,11,5,318.6,1,3,0,0,0.347,1,LINK_AFTER_2H,111,1,3290.62
1942,747,2026-05-09 12:02:26.909382,2769.46,debit_card,temporary_network_issue,12,5,19.4,2,2,1,1,0.163,0,LINK_AFTER_2H,130,0,0.0
1943,710,2026-05-09 12:54:00.648130,1281.22,debit_card,card_blocked,12,5,103.4,2,0,0,1,0.358,0,HUMAN_REVIEW,31,0,0.0
1944,459,2026-05-09 13:45:34.386877,2871.81,credit_card,temporary_network_issue,13,5,17.7,3,2,1,1,0.211,0,HUMAN_REVIEW,30,1,2822.5
1945,594,2026-05-09 14:37:08.125625,1410.71,upi,insufficient_funds,14,5,29.0,3,1,0,0,0.257,0,LINK_NEXT_MORNING,489,0,0.0
1946,173,2026-05-09 15:28:41.864373,23134.5,upi,temporary_network_issue,15,5,204.8,5,0,0,1,0.048,0,LINK_NEXT_MORNING,578,0,0.0
1947,357,2026-05-09 16:20:15.603121,655.0,upi,temporary_network_issue,16,5,149.2,0,0,0,1,0.103,0,LINK_AFTER_2H,113,0,0.0
1948,322,2026-05-09 17:11:49.341868,5763.03,credit_card,insufficient_funds,17,5,332.9,3,4,0,2,0.114,0,LINK_NOW,17,0,0.0
1949,594,2026-05-09 18:03:23.080616,2602.4,debit_card,bank_limit_exceeded,18,5,29.0,3,1,0,3,0.306,0,LINK_AFTER_2H,113,0,0.0
1950,710,2026-05-09 18:54:56.819364,6172.19,upi,risk_declined,18,5,103.4,2,0,0,3,0.086,0,NO_CONTACT,0,0,0.0
1951,747,2026-05-09 19:46:30.558112,6893.4,debit_card,card_blocked,19,5,19.4,2,2,1,3,0.217,0,NO_CONTACT,0,0,0.0
1952,91,2026-05-09 20:38:04.296859,9845.84,upi,risk_declined,20,5,286.8,1,3,0,0,0.157,0,LINK_AFTER_2H,133,0,0.0
1953,594,2026-05-09 21:29:38.035607,1584.64,upi,card_blocked,21,5,29.0,3,1,0,0,0.104,0,NO_CONTACT,0,0,0.0
1954,193,2026-05-09 22:21:11.774355,421.68,credit_card,risk_declined,22,5,318.6,1,3,0,1,0.288,0,LINK_AFTER_2H,136,0,0.0
1955,459,2026-05-09 23:12:45.513103,50000.0,debit_card,temporary_network_issue,23,5,17.7,3,2,1,0,0.304,0,LINK_NOW,13,1,47616.53
1956,71,2026-05-10 00:04:19.251850,1743.27,credit_card,temporary_network_issue,0,6,98.3,1,1,0,0,0.205,0,LINK_AFTER_2H,99,0,0.0
1957,747,2026-05-10 00:55:52.990598,420.81,debit_card,insufficient_funds,0,6,19.4,2,2,1,1,0.099,0,LINK_AFTER_2H,127,0,0.0
1958,535,2026-05-10 01:47:26.729346,3679.14,upi,insufficient_funds,1,6,38.7,1,2,0,3,0.165,0,LINK_NEXT_MORNING,627,0,0.0
1959,91,2026-05-10 02:39:00.468094,2128.41,wallet,temporary_network_issue,2,6,286.8,1,3,0,1,0.271,0,LINK_NEXT_MORNING,595,1,1752.31
1960,71,2026-05-10 03:30:34.206841,6553.93,upi,card_blocked,3,6,98.3,1,1,0,0,0.133,0,HUMAN_REVIEW,105,0,0.0
1961,459,2026-05-10 04:22:07.945589,2359.12,credit_card,temporary_network_issue,4,6,17.7,3,2,1,2,0.07,0,LINK_AFTER_2H,149,0,0.0
1962,173,2026-05-10 05:13:41.684337,12049.74,upi,card_blocked,5,6,204.8,5,0,0,0,0.047,0,HUMAN_REVIEW,52,0,0.0
1963,233,2026-05-10 06:05:15.423085,1852.21,upi,card_blocked,6,6,189.5,4,2,0,2,0.148,0,HUMAN_REVIEW,52,0,0.0
1964,522,2026-05-10 06:56:49.161832,555.52,upi,insufficient_funds,6,6,79.1,2,2,0,2,0.038,0,LINK_NOW,8,0,0.0
1965,264,2026-05-10 07:48:22.900580,5332.6,upi,insufficient_funds,7,6,129.3,1,0,0,0,0.488,0,LINK_NEXT_MORNING,541,1,4918.77
1966,747,2026-05-10 08:39:56.639328,625.4,debit_card,insufficient_funds,8,6,19.4,2,2,1,0,0.257,0,NO_CONTACT,0,1,573.41
1967,11,2026-05-10 09:31:30.378076,2945.41,credit_card,insufficient_funds,9,6,55.1,2,1,0,1,0.078,0,LINK_AFTER_2H,93,0,0.0
1968,710,2026-05-10 10:23:04.116823,9440.18,credit_card,temporary_network_issue,10,6,103.4,2,0,0,2,0.282,0,NO_CONTACT,0,0,0.0
1969,233,2026-05-10 11:14:37.855571,1170.69,credit_card,card_blocked,11,6,189.5,4,2,0,0,0.088,0,HUMAN_REVIEW,56,0,0.0
1970,83,2026-05-10 12:06:11.594319,5268.13,net_banking,insufficient_funds,12,6,208.1,4,0,0,1,0.073,0,LINK_AFTER_2H,118,0,0.0
1971,314,2026-05-10 12:57:45.333067,3582.65,debit_card,risk_declined,12,6,126.7,3,7,0,2,0.281,1,LINK_NEXT_MORNING,536,0,0.0
1972,233,2026-05-10 13:49:19.071814,1293.42,debit_card,risk_declined,13,6,189.5,4,2,0,1,0.269,0,LINK_NEXT_MORNING,547,0,0.0
1973,233,2026-05-10 14:40:52.810562,14231.88,credit_card,temporary_network_issue,14,6,189.5,4,2,0,1,0.273,1,NO_CONTACT,0,0,0.0
1974,233,2026-05-10 15:32:26.549310,5280.74,wallet,card_blocked,15,6,189.5,4,2,0,2,0.493,0,NO_CONTACT,0,0,0.0
1975,193,2026-05-10 16:24:00.288058,12169.95,credit_card,insufficient_funds,16,6,318.6,1,3,0,1,0.136,0,LINK_NEXT_MORNING,545,1,10586.71
1976,233,2026-05-10 17:15:34.026805,1039.38,debit_card,card_blocked,17,6,189.5,4,2,0,1,0.404,0,LINK_NOW,29,1,923.95
1977,474,2026-05-10 18:07:07.765553,2988.92,debit_card,insufficient_funds,18,6,24.1,2,1,0,2,0.221,0,NO_CONTACT,0,1,2597.89
1978,71,2026-05-10 18:58:41.504301,9300.85,credit_card,card_blocked,18,6,98.3,1,1,0,1,0.267,0,LINK_NOW,6,0,0.0
1979,58,2026-05-10 19:50:15.243049,2881.5,net_banking,temporary_network_issue,19,6,17.4,3,0,1,2,0.073,0,NO_CONTACT,0,0,0.0
1980,594,2026-05-10 20:41:48.981796,20701.43,debit_card,bank_limit_exceeded,20,6,29.0,3,1,0,1,0.118,0,NO_CONTACT,0,0,0.0
1981,710,2026-05-10 21:33:22.720544,1300.08,debit_card,temporary_network_issue,21,6,103.4,2,0,0,2,0.123,0,LINK_AFTER_2H,146,1,1122.89
1982,747,2026-05-10 22:24:56.459292,2743.13,upi,insufficient_funds,22,6,19.4,2,2,1,1,0.136,0,LINK_NEXT_MORNING,522,0,0.0
1983,257,2026-05-10 23:16:30.198040,7485.03,credit_card,temporary_network_issue,23,6,335.3,2,0,0,2,0.241,0,NO_CONTACT,0,0,0.0
1984,193,2026-05-11 00:08:03.936787,4377.75,upi,risk_declined,0,0,318.6,1,3,0,2,0.069,0,LINK_NEXT_MORNING,655,0,0.0
1985,193,2026-05-11 00:59:37.675535,3801.84,upi,card_blocked,0,0,318.6,1,3,0,1,0.194,1,NO_CONTACT,0,0,0.0
1986,193,2026-05-11 01:51:11.414283,4062.88,upi,bank_limit_exceeded,1,0,318.6,1,3,0,3,0.065,0,NO_CONTACT,0,1,3899.62
1987,594,2026-05-11 02:42:45.153031,261.31,debit_card,risk_declined,2,0,29.0,3,1,0,0,0.17,0,NO_CONTACT,0,0,0.0
1988,459,2026-05-11 03:34:18.891778,2064.86,credit_card,temporary_network_issue,3,0,17.7,3,2,1,0,0.047,0,LINK_NOW,9,0,0.0
1989,452,2026-05-11 04:25:52.630526,3602.72,debit_card,insufficient_funds,4,0,73.0,1,1,1,1,0.087,0,LINK_AFTER_2H,136,1,3016.17
1990,594,2026-05-11 05:17:26.369274,4113.07,debit_card,insufficient_funds,5,0,29.0,3,1,0,1,0.242,0,LINK_AFTER_2H,123,0,0.0
1991,125,2026-05-11 06:09:00.108022,884.89,credit_card,bank_limit_exceeded,6,0,176.2,1,4,0,3,0.176,0,LINK_AFTER_2H,101,1,848.46
1992,459,2026-05-11 07:00:33.846769,3584.66,debit_card,bank_limit_exceeded,7,0,17.7,3,2,1,1,0.092,0,LINK_NOW,26,1,3035.28
1993,257,2026-05-11 07:52:07.585517,4415.81,debit_card,insufficient_funds,7,0,335.3,2,0,0,0,0.106,0,HUMAN_REVIEW,83,0,0.0
1994,11,2026-05-11 08:43:41.324265,3459.14,credit_card,card_blocked,8,0,55.1,2,1,0,2,0.086,0,HUMAN_REVIEW,115,0,0.0
1995,250,2026-05-11 09:35:15.063013,2550.69,upi,card_blocked,9,0,23.0,1,0,0,0,0.316,0,LINK_NEXT_MORNING,686,1,2100.97
1996,572,2026-05-11 10:26:48.801760,896.26,net_banking,temporary_network_issue,10,0,50.7,3,3,0,0,0.192,0,LINK_NOW,10,0,0.0
1997,710,2026-05-11 11:18:22.540508,1064.07,credit_card,risk_declined,11,0,103.4,2,0,0,2,0.241,0,NO_CONTACT,0,1,1000.59
1998,193,2026-05-11 12:09:56.279256,3722.25,upi,insufficient_funds,12,0,318.6,1,3,0,2,0.217,0,LINK_NEXT_MORNING,553,1,3660.69
1999,193,2026-05-11 13:01:30.018004,209.49,upi,risk_declined,13,0,318.6,1,3,0,1,0.071,0,HUMAN_REVIEW,64,0,0.0
2000,11,2026-05-11 13:53:03.756751,9782.85,debit_card,temporary_network_issue,13,0,55.1,2,1,0,1,0.151,0,HUMAN_REVIEW,69,0,0.0
2001,11,2026-05-11 14:44:37.495499,1564.75,credit_card,temporary_network_issue,14,0,55.1,2,1,0,1,0.073,0,LINK_NOW,20,0,0.0
2002,98,2026-05-11 15:36:11.234247,4066.54,debit_card,temporary_network_issue,15,0,88.6,2,1,0,0,0.082,0,NO_CONTACT,0,0,0.0
2003,459,2026-05-11 16:27:44.972995,10468.88,upi,temporary_network_issue,16,0,17.7,3,2,1,1,0.215,0,HUMAN_REVIEW,113,0,0.0
2004,594,2026-05-11 17:19:18.711742,594.63,credit_card,temporary_network_issue,17,0,29.0,3,1,0,2,0.209,0,LINK_AFTER_2H,121,0,0.0
2005,91,2026-05-11 18:10:52.450490,4206.94,upi,card_blocked,18,0,286.8,1,3,0,1,0.229,0,LINK_AFTER_2H,109,0,0.0
2006,747,2026-05-11 19:02:26.189238,1885.98,net_banking,temporary_network_issue,19,0,19.4,2,2,1,2,0.084,0,NO_CONTACT,0,1,1657.02
2007,91,2026-05-11 19:53:59.927986,328.05,net_banking,card_blocked,19,0,286.8,1,3,0,0,0.132,1,HUMAN_REVIEW,34,0,0.0
2008,233,2026-05-11 20:45:33.666733,15976.51,debit_card,insufficient_funds,20,0,189.5,4,2,0,1,0.54,1,LINK_NOW,28,0,0.0
2009,91,2026-05-11 21:37:07.405481,807.59,debit_card,bank_limit_exceeded,21,0,286.8,1,3,0,1,0.219,0,LINK_NEXT_MORNING,698,0,0.0
2010,71,2026-05-11 22:28:41.144229,11236.3,credit_card,insufficient_funds,22,0,98.3,1,1,0,3,0.086,0,LINK_NEXT_MORNING,569,0,0.0
2011,222,2026-05-11 23:20:14.882977,647.24,debit_card,temporary_network_issue,23,0,220.2,1,1,0,0,0.081,0,LINK_AFTER_2H,100,1,622.48
2012,594,2026-05-12 00:11:48.621724,431.2,net_banking,insufficient_funds,0,1,29.0,3,1,0,0,0.176,0,LINK_AFTER_2H,118,1,359.45
2013,193,2026-05-12 01:03:22.360472,592.27,upi,temporary_network_issue,1,1,318.6,1,3,0,3,0.111,0,LINK_AFTER_2H,149,0,0.0
2014,233,2026-05-12 01:54:56.099220,697.64,upi,insufficient_funds,1,1,189.5,4,2,0,0,0.211,0,LINK_NOW,11,0,0.0
2015,173,2026-05-12 02:46:29.837968,824.51,credit_card,bank_limit_exceeded,2,1,204.8,5,0,0,0,0.217,0,NO_CONTACT,0,0,0.0
2016,314,2026-05-12 03:38:03.576715,6419.74,credit_card,insufficient_funds,3,1,126.7,3,7,0,0,0.108,0,HUMAN_REVIEW,49,0,0.0
2017,91,2026-05-12 04:29:37.315463,31992.06,upi,temporary_network_issue,4,1,286.8,1,3,0,3,0.287,1,LINK_NEXT_MORNING,522,0,0.0
2018,233,2026-05-12 05:21:11.054211,13831.14,upi,risk_declined,5,1,189.5,4,2,0,1,0.414,0,LINK_NEXT_MORNING,549,1,11996.53
2019,707,2026-05-12 06:12:44.792959,2626.4,credit_card,insufficient_funds,6,1,25.7,4,2,0,2,0.018,0,LINK_NOW,7,0,0.0
2020,193,2026-05-12 07:04:18.531706,1856.2,net_banking,risk_declined,7,1,318.6,1,3,0,2,0.046,0,LINK_AFTER_2H,134,0,0.0
2021,619,2026-05-12 07:55:52.270454,1817.79,debit_card,risk_declined,7,1,58.4,1,1,1,0,0.142,0,NO_CONTACT,0,0,0.0
2022,173,2026-05-12 08:47:26.009202,199.0,debit_card,card_blocked,8,1,204.8,5,0,0,1,0.407,0,LINK_NEXT_MORNING,590,0,0.0
2023,125,2026-05-12 09:38:59.747950,3166.27,net_banking,insufficient_funds,9,1,176.2,1,4,0,0,0.147,0,NO_CONTACT,0,0,0.0
2024,233,2026-05-12 10:30:33.486697,4745.7,upi,insufficient_funds,10,1,189.5,4,2,0,1,0.259,0,NO_CONTACT,0,0,0.0
2025,678,2026-05-12 11:22:07.225445,834.85,debit_card,insufficient_funds,11,1,202.3,0,1,0,3,0.318,0,LINK_AFTER_2H,91,0,0.0
2026,58,2026-05-12 12:13:40.964193,444.29,net_banking,insufficient_funds,12,1,17.4,3,0,1,2,0.173,0,LINK_NOW,29,0,0.0
2027,233,2026-05-12 13:05:14.702941,2443.71,net_banking,insufficient_funds,13,1,189.5,4,2,0,1,0.263,0,NO_CONTACT,0,0,0.0
2028,233,2026-05-12 13:56:48.441688,7399.87,debit_card,risk_declined,13,1,189.5,4,2,0,4,0.326,0,LINK_NEXT_MORNING,662,0,0.0
2029,233,2026-05-12 14:48:22.180436,794.61,net_banking,temporary_network_issue,14,1,189.5,4,2,0,2,0.178,1,HUMAN_REVIEW,67,0,0.0
2030,111,2026-05-12 15:39:55.919184,697.54,credit_card,insufficient_funds,15,1,122.7,1,3,0,0,0.134,0,LINK_NOW,19,1,576.36
2031,71,2026-05-12 16:31:29.657932,1186.46,credit_card,insufficient_funds,16,1,98.3,1,1,0,1,0.074,0,LINK_NEXT_MORNING,701,0,0.0
2032,193,2026-05-12 17:23:03.396679,4308.96,net_banking,temporary_network_issue,17,1,318.6,1,3,0,0,0.16,0,LINK_NEXT_MORNING,572,1,3490.0
2033,233,2026-05-12 18:14:37.135427,1032.11,debit_card,insufficient_funds,18,1,189.5,4,2,0,1,0.134,0,LINK_NEXT_MORNING,673,0,0.0
2034,594,2026-05-12 19:06:10.874175,15778.43,credit_card,risk_declined,19,1,29.0,3,1,0,2,0.155,0,LINK_AFTER_2H,104,0,0.0
2035,459,2026-05-12 19:57:44.612923,1455.24,debit_card,insufficient_funds,19,1,17.7,3,2,1,0,0.324,0,LINK_AFTER_2H,122,1,1334.15
2036,459,2026-05-12 20:49:18.351670,1288.34,upi,risk_declined,20,1,17.7,3,2,1,1,0.161,0,LINK_NEXT_MORNING,490,1,1162.83
2037,710,2026-05-12 21:40:52.090418,2697.67,debit_card,card_blocked,21,1,103.4,2,0,0,0,0.115,0,HUMAN_REVIEW,69,1,2557.44
2038,71,2026-05-12 22:32:25.829166,8247.4,debit_card,bank_limit_exceeded,22,1,98.3,1,1,0,2,0.08,0,LINK_NEXT_MORNING,567,0,0.0
2039,96,2026-05-12 23:23:59.567914,5130.22,net_banking,insufficient_funds,23,1,44.6,2,1,1,1,0.055,0,LINK_NOW,8,0,0.0
2040,173,2026-05-13 00:15:33.306661,271.86,credit_card,insufficient_funds,0,2,204.8,5,0,0,1,0.14,0,LINK_NEXT_MORNING,558,0,0.0
2041,205,2026-05-13 01:07:07.045409,4588.75,debit_card,temporary_network_issue,1,2,181.9,2,1,0,2,0.159,0,HUMAN_REVIEW,34,0,0.0
2042,443,2026-05-13 01:58:40.784157,8374.74,credit_card,bank_limit_exceeded,1,2,59.3,1,1,0,1,0.07,0,LINK_AFTER_2H,98,0,0.0
2043,125,2026-05-13 02:50:14.522905,9334.04,debit_card,card_blocked,2,2,176.2,1,4,0,1,0.226,0,NO_CONTACT,0,0,0.0
2044,193,2026-05-13 03:41:48.261652,15025.87,net_banking,card_blocked,3,2,318.6,1,3,0,1,0.109,0,LINK_NEXT_MORNING,611,0,0.0
2045,233,2026-05-13 04:33:22.000400,37157.23,credit_card,insufficient_funds,4,2,189.5,4,2,0,0,0.235,0,LINK_NEXT_MORNING,698,0,0.0
2046,743,2026-05-13 05:24:55.739148,2815.33,credit_card,temporary_network_issue,5,2,298.9,1,3,0,2,0.368,0,NO_CONTACT,0,0,0.0
2047,220,2026-05-13 06:16:29.477896,1676.81,credit_card,insufficient_funds,6,2,73.2,1,1,0,1,0.033,0,LINK_NOW,9,1,1432.82
2048,193,2026-05-13 07:08:03.216643,944.76,net_banking,temporary_network_issue,7,2,318.6,1,3,0,1,0.045,0,LINK_NEXT_MORNING,675,0,0.0
2049,60,2026-05-13 07:59:36.955391,598.91,credit_card,insufficient_funds,7,2,11.2,1,4,0,1,0.477,1,HUMAN_REVIEW,66,0,0.0
2050,459,2026-05-13 08:51:10.694139,1445.75,debit_card,insufficient_funds,8,2,17.7,3,2,1,1,0.197,0,NO_CONTACT,0,0,0.0
2051,233,2026-05-13 09:42:44.432887,1339.79,net_banking,card_blocked,9,2,189.5,4,2,0,3,0.216,0,LINK_NEXT_MORNING,594,1,1223.93
2052,233,2026-05-13 10:34:18.171634,701.98,credit_card,bank_limit_exceeded,10,2,189.5,4,2,0,3,0.09,1,LINK_AFTER_2H,142,0,0.0
2053,71,2026-05-13 11:25:51.910382,3271.79,debit_card,card_blocked,11,2,98.3,1,1,0,2,0.145,0,LINK_NOW,12,0,0.0
2054,462,2026-05-13 12:17:25.649130,2355.58,upi,card_blocked,12,2,289.2,5,2,0,2,0.049,0,HUMAN_REVIEW,50,0,0.0
2055,193,2026-05-13 13:08:59.387878,2744.58,upi,bank_limit_exceeded,13,2,318.6,1,3,0,1,0.045,0,HUMAN_REVIEW,40,1,2699.03
2056,193,2026-05-13 14:00:33.126625,768.65,debit_card,insufficient_funds,14,2,318.6,1,3,0,1,0.169,0,NO_CONTACT,0,0,0.0
2057,193,2026-05-13 14:52:06.865373,4216.28,net_banking,insufficient_funds,14,2,318.6,1,3,0,0,0.122,0,LINK_NEXT_MORNING,683,0,0.0
2058,660,2026-05-13 15:43:40.604121,1129.26,net_banking,card_blocked,15,2,392.3,0,1,0,0,0.142,0,LINK_NEXT_MORNING,493,0,0.0
2059,83,2026-05-13 16:35:14.342869,14639.38,upi,temporary_network_issue,16,2,208.1,4,0,0,2,0.101,0,HUMAN_REVIEW,65,1,11809.27
2060,696,2026-05-13 17:26:48.081616,199.0,debit_card,temporary_network_issue,17,2,266.2,0,3,0,1,0.545,0,NO_CONTACT,0,0,0.0
2061,459,2026-05-13 18:18:21.820364,1266.54,net_banking,insufficient_funds,18,2,17.7,3,2,1,3,0.065,0,HUMAN_REVIEW,42,1,1065.71
2062,594,2026-05-13 19:09:55.559112,4509.54,upi,temporary_network_issue,19,2,29.0,3,1,0,1,0.121,0,LINK_NOW,26,1,4434.69
2063,399,2026-05-13 20:01:29.297860,517.41,credit_card,temporary_network_issue,20,2,160.5,2,3,0,0,0.222,0,HUMAN_REVIEW,98,1,500.36
2064,314,2026-05-13 20:53:03.036607,12112.03,net_banking,insufficient_funds,20,2,126.7,3,7,0,2,0.522,0,HUMAN_REVIEW,50,1,11552.2
2065,233,2026-05-13 21:44:36.775355,8484.94,debit_card,temporary_network_issue,21,2,189.5,4,2,0,1,0.035,0,LINK_NEXT_MORNING,680,0,0.0
2066,459,2026-05-13 22:36:10.514103,19144.49,upi,temporary_network_issue,22,2,17.7,3,2,1,0,0.058,0,LINK_NOW,0,0,0.0
2067,233,2026-05-13 23:27:44.252851,11646.02,wallet,bank_limit_exceeded,23,2,189.5,4,2,0,1,0.306,0,LINK_NEXT_MORNING,587,1,11175.16
2068,459,2026-05-14 00:19:17.991598,5988.31,credit_card,bank_limit_exceeded,0,3,17.7,3,2,1,2,0.067,0,LINK_NOW,22,1,5771.81
2069,233,2026-05-14 01:10:51.730346,2952.25,debit_card,risk_declined,1,3,189.5,4,2,0,2,0.137,0,LINK_NOW,16,1,2419.95
2070,125,2026-05-14 02:02:25.469094,588.74,debit_card,bank_limit_exceeded,2,3,176.2,1,4,0,2,0.302,0,HUMAN_REVIEW,94,0,0.0
2071,193,2026-05-14 02:53:59.207842,12611.66,credit_card,insufficient_funds,2,3,318.6,1,3,0,1,0.171,0,LINK_NEXT_MORNING,658,0,0.0
2072,233,2026-05-14 03:45:32.946589,1144.12,debit_card,risk_declined,3,3,189.5,4,2,0,0,0.062,0,LINK_NOW,4,0,0.0
2073,710,2026-05-14 04:37:06.685337,1915.02,debit_card,temporary_network_issue,4,3,103.4,2,0,0,1,0.09,0,LINK_NEXT_MORNING,555,1,1905.75
2074,233,2026-05-14 05:28:40.424085,1554.32,net_banking,card_blocked,5,3,189.5,4,2,0,2,0.234,0,HUMAN_REVIEW,54,0,0.0
2075,331,2026-05-14 06:20:14.162833,1294.04,net_banking,insufficient_funds,6,3,101.9,1,2,0,3,0.254,0,LINK_AFTER_2H,114,1,1187.88
2076,459,2026-05-14 07:11:47.901580,9948.7,credit_card,risk_declined,7,3,17.7,3,2,1,0,0.145,0,LINK_NOW,11,0,0.0
2077,91,2026-05-14 08:03:21.640328,7395.69,net_banking,insufficient_funds,8,3,286.8,1,3,0,2,0.337,0,LINK_NEXT_MORNING,490,0,0.0
2078,71,2026-05-14 08:54:55.379076,4644.43,upi,insufficient_funds,8,3,98.3,1,1,0,1,0.253,0,LINK_NEXT_MORNING,573,1,4157.37
2079,233,2026-05-14 09:46:29.117824,2519.11,debit_card,risk_declined,9,3,189.5,4,2,0,1,0.089,0,LINK_NEXT_MORNING,527,0,0.0
2080,614,2026-05-14 10:38:02.856571,323.97,credit_card,card_blocked,10,3,262.1,3,2,0,0,0.338,0,LINK_NEXT_MORNING,698,1,316.07
2081,314,2026-05-14 11:29:36.595319,2289.82,credit_card,temporary_network_issue,11,3,126.7,3,7,0,0,0.114,0,HUMAN_REVIEW,110,1,2132.7
2082,723,2026-05-14 12:21:10.334067,12402.26,debit_card,card_blocked,12,3,137.4,4,3,0,0,0.062,0,NO_CONTACT,0,0,0.0
2083,193,2026-05-14 13:12:44.072815,1381.05,upi,insufficient_funds,13,3,318.6,1,3,0,1,0.121,0,NO_CONTACT,0,0,0.0
2084,233,2026-05-14 14:04:17.811562,1273.74,debit_card,card_blocked,14,3,189.5,4,2,0,2,0.175,0,HUMAN_REVIEW,32,0,0.0
2085,71,2026-05-14 14:55:51.550310,6991.7,upi,insufficient_funds,14,3,98.3,1,1,0,2,0.098,0,LINK_AFTER_2H,100,0,0.0
2086,71,2026-05-14 15:47:25.289058,2416.4,upi,risk_declined,15,3,98.3,1,1,0,0,0.234,0,LINK_NEXT_MORNING,656,0,0.0
2087,407,2026-05-14 16:38:59.027806,11010.31,debit_card,temporary_network_issue,16,3,128.6,3,1,1,0,0.274,0,LINK_AFTER_2H,122,0,0.0
2088,193,2026-05-14 17:30:32.766553,876.35,debit_card,bank_limit_exceeded,17,3,318.6,1,3,0,0,0.232,0,HUMAN_REVIEW,76,1,863.13
2089,233,2026-05-14 18:22:06.505301,3180.85,net_banking,temporary_network_issue,18,3,189.5,4,2,0,3,0.131,0,LINK_AFTER_2H,98,1,2653.59
2090,71,2026-05-14 19:13:40.244049,3692.74,upi,temporary_network_issue,19,3,98.3,1,1,0,0,0.317,0,HUMAN_REVIEW,47,0,0.0
2091,233,2026-05-14 20:05:13.982797,2262.11,credit_card,temporary_network_issue,20,3,189.5,4,2,0,1,0.133,1,LINK_AFTER_2H,90,1,2027.17
2092,594,2026-05-14 20:56:47.721544,12522.65,wallet,temporary_network_issue,20,3,29.0,3,1,0,0,0.019,0,LINK_NOW,5,0,0.0
2093,173,2026-05-14 21:48:21.460292,2632.69,net_banking,insufficient_funds,21,3,204.8,5,0,0,1,0.175,0,NO_CONTACT,0,0,0.0
2094,193,2026-05-14 22:39:55.199040,5706.78,debit_card,risk_declined,22,3,318.6,1,3,0,1,0.177,0,HUMAN_REVIEW,34,0,0.0
2095,242,2026-05-14 23:31:28.937788,2298.46,debit_card,temporary_network_issue,23,3,156.1,2,0,1,1,0.186,0,HUMAN_REVIEW,32,1,2211.21
2096,91,2026-05-15 00:23:02.676535,2445.61,debit_card,temporary_network_issue,0,4,286.8,1,3,0,1,0.217,0,HUMAN_REVIEW,119,0,0.0
2097,233,2026-05-15 01:14:36.415283,3831.41,debit_card,insufficient_funds,1,4,189.5,4,2,0,1,0.306,0,LINK_NEXT_MORNING,580,1,3812.11
2098,71,2026-05-15 02:06:10.154031,815.67,net_banking,insufficient_funds,2,4,98.3,1,1,0,5,0.306,0,LINK_AFTER_2H,129,0,0.0
2099,83,2026-05-15 02:57:43.892779,1237.58,credit_card,temporary_network_issue,2,4,208.1,4,0,0,0,0.156,0,LINK_NOW,5,1,1130.07
2100,173,2026-05-15 03:49:17.631526,2149.78,credit_card,risk_declined,3,4,204.8,5,0,0,3,0.163,0,LINK_NOW,10,0,0.0
2101,233,2026-05-15 04:40:51.370274,2647.77,credit_card,temporary_network_issue,4,4,189.5,4,2,0,1,0.239,0,LINK_NEXT_MORNING,554,0,0.0
2102,71,2026-05-15 05:32:25.109022,2455.85,debit_card,insufficient_funds,5,4,98.3,1,1,0,3,0.113,0,LINK_AFTER_2H,132,1,2430.94
2103,193,2026-05-15 06:23:58.847770,310.0,debit_card,insufficient_funds,6,4,318.6,1,3,0,2,0.423,0,LINK_NEXT_MORNING,519,0,0.0
2104,233,2026-05-15 07:15:32.586517,8395.14,net_banking,risk_declined,7,4,189.5,4,2,0,3,0.045,0,HUMAN_REVIEW,93,0,0.0
2105,233,2026-05-15 08:07:06.325265,2346.75,debit_card,card_blocked,8,4,189.5,4,2,0,2,0.123,0,NO_CONTACT,0,0,0.0
2106,193,2026-05-15 08:58:40.064013,520.94,credit_card,bank_limit_exceeded,8,4,318.6,1,3,0,2,0.152,0,NO_CONTACT,0,0,0.0
2107,233,2026-05-15 09:50:13.802761,1547.3,credit_card,insufficient_funds,9,4,189.5,4,2,0,0,0.142,0,NO_CONTACT,0,0,0.0
2108,233,2026-05-15 10:41:47.541508,16668.41,credit_card,bank_limit_exceeded,10,4,189.5,4,2,0,1,0.101,0,NO_CONTACT,0,0,0.0
2109,594,2026-05-15 11:33:21.280256,1144.86,credit_card,risk_declined,11,4,29.0,3,1,0,2,0.163,0,LINK_NEXT_MORNING,559,0,0.0
2110,71,2026-05-15 12:24:55.019004,26745.36,upi,risk_declined,12,4,98.3,1,1,0,0,0.221,0,LINK_NEXT_MORNING,691,0,0.0
2111,233,2026-05-15 13:16:28.757752,1517.51,net_banking,insufficient_funds,13,4,189.5,4,2,0,1,0.222,0,LINK_NEXT_MORNING,563,0,0.0
2112,58,2026-05-15 14:08:02.496499,16342.31,wallet,card_blocked,14,4,17.4,3,0,1,0,0.268,0,LINK_AFTER_2H,115,1,16122.33
2113,314,2026-05-15 14:59:36.235247,11774.6,credit_card,temporary_network_issue,14,4,126.7,3,7,0,2,0.12,0,NO_CONTACT,0,1,11721.75
2114,91,2026-05-15 15:51:09.973995,2974.64,upi,temporary_network_issue,15,4,286.8,1,3,0,2,0.061,0,LINK_NOW,25,0,0.0
2115,27,2026-05-15 16:42:43.712743,557.74,net_banking,temporary_network_issue,16,4,134.4,3,1,0,2,0.042,0,LINK_NOW,2,1,460.91
2116,233,2026-05-15 17:34:17.451490,891.14,net_banking,card_blocked,17,4,189.5,4,2,0,0,0.397,0,LINK_AFTER_2H,129,0,0.0
2117,747,2026-05-15 18:25:51.190238,1809.39,debit_card,bank_limit_exceeded,18,4,19.4,2,2,1,0,0.259,0,HUMAN_REVIEW,54,1,1635.28
2118,363,2026-05-15 19:17:24.928986,3782.87,debit_card,card_blocked,19,4,290.2,2,2,1,0,0.154,0,HUMAN_REVIEW,59,1,3618.63
2119,233,2026-05-15 20:08:58.667734,866.2,upi,card_blocked,20,4,189.5,4,2,0,0,0.138,0,LINK_NEXT_MORNING,647,0,0.0
2120,193,2026-05-15 21:00:32.406481,343.29,net_banking,card_blocked,21,4,318.6,1,3,0,1,0.118,0,LINK_NOW,24,0,0.0
2121,233,2026-05-15 21:52:06.145229,2401.38,net_banking,card_blocked,21,4,189.5,4,2,0,3,0.248,0,LINK_NOW,9,0,0.0
2122,233,2026-05-15 22:43:39.883977,818.88,credit_card,insufficient_funds,22,4,189.5,4,2,0,1,0.408,0,LINK_NOW,12,1,734.31
2123,193,2026-05-15 23:35:13.622725,1032.19,credit_card,insufficient_funds,23,4,318.6,1,3,0,0,0.044,0,LINK_NOW,24,0,0.0
2124,91,2026-05-16 00:26:47.361472,1112.18,wallet,risk_declined,0,5,286.8,1,3,0,0,0.285,0,HUMAN_REVIEW,64,0,0.0
2125,233,2026-05-16 01:18:21.100220,2717.68,debit_card,insufficient_funds,1,5,189.5,4,2,0,3,0.217,1,NO_CONTACT,0,1,2355.22
2126,233,2026-05-16 02:09:54.838968,5401.95,upi,risk_declined,2,5,189.5,4,2,0,1,0.1,0,LINK_NEXT_MORNING,506,0,0.0
2127,233,2026-05-16 03:01:28.577716,14394.54,debit_card,risk_declined,3,5,189.5,4,2,0,1,0.401,0,HUMAN_REVIEW,97,1,12129.86
2128,747,2026-05-16 03:53:02.316463,523.5,upi,temporary_network_issue,3,5,19.4,2,2,1,0,0.324,0,HUMAN_REVIEW,91,1,474.88
2129,596,2026-05-16 04:44:36.055211,1320.6,credit_card,bank_limit_exceeded,4,5,7.4,2,2,0,0,0.19,0,LINK_NOW,15,0,0.0
2130,233,2026-05-16 05:36:09.793959,5140.74,credit_card,temporary_network_issue,5,5,189.5,4,2,0,2,0.12,0,NO_CONTACT,0,1,4366.77
2131,459,2026-05-16 06:27:43.532707,2648.03,debit_card,insufficient_funds,6,5,17.7,3,2,1,2,0.244,0,LINK_AFTER_2H,118,0,0.0
2132,193,2026-05-16 07:19:17.271454,727.51,net_banking,temporary_network_issue,7,5,318.6,1,3,0,0,0.335,0,LINK_AFTER_2H,124,1,625.3
2133,233,2026-05-16 08:10:51.010202,8008.95,debit_card,bank_limit_exceeded,8,5,189.5,4,2,0,1,0.249,1,LINK_NOW,20,0,0.0
2134,71,2026-05-16 09:02:24.748950,2586.24,net_banking,bank_limit_exceeded,9,5,98.3,1,1,0,0,0.016,0,NO_CONTACT,0,1,2502.9
2135,222,2026-05-16 09:53:58.487698,19200.66,debit_card,temporary_network_issue,9,5,220.2,1,1,0,1,0.324,0,LINK_NOW,8,0,0.0
2136,596,2026-05-16 10:45:32.226445,2927.32,upi,insufficient_funds,10,5,7.4,2,2,0,1,0.052,0,LINK_NOW,18,0,0.0
2137,425,2026-05-16 11:37:05.965193,1362.73,credit_card,insufficient_funds,11,5,21.2,3,2,0,4,0.145,0,NO_CONTACT,0,0,0.0
2138,555,2026-05-16 12:28:39.703941,1391.87,credit_card,temporary_network_issue,12,5,453.3,1,0,1,3,0.349,0,LINK_NOW,11,1,1259.41
2139,125,2026-05-16 13:20:13.442689,445.41,upi,temporary_network_issue,13,5,176.2,1,4,0,0,0.101,0,NO_CONTACT,0,0,0.0
2140,655,2026-05-16 14:11:47.181436,13828.67,net_banking,card_blocked,14,5,19.2,0,1,0,5,0.395,0,HUMAN_REVIEW,67,0,0.0
2141,193,2026-05-16 15:03:20.920184,2210.55,net_banking,risk_declined,15,5,318.6,1,3,0,1,0.353,0,LINK_NEXT_MORNING,639,0,0.0
2142,71,2026-05-16 15:54:54.658932,283.73,credit_card,card_blocked,15,5,98.3,1,1,0,2,0.231,0,LINK_AFTER_2H,93,0,0.0
2143,459,2026-05-16 16:46:28.397680,7432.69,upi,insufficient_funds,16,5,17.7,3,2,1,2,0.256,0,NO_CONTACT,0,1,5990.17
2144,459,2026-05-16 17:38:02.136427,682.52,upi,temporary_network_issue,17,5,17.7,3,2,1,0,0.191,0,LINK_NEXT_MORNING,557,1,589.2
2145,233,2026-05-16 18:29:35.875175,4851.64,upi,risk_declined,18,5,189.5,4,2,0,1,0.087,0,NO_CONTACT,0,0,0.0
2146,193,2026-05-16 19:21:09.613923,1393.88,upi,card_blocked,19,5,318.6,1,3,0,1,0.59,0,HUMAN_REVIEW,94,0,0.0
2147,11,2026-05-16 20:12:43.352671,4701.53,net_banking,insufficient_funds,20,5,55.1,2,1,0,1,0.052,0,HUMAN_REVIEW,112,0,0.0
2148,459,2026-05-16 21:04:17.091418,466.37,debit_card,insufficient_funds,21,5,17.7,3,2,1,0,0.086,1,LINK_AFTER_2H,137,0,0.0
2149,233,2026-05-16 21:55:50.830166,3488.9,debit_card,risk_declined,21,5,189.5,4,2,0,0,0.054,0,LINK_NEXT_MORNING,639,0,0.0
2150,11,2026-05-16 22:47:24.568914,960.74,upi,insufficient_funds,22,5,55.1,2,1,0,5,0.132,0,NO_CONTACT,0,0,0.0
2151,459,2026-05-16 23:38:58.307662,290.57,upi,card_blocked,23,5,17.7,3,2,1,1,0.23,0,LINK_AFTER_2H,97,0,0.0
2152,119,2026-05-17 00:30:32.046409,5114.1,net_banking,temporary_network_issue,0,6,59.7,7,1,0,0,0.147,0,HUMAN_REVIEW,34,0,0.0
2153,574,2026-05-17 01:22:05.785157,2008.9,credit_card,insufficient_funds,1,6,56.5,2,2,0,1,0.095,0,NO_CONTACT,0,0,0.0
2154,58,2026-05-17 02:13:39.523905,1188.59,upi,card_blocked,2,6,17.4,3,0,1,2,0.255,0,LINK_NOW,7,0,0.0
2155,193,2026-05-17 03:05:13.262653,1314.58,net_banking,insufficient_funds,3,6,318.6,1,3,0,0,0.3,0,LINK_NEXT_MORNING,656,0,0.0
2156,71,2026-05-17 03:56:47.001400,5478.27,credit_card,temporary_network_issue,3,6,98.3,1,1,0,2,0.16,0,LINK_AFTER_2H,95,0,0.0
2157,459,2026-05-17 04:48:20.740148,2577.8,debit_card,insufficient_funds,4,6,17.7,3,2,1,1,0.154,0,LINK_NEXT_MORNING,578,0,0.0
2158,71,2026-05-17 05:39:54.478896,5026.97,wallet,card_blocked,5,6,98.3,1,1,0,1,0.042,0,HUMAN_REVIEW,82,0,0.0
2159,710,2026-05-17 06:31:28.217644,2512.69,debit_card,risk_declined,6,6,103.4,2,0,0,0,0.593,0,NO_CONTACT,0,0,0.0
2160,459,2026-05-17 07:23:01.956391,8122.18,credit_card,insufficient_funds,7,6,17.7,3,2,1,0,0.454,0,LINK_AFTER_2H,141,0,0.0
2161,69,2026-05-17 08:14:35.695139,465.88,credit_card,risk_declined,8,6,93.4,1,1,0,1,0.19,0,LINK_NEXT_MORNING,539,1,387.99
2162,233,2026-05-17 09:06:09.433887,433.44,credit_card,insufficient_funds,9,6,189.5,4,2,0,1,0.301,0,LINK_NEXT_MORNING,668,0,0.0
2163,233,2026-05-17 09:57:43.172635,4668.38,credit_card,temporary_network_issue,9,6,189.5,4,2,0,2,0.267,0,HUMAN_REVIEW,91,0,0.0
2164,193,2026-05-17 10:49:16.911382,8262.11,upi,temporary_network_issue,10,6,318.6,1,3,0,1,0.312,0,LINK_AFTER_2H,100,0,0.0
2165,233,2026-05-17 11:40:50.650130,4486.79,credit_card,card_blocked,11,6,189.5,4,2,0,0,0.117,0,LINK_NOW,12,0,0.0
2166,71,2026-05-17 12:32:24.388878,9619.43,upi,insufficient_funds,12,6,98.3,1,1,0,1,0.066,0,LINK_NEXT_MORNING,568,0,0.0
2167,83,2026-05-17 13:23:58.127626,7563.43,credit_card,insufficient_funds,13,6,208.1,4,0,0,2,0.243,0,HUMAN_REVIEW,80,0,0.0
2168,459,2026-05-17 14:15:31.866373,3547.45,upi,temporary_network_issue,14,6,17.7,3,2,1,2,0.163,0,LINK_NOW,28,1,3448.49
2169,193,2026-05-17 15:07:05.605121,249.39,debit_card,insufficient_funds,15,6,318.6,1,3,0,1,0.344,0,LINK_NEXT_MORNING,499,0,0.0
2170,459,2026-05-17 15:58:39.343869,2155.81,net_banking,risk_declined,15,6,17.7,3,2,1,1,0.46,0,LINK_NOW,2,0,0.0
2171,594,2026-05-17 16:50:13.082617,1545.92,credit_card,insufficient_funds,16,6,29.0,3,1,0,1,0.052,0,NO_CONTACT,0,0,0.0
2172,594,2026-05-17 17:41:46.821364,4725.09,debit_card,temporary_network_issue,17,6,29.0,3,1,0,1,0.15,0,LINK_AFTER_2H,115,1,4310.82
2173,246,2026-05-17 18:33:20.560112,4998.27,credit_card,temporary_network_issue,18,6,174.9,1,0,0,2,0.258,0,LINK_AFTER_2H,140,0,0.0
2174,233,2026-05-17 19:24:54.298860,391.36,net_banking,temporary_network_issue,19,6,189.5,4,2,0,1,0.478,0,NO_CONTACT,0,0,0.0
2175,233,2026-05-17 20:16:28.037608,548.2,debit_card,risk_declined,20,6,189.5,4,2,0,1,0.045,1,NO_CONTACT,0,0,0.0
2176,193,2026-05-17 21:08:01.776355,199.0,upi,temporary_network_issue,21,6,318.6,1,3,0,3,0.097,0,LINK_NEXT_MORNING,563,0,0.0
2177,91,2026-05-17 21:59:35.515103,18427.48,credit_card,insufficient_funds,21,6,286.8,1,3,0,0,0.464,0,LINK_NEXT_MORNING,710,1,16859.28
2178,233,2026-05-17 22:51:09.253851,4818.62,debit_card,risk_declined,22,6,189.5,4,2,0,2,0.298,0,NO_CONTACT,0,0,0.0
2179,91,2026-05-17 23:42:42.992599,1475.38,credit_card,insufficient_funds,23,6,286.8,1,3,0,1,0.037,0,LINK_AFTER_2H,132,0,0.0
2180,674,2026-05-18 00:34:16.731346,3247.91,net_banking,card_blocked,0,0,202.4,3,3,0,0,0.289,0,LINK_AFTER_2H,130,1,3083.0
2181,193,2026-05-18 01:25:50.470094,3853.79,credit_card,risk_declined,1,0,318.6,1,3,0,0,0.037,0,LINK_AFTER_2H,136,0,0.0
2182,710,2026-05-18 02:17:24.208842,5999.93,credit_card,insufficient_funds,2,0,103.4,2,0,0,4,0.052,0,HUMAN_REVIEW,73,0,0.0
2183,91,2026-05-18 03:08:57.947590,232.03,net_banking,temporary_network_issue,3,0,286.8,1,3,0,1,0.135,0,LINK_AFTER_2H,133,0,0.0
2184,594,2026-05-18 04:00:31.686337,918.8,credit_card,insufficient_funds,4,0,29.0,3,1,0,3,0.646,0,LINK_NEXT_MORNING,613,0,0.0
2185,71,2026-05-18 04:52:05.425085,3288.21,net_banking,risk_declined,4,0,98.3,1,1,0,0,0.13,0,LINK_NOW,16,1,2907.95
2186,233,2026-05-18 05:43:39.163833,2611.78,credit_card,card_blocked,5,0,189.5,4,2,0,2,0.028,0,LINK_NOW,23,1,2149.0
2187,594,2026-05-18 06:35:12.902581,4938.61,net_banking,insufficient_funds,6,0,29.0,3,1,0,0,0.186,0,HUMAN_REVIEW,70,1,4281.42
2188,193,2026-05-18 07:26:46.641328,512.04,wallet,temporary_network_issue,7,0,318.6,1,3,0,2,0.082,1,HUMAN_REVIEW,112,1,452.56
2189,91,2026-05-18 08:18:20.380076,1761.06,credit_card,card_blocked,8,0,286.8,1,3,0,0,0.271,0,LINK_NOW,9,1,1680.05
2190,193,2026-05-18 09:09:54.118824,2292.83,debit_card,temporary_network_issue,9,0,318.6,1,3,0,1,0.049,0,HUMAN_REVIEW,52,1,1919.66
2191,521,2026-05-18 10:01:27.857572,5247.14,upi,insufficient_funds,10,0,249.5,2,2,1,3,0.216,0,LINK_AFTER_2H,127,1,4375.91
2192,11,2026-05-18 10:53:01.596319,3466.6,net_banking,temporary_network_issue,10,0,55.1,2,1,0,2,0.04,0,LINK_AFTER_2H,130,0,0.0
2193,541,2026-05-18 11:44:35.335067,838.47,debit_card,card_blocked,11,0,115.5,2,1,1,0,0.111,0,NO_CONTACT,0,0,0.0
2194,71,2026-05-18 12:36:09.073815,9427.82,net_banking,insufficient_funds,12,0,98.3,1,1,0,0,0.265,0,LINK_NEXT_MORNING,510,1,9284.11
2195,233,2026-05-18 13:27:42.812563,1310.61,debit_card,insufficient_funds,13,0,189.5,4,2,0,2,0.106,0,HUMAN_REVIEW,45,0,0.0
2196,193,2026-05-18 14:19:16.551310,795.06,upi,risk_declined,14,0,318.6,1,3,0,1,0.462,0,NO_CONTACT,0,0,0.0
2197,125,2026-05-18 15:10:50.290058,2853.06,net_banking,insufficient_funds,15,0,176.2,1,4,0,1,0.32,0,LINK_NOW,26,1,2512.57
2198,233,2026-05-18 16:02:24.028806,925.74,net_banking,temporary_network_issue,16,0,189.5,4,2,0,2,0.213,0,LINK_NEXT_MORNING,610,0,0.0
2199,459,2026-05-18 16:53:57.767554,8942.83,upi,card_blocked,16,0,17.7,3,2,1,1,0.39,0,LINK_NOW,15,0,0.0
2200,233,2026-05-18 17:45:31.506301,13386.1,net_banking,insufficient_funds,17,0,189.5,4,2,0,3,0.214,0,LINK_AFTER_2H,139,0,0.0
2201,233,2026-05-18 18:37:05.245049,1430.1,debit_card,card_blocked,18,0,189.5,4,2,0,1,0.155,0,LINK_NOW,18,1,1383.3
2202,594,2026-05-18 19:28:38.983797,823.16,wallet,temporary_network_issue,19,0,29.0,3,1,0,3,0.189,0,HUMAN_REVIEW,45,0,0.0
2203,83,2026-05-18 20:20:12.722545,5189.23,credit_card,temporary_network_issue,20,0,208.1,4,0,0,0,0.202,0,LINK_AFTER_2H,93,1,4480.51
2204,594,2026-05-18 21:11:46.461292,2715.97,credit_card,temporary_network_issue,21,0,29.0,3,1,0,1,0.285,1,NO_CONTACT,0,1,2458.77
2205,115,2026-05-18 22:03:20.200040,1098.76,credit_card,risk_declined,22,0,86.3,2,2,0,0,0.272,0,NO_CONTACT,0,0,0.0
2206,233,2026-05-18 22:54:53.938788,1683.5,wallet,card_blocked,22,0,189.5,4,2,0,2,0.137,0,LINK_NOW,4,1,1478.75
2207,233,2026-05-18 23:46:27.677536,2258.76,net_banking,insufficient_funds,23,0,189.5,4,2,0,1,0.133,0,LINK_AFTER_2H,143,0,0.0
2208,231,2026-05-19 00:38:01.416283,378.77,debit_card,insufficient_funds,0,1,281.9,3,1,0,0,0.277,0,LINK_NOW,27,0,0.0
2209,309,2026-05-19 01:29:35.155031,7344.61,credit_card,insufficient_funds,1,1,176.9,4,2,0,0,0.211,0,LINK_NEXT_MORNING,566,1,6036.68
2210,233,2026-05-19 02:21:08.893779,830.22,credit_card,bank_limit_exceeded,2,1,189.5,4,2,0,3,0.447,0,HUMAN_REVIEW,71,1,664.71
2211,459,2026-05-19 03:12:42.632527,1398.51,credit_card,bank_limit_exceeded,3,1,17.7,3,2,1,2,0.497,0,LINK_NEXT_MORNING,671,0,0.0
2212,459,2026-05-19 04:04:16.371274,2772.48,upi,insufficient_funds,4,1,17.7,3,2,1,2,0.197,0,LINK_NEXT_MORNING,605,0,0.0
2213,459,2026-05-19 04:55:50.110022,8362.09,net_banking,temporary_network_issue,4,1,17.7,3,2,1,2,0.141,0,LINK_NEXT_MORNING,498,0,0.0
2214,215,2026-05-19 05:47:23.848770,23263.97,upi,insufficient_funds,5,1,730.0,2,0,0,1,0.191,0,LINK_NEXT_MORNING,568,1,21712.86
2215,222,2026-05-19 06:38:57.587518,1790.95,debit_card,bank_limit_exceeded,6,1,220.2,1,1,0,2,0.085,0,NO_CONTACT,0,0,0.0
2216,419,2026-05-19 07:30:31.326265,7922.95,net_banking,insufficient_funds,7,1,43.8,1,3,1,0,0.245,0,LINK_NEXT_MORNING,562,1,7001.92
2217,233,2026-05-19 08:22:05.065013,1311.42,debit_card,temporary_network_issue,8,1,189.5,4,2,0,2,0.137,0,HUMAN_REVIEW,91,1,1202.21
2218,528,2026-05-19 09:13:38.803761,4877.61,upi,insufficient_funds,9,1,25.9,3,2,0,0,0.286,0,HUMAN_REVIEW,32,0,0.0
2219,233,2026-05-19 10:05:12.542509,1280.97,wallet,insufficient_funds,10,1,189.5,4,2,0,1,0.24,0,LINK_AFTER_2H,97,1,1081.44
2220,233,2026-05-19 10:56:46.281256,337.81,upi,insufficient_funds,10,1,189.5,4,2,0,0,0.408,0,LINK_NOW,25,1,312.88
2221,459,2026-05-19 11:48:20.020004,7865.72,net_banking,temporary_network_issue,11,1,17.7,3,2,1,2,0.064,0,LINK_AFTER_2H,120,0,0.0
2222,193,2026-05-19 12:39:53.758752,1067.39,credit_card,temporary_network_issue,12,1,318.6,1,3,0,0,0.124,0,LINK_AFTER_2H,108,1,907.14
2223,459,2026-05-19 13:31:27.497500,3288.91,net_banking,insufficient_funds,13,1,17.7,3,2,1,1,0.162,0,LINK_AFTER_2H,144,1,3248.44
2224,233,2026-05-19 14:23:01.236247,354.77,credit_card,insufficient_funds,14,1,189.5,4,2,0,1,0.189,0,LINK_NOW,16,0,0.0
2225,710,2026-05-19 15:14:34.974995,506.71,credit_card,temporary_network_issue,15,1,103.4,2,0,0,0,0.146,0,NO_CONTACT,0,0,0.0
2226,233,2026-05-19 16:06:08.713743,274.06,credit_card,risk_declined,16,1,189.5,4,2,0,2,0.269,0,NO_CONTACT,0,0,0.0
2227,193,2026-05-19 16:57:42.452490,3719.34,debit_card,card_blocked,16,1,318.6,1,3,0,1,0.084,0,NO_CONTACT,0,0,0.0
2228,11,2026-05-19 17:49:16.191238,779.67,net_banking,card_blocked,17,1,55.1,2,1,0,2,0.278,0,HUMAN_REVIEW,94,0,0.0
2229,233,2026-05-19 18:40:49.929986,13841.19,debit_card,temporary_network_issue,18,1,189.5,4,2,0,1,0.407,1,LINK_AFTER_2H,142,1,12153.71
2230,83,2026-05-19 19:32:23.668734,397.21,debit_card,card_blocked,19,1,208.1,4,0,0,1,0.275,0,NO_CONTACT,0,0,0.0
2231,71,2026-05-19 20:23:57.407481,3135.08,credit_card,temporary_network_issue,20,1,98.3,1,1,0,0,0.249,0,LINK_AFTER_2H,102,1,3019.13
2232,71,2026-05-19 21:15:31.146229,215.99,net_banking,insufficient_funds,21,1,98.3,1,1,0,0,0.162,0,LINK_NEXT_MORNING,538,1,206.87
2233,459,2026-05-19 22:07:04.884977,32282.63,net_banking,temporary_network_issue,22,1,17.7,3,2,1,0,0.069,0,LINK_NEXT_MORNING,664,0,0.0
2234,193,2026-05-19 22:58:38.623725,572.7,credit_card,insufficient_funds,22,1,318.6,1,3,0,1,0.119,0,HUMAN_REVIEW,72,0,0.0
2235,233,2026-05-19 23:50:12.362472,5315.96,upi,insufficient_funds,23,1,189.5,4,2,0,1,0.101,0,LINK_NOW,11,0,0.0
2236,233,2026-05-20 00:41:46.101220,1287.3,net_banking,insufficient_funds,0,2,189.5,4,2,0,1,0.182,1,HUMAN_REVIEW,117,1,1058.01
2237,125,2026-05-20 01:33:19.839968,5842.36,debit_card,insufficient_funds,1,2,176.2,1,4,0,1,0.368,0,HUMAN_REVIEW,53,0,0.0
2238,594,2026-05-20 02:24:53.578716,696.79,net_banking,insufficient_funds,2,2,29.0,3,1,0,0,0.157,0,LINK_AFTER_2H,131,0,0.0
2239,594,2026-05-20 03:16:27.317463,2892.23,debit_card,card_blocked,3,2,29.0,3,1,0,2,0.157,0,HUMAN_REVIEW,38,0,0.0
2240,233,2026-05-20 04:08:01.056211,1201.45,credit_card,temporary_network_issue,4,2,189.5,4,2,0,0,0.051,0,LINK_NOW,15,0,0.0
2241,710,2026-05-20 04:59:34.794959,50000.0,net_banking,risk_declined,4,2,103.4,2,0,0,0,0.295,0,LINK_AFTER_2H,93,0,0.0
2242,193,2026-05-20 05:51:08.533707,782.51,debit_card,insufficient_funds,5,2,318.6,1,3,0,0,0.203,0,LINK_NEXT_MORNING,655,0,0.0
2243,594,2026-05-20 06:42:42.272454,665.34,credit_card,insufficient_funds,6,2,29.0,3,1,0,1,0.219,0,HUMAN_REVIEW,54,0,0.0
2244,91,2026-05-20 07:34:16.011202,16120.3,net_banking,bank_limit_exceeded,7,2,286.8,1,3,0,0,0.43,1,NO_CONTACT,0,0,0.0
2245,233,2026-05-20 08:25:49.749950,5912.61,net_banking,temporary_network_issue,8,2,189.5,4,2,0,1,0.204,0,LINK_NEXT_MORNING,579,0,0.0
2246,233,2026-05-20 09:17:23.488698,927.97,credit_card,risk_declined,9,2,189.5,4,2,0,1,0.197,0,HUMAN_REVIEW,53,0,0.0
2247,233,2026-05-20 10:08:57.227445,2793.98,upi,temporary_network_issue,10,2,189.5,4,2,0,1,0.386,0,NO_CONTACT,0,0,0.0
2248,743,2026-05-20 11:00:30.966193,2904.63,debit_card,temporary_network_issue,11,2,298.9,1,3,0,2,0.27,0,NO_CONTACT,0,0,0.0
2249,125,2026-05-20 11:52:04.704941,3408.15,credit_card,insufficient_funds,11,2,176.2,1,4,0,0,0.26,0,LINK_NEXT_MORNING,502,0,0.0
2250,484,2026-05-20 12:43:38.443689,6124.72,net_banking,risk_declined,12,2,137.2,2,2,1,1,0.211,0,LINK_NEXT_MORNING,582,1,5593.11
2251,233,2026-05-20 13:35:12.182436,633.84,net_banking,insufficient_funds,13,2,189.5,4,2,0,1,0.18,0,LINK_NOW,29,0,0.0
2252,594,2026-05-20 14:26:45.921184,3352.11,credit_card,insufficient_funds,14,2,29.0,3,1,0,3,0.373,0,HUMAN_REVIEW,108,0,0.0
2253,71,2026-05-20 15:18:19.659932,1662.63,upi,card_blocked,15,2,98.3,1,1,0,3,0.083,0,LINK_NOW,24,0,0.0
2254,233,2026-05-20 16:09:53.398680,199.0,upi,temporary_network_issue,16,2,189.5,4,2,0,2,0.242,0,LINK_NOW,28,1,167.51
2255,608,2026-05-20 17:01:27.137427,1315.77,upi,risk_declined,17,2,573.7,7,0,0,3,0.176,0,HUMAN_REVIEW,39,0,0.0
2256,83,2026-05-20 17:53:00.876175,1313.97,debit_card,insufficient_funds,17,2,208.1,4,0,0,4,0.137,0,LINK_NEXT_MORNING,489,1,1221.87
2257,459,2026-05-20 18:44:34.614923,6793.21,upi,card_blocked,18,2,17.7,3,2,1,0,0.238,0,LINK_AFTER_2H,95,0,0.0
2258,521,2026-05-20 19:36:08.353671,11187.1,upi,temporary_network_issue,19,2,249.5,2,2,1,1,0.037,1,LINK_AFTER_2H,141,0,0.0
2259,353,2026-05-20 20:27:42.092418,5209.49,wallet,insufficient_funds,20,2,3.9,0,5,0,1,0.174,0,LINK_NEXT_MORNING,548,0,0.0
2260,222,2026-05-20 21:19:15.831166,199.0,wallet,card_blocked,21,2,220.2,1,1,0,0,0.065,0,NO_CONTACT,0,0,0.0
2261,233,2026-05-20 22:10:49.569914,30459.16,debit_card,temporary_network_issue,22,2,189.5,4,2,0,1,0.196,0,LINK_NOW,27,1,24428.43
2262,459,2026-05-20 23:02:23.308662,9320.68,credit_card,temporary_network_issue,23,2,17.7,3,2,1,0,0.156,0,HUMAN_REVIEW,113,1,9022.16
2263,193,2026-05-20 23:53:57.047409,2257.58,debit_card,bank_limit_exceeded,23,2,318.6,1,3,0,0,0.331,0,LINK_NEXT_MORNING,544,0,0.0
2264,727,2026-05-21 00:45:30.786157,3003.5,debit_card,temporary_network_issue,0,3,140.3,0,1,0,2,0.108,0,NO_CONTACT,0,0,0.0
2265,747,2026-05-21 01:37:04.524905,4477.47,upi,risk_declined,1,3,19.4,2,2,1,0,0.04,0,LINK_AFTER_2H,111,0,0.0
2266,755,2026-05-21 02:28:38.263653,2848.44,net_banking,risk_declined,2,3,132.7,1,1,0,1,0.306,0,LINK_NOW,24,0,0.0
2267,233,2026-05-21 03:20:12.002400,6861.96,upi,card_blocked,3,3,189.5,4,2,0,2,0.145,0,LINK_NEXT_MORNING,590,0,0.0
2268,459,2026-05-21 04:11:45.741148,14038.56,debit_card,risk_declined,4,3,17.7,3,2,1,1,0.12,0,NO_CONTACT,0,0,0.0
2269,530,2026-05-21 05:03:19.479896,251.51,credit_card,insufficient_funds,5,3,276.3,5,2,1,2,0.153,1,NO_CONTACT,0,1,232.0
2270,71,2026-05-21 05:54:53.218644,1610.38,credit_card,risk_declined,5,3,98.3,1,1,0,1,0.273,0,LINK_NEXT_MORNING,694,0,0.0
2271,459,2026-05-21 06:46:26.957391,3976.92,net_banking,temporary_network_issue,6,3,17.7,3,2,1,1,0.266,0,HUMAN_REVIEW,119,0,0.0
2272,500,2026-05-21 07:38:00.696139,537.59,upi,risk_declined,7,3,64.1,5,1,0,2,0.308,0,LINK_AFTER_2H,103,0,0.0
2273,669,2026-05-21 08:29:34.434887,32088.42,upi,temporary_network_issue,8,3,188.0,1,3,0,0,0.359,0,HUMAN_REVIEW,65,0,0.0
2274,233,2026-05-21 09:21:08.173635,199.0,debit_card,risk_declined,9,3,189.5,4,2,0,1,0.223,0,LINK_AFTER_2H,101,0,0.0
2275,173,2026-05-21 10:12:41.912382,1081.98,upi,risk_declined,10,3,204.8,5,0,0,0,0.063,0,LINK_NEXT_MORNING,494,0,0.0
2276,71,2026-05-21 11:04:15.651130,5598.65,credit_card,temporary_network_issue,11,3,98.3,1,1,0,0,0.049,0,LINK_AFTER_2H,138,1,5233.8
2277,125,2026-05-21 11:55:49.389878,36781.23,debit_card,temporary_network_issue,11,3,176.2,1,4,0,3,0.13,0,LINK_NEXT_MORNING,559,1,35819.62
2278,304,2026-05-21 12:47:23.128626,3624.96,credit_card,risk_declined,12,3,121.3,1,5,0,1,0.2,0,NO_CONTACT,0,0,0.0
2279,193,2026-05-21 13:38:56.867373,5145.28,credit_card,insufficient_funds,13,3,318.6,1,3,0,0,0.113,0,LINK_AFTER_2H,104,0,0.0
2280,233,2026-05-21 14:30:30.606121,1264.87,wallet,insufficient_funds,14,3,189.5,4,2,0,3,0.591,0,HUMAN_REVIEW,101,0,0.0
2281,233,2026-05-21 15:22:04.344869,27509.67,upi,temporary_network_issue,15,3,189.5,4,2,0,2,0.218,0,LINK_NEXT_MORNING,651,0,0.0
2282,710,2026-05-21 16:13:38.083617,19290.33,credit_card,temporary_network_issue,16,3,103.4,2,0,0,0,0.028,0,LINK_NOW,17,0,0.0
2283,125,2026-05-21 17:05:11.822364,6834.01,debit_card,insufficient_funds,17,3,176.2,1,4,0,1,0.505,0,LINK_NOW,13,0,0.0
2284,459,2026-05-21 17:56:45.561112,199.0,credit_card,temporary_network_issue,17,3,17.7,3,2,1,1,0.181,0,LINK_NEXT_MORNING,609,0,0.0
2285,280,2026-05-21 18:48:19.299860,2900.03,credit_card,insufficient_funds,18,3,45.5,0,7,0,2,0.446,0,NO_CONTACT,0,0,0.0
2286,459,2026-05-21 19:39:53.038608,1161.61,net_banking,insufficient_funds,19,3,17.7,3,2,1,0,0.175,0,NO_CONTACT,0,0,0.0
2287,91,2026-05-21 20:31:26.777355,2516.55,net_banking,insufficient_funds,20,3,286.8,1,3,0,1,0.125,0,LINK_NEXT_MORNING,598,0,0.0
2288,459,2026-05-21 21:23:00.516103,1421.04,debit_card,insufficient_funds,21,3,17.7,3,2,1,2,0.197,0,LINK_NEXT_MORNING,683,0,0.0
2289,459,2026-05-21 22:14:34.254851,4089.12,credit_card,insufficient_funds,22,3,17.7,3,2,1,2,0.44,0,LINK_NEXT_MORNING,542,1,3831.51
2290,459,2026-05-21 23:06:07.993599,1175.27,debit_card,temporary_network_issue,23,3,17.7,3,2,1,2,0.227,0,NO_CONTACT,0,0,0.0
2291,761,2026-05-21 23:57:41.732346,1841.3,debit_card,insufficient_funds,23,3,50.5,2,0,0,2,0.261,0,LINK_AFTER_2H,113,0,0.0
2292,710,2026-05-22 00:49:15.471094,1526.42,upi,bank_limit_exceeded,0,4,103.4,2,0,0,2,0.058,0,LINK_AFTER_2H,91,1,1336.89
2293,459,2026-05-22 01:40:49.209842,4023.84,wallet,temporary_network_issue,1,4,17.7,3,2,1,0,0.291,1,LINK_NEXT_MORNING,561,0,0.0
2294,71,2026-05-22 02:32:22.948590,422.48,credit_card,insufficient_funds,2,4,98.3,1,1,0,1,0.323,0,HUMAN_REVIEW,33,0,0.0
2295,193,2026-05-22 03:23:56.687337,298.23,debit_card,insufficient_funds,3,4,318.6,1,3,0,2,0.134,0,LINK_NOW,27,0,0.0
2296,193,2026-05-22 04:15:30.426085,6701.54,debit_card,card_blocked,4,4,318.6,1,3,0,0,0.12,0,HUMAN_REVIEW,118,1,5513.68
2297,11,2026-05-22 05:07:04.164833,1512.33,credit_card,insufficient_funds,5,4,55.1,2,1,0,1,0.066,0,LINK_NEXT_MORNING,584,0,0.0
2298,193,2026-05-22 05:58:37.903581,6140.95,credit_card,bank_limit_exceeded,5,4,318.6,1,3,0,0,0.05,0,LINK_AFTER_2H,129,0,0.0
2299,193,2026-05-22 06:50:11.642328,6811.6,upi,temporary_network_issue,6,4,318.6,1,3,0,3,0.316,0,LINK_NEXT_MORNING,486,0,0.0
2300,459,2026-05-22 07:41:45.381076,1149.14,upi,temporary_network_issue,7,4,17.7,3,2,1,2,0.146,0,LINK_NEXT_MORNING,716,1,939.72
2301,651,2026-05-22 08:33:19.119824,1256.25,credit_card,bank_limit_exceeded,8,4,123.5,1,2,1,1,0.132,1,LINK_NOW,23,0,0.0
2302,554,2026-05-22 09:24:52.858572,1176.26,debit_card,temporary_network_issue,9,4,264.3,3,1,1,0,0.093,0,NO_CONTACT,0,0,0.0
2303,233,2026-05-22 10:16:26.597319,466.72,debit_card,bank_limit_exceeded,10,4,189.5,4,2,0,1,0.279,0,NO_CONTACT,0,1,382.61
2304,594,2026-05-22 11:08:00.336067,342.85,credit_card,bank_limit_exceeded,11,4,29.0,3,1,0,1,0.126,0,HUMAN_REVIEW,105,0,0.0
2305,99,2026-05-22 11:59:34.074815,2111.4,net_banking,bank_limit_exceeded,11,4,151.2,3,1,0,2,0.302,1,HUMAN_REVIEW,90,1,1717.16
2306,747,2026-05-22 12:51:07.813563,505.82,net_banking,risk_declined,12,4,19.4,2,2,1,1,0.087,0,NO_CONTACT,0,0,0.0
2307,596,2026-05-22 13:42:41.552310,2018.7,debit_card,insufficient_funds,13,4,7.4,2,2,0,0,0.149,0,LINK_NEXT_MORNING,651,1,1800.96
2308,747,2026-05-22 14:34:15.291058,830.29,upi,insufficient_funds,14,4,19.4,2,2,1,1,0.221,0,HUMAN_REVIEW,112,0,0.0
2309,398,2026-05-22 15:25:49.029806,862.29,net_banking,temporary_network_issue,15,4,8.0,1,2,0,0,0.227,0,HUMAN_REVIEW,97,1,737.35
2310,193,2026-05-22 16:17:22.768554,1710.93,debit_card,bank_limit_exceeded,16,4,318.6,1,3,0,0,0.187,0,LINK_AFTER_2H,91,0,0.0
2311,594,2026-05-22 17:08:56.507301,19917.8,debit_card,temporary_network_issue,17,4,29.0,3,1,0,1,0.121,0,LINK_NEXT_MORNING,695,0,0.0
2312,71,2026-05-22 18:00:30.246049,16295.25,credit_card,insufficient_funds,18,4,98.3,1,1,0,1,0.089,0,LINK_AFTER_2H,134,0,0.0
2313,348,2026-05-22 18:52:03.984797,8952.99,net_banking,risk_declined,18,4,87.1,0,2,0,3,0.074,0,NO_CONTACT,0,0,0.0
2314,443,2026-05-22 19:43:37.723545,2760.42,net_banking,temporary_network_issue,19,4,59.3,1,1,0,3,0.407,0,LINK_AFTER_2H,100,1,2483.37
2315,421,2026-05-22 20:35:11.462292,278.39,upi,card_blocked,20,4,71.6,4,2,2,2,0.021,0,LINK_NOW,23,0,0.0
2316,83,2026-05-22 21:26:45.201040,10050.07,upi,bank_limit_exceeded,21,4,208.1,4,0,0,2,0.038,0,LINK_AFTER_2H,148,1,9651.7
2317,83,2026-05-22 22:18:18.939788,1099.04,upi,temporary_network_issue,22,4,208.1,4,0,0,2,0.088,0,NO_CONTACT,0,0,0.0
2318,193,2026-05-22 23:09:52.678536,16567.62,debit_card,card_blocked,23,4,318.6,1,3,0,0,0.087,0,LINK_NEXT_MORNING,646,0,0.0
2319,459,2026-05-23 00:01:26.417283,1024.08,net_banking,card_blocked,0,5,17.7,3,2,1,3,0.123,0,HUMAN_REVIEW,102,0,0.0
2320,125,2026-05-23 00:53:00.156031,12074.16,upi,card_blocked,0,5,176.2,1,4,0,0,0.351,0,LINK_NEXT_MORNING,602,1,10791.62
2321,710,2026-05-23 01:44:33.894779,6262.08,credit_card,insufficient_funds,1,5,103.4,2,0,0,1,0.393,0,LINK_AFTER_2H,96,0,0.0
2322,594,2026-05-23 02:36:07.633527,199.0,debit_card,temporary_network_issue,2,5,29.0,3,1,0,1,0.3,0,LINK_AFTER_2H,118,1,180.22
2323,233,2026-05-23 03:27:41.372274,7743.86,credit_card,insufficient_funds,3,5,189.5,4,2,0,0,0.123,0,LINK_NEXT_MORNING,706,0,0.0
2324,571,2026-05-23 04:19:15.111022,2754.03,debit_card,card_blocked,4,5,170.6,4,0,0,1,0.204,0,LINK_NEXT_MORNING,543,0,0.0
2325,747,2026-05-23 05:10:48.849770,507.38,upi,temporary_network_issue,5,5,19.4,2,2,1,1,0.006,0,NO_CONTACT,0,1,493.79
2326,157,2026-05-23 06:02:22.588518,1526.54,credit_card,insufficient_funds,6,5,403.9,1,0,0,1,0.057,0,LINK_NEXT_MORNING,631,1,1391.16
2327,71,2026-05-23 06:53:56.327265,43955.86,net_banking,temporary_network_issue,6,5,98.3,1,1,0,2,0.106,0,NO_CONTACT,0,0,0.0
2328,233,2026-05-23 07:45:30.066013,223.37,debit_card,temporary_network_issue,7,5,189.5,4,2,0,0,0.353,0,HUMAN_REVIEW,96,1,204.92
2329,233,2026-05-23 08:37:03.804761,2711.8,upi,insufficient_funds,8,5,189.5,4,2,0,2,0.255,0,LINK_AFTER_2H,90,1,2662.61
2330,459,2026-05-23 09:28:37.543509,1199.88,net_banking,insufficient_funds,9,5,17.7,3,2,1,0,0.287,0,LINK_AFTER_2H,122,0,0.0
2331,256,2026-05-23 10:20:11.282256,5104.38,wallet,risk_declined,10,5,174.2,3,3,0,2,0.174,0,NO_CONTACT,0,0,0.0
2332,683,2026-05-23 11:11:45.021004,8967.4,credit_card,risk_declined,11,5,672.3,0,0,1,0,0.07,0,LINK_NEXT_MORNING,595,0,0.0
2333,233,2026-05-23 12:03:18.759752,3392.2,upi,temporary_network_issue,12,5,189.5,4,2,0,0,0.486,0,NO_CONTACT,0,1,3187.02
2334,233,2026-05-23 12:54:52.498500,8002.99,debit_card,card_blocked,12,5,189.5,4,2,0,0,0.21,0,HUMAN_REVIEW,75,1,7308.5
2335,58,2026-05-23 13:46:26.237247,754.83,net_banking,temporary_network_issue,13,5,17.4,3,0,1,0,0.316,0,LINK_NOW,1,1,620.3
2336,418,2026-05-23 14:37:59.975995,2159.48,credit_card,risk_declined,14,5,6.3,1,0,0,1,0.071,0,NO_CONTACT,0,0,0.0
2337,125,2026-05-23 15:29:33.714743,19283.19,upi,insufficient_funds,15,5,176.2,1,4,0,2,0.395,0,LINK_NOW,10,0,0.0
2338,108,2026-05-23 16:21:07.453491,1142.47,wallet,bank_limit_exceeded,16,5,90.5,1,2,0,3,0.199,0,LINK_AFTER_2H,99,0,0.0
2339,368,2026-05-23 17:12:41.192238,871.13,upi,temporary_network_issue,17,5,10.6,1,4,0,0,0.414,0,LINK_AFTER_2H,104,1,734.96
2340,314,2026-05-23 18:04:14.930986,1287.18,net_banking,temporary_network_issue,18,5,126.7,3,7,0,0,0.06,0,LINK_NOW,10,1,1121.18
2341,173,2026-05-23 18:55:48.669734,4784.06,debit_card,card_blocked,18,5,204.8,5,0,0,0,0.201,0,LINK_NEXT_MORNING,711,0,0.0
2342,125,2026-05-23 19:47:22.408482,2504.13,debit_card,insufficient_funds,19,5,176.2,1,4,0,2,0.14,0,LINK_AFTER_2H,122,0,0.0
2343,71,2026-05-23 20:38:56.147229,5792.66,debit_card,card_blocked,20,5,98.3,1,1,0,2,0.065,0,LINK_AFTER_2H,121,0,0.0
2344,233,2026-05-23 21:30:29.885977,990.82,debit_card,insufficient_funds,21,5,189.5,4,2,0,0,0.053,0,NO_CONTACT,0,0,0.0
2345,233,2026-05-23 22:22:03.624725,406.73,upi,temporary_network_issue,22,5,189.5,4,2,0,0,0.233,0,NO_CONTACT,0,0,0.0
2346,91,2026-05-23 23:13:37.363473,1112.78,upi,card_blocked,23,5,286.8,1,3,0,1,0.257,0,NO_CONTACT,0,1,1002.96
2347,665,2026-05-24 00:05:11.102220,454.92,upi,temporary_network_issue,0,6,144.3,2,0,1,3,0.1,1,NO_CONTACT,0,1,367.36
2348,233,2026-05-24 00:56:44.840968,3106.14,debit_card,insufficient_funds,0,6,189.5,4,2,0,0,0.667,0,HUMAN_REVIEW,67,0,0.0
2349,233,2026-05-24 01:48:18.579716,1950.86,debit_card,risk_declined,1,6,189.5,4,2,0,1,0.325,0,LINK_NEXT_MORNING,627,0,0.0
2350,233,2026-05-24 02:39:52.318464,2789.52,net_banking,bank_limit_exceeded,2,6,189.5,4,2,0,1,0.49,0,LINK_NEXT_MORNING,575,0,0.0
2351,314,2026-05-24 03:31:26.057211,3440.28,net_banking,card_blocked,3,6,126.7,3,7,0,1,0.064,0,NO_CONTACT,0,0,0.0
2352,511,2026-05-24 04:22:59.795959,1239.96,credit_card,risk_declined,4,6,128.9,4,0,0,3,0.144,0,LINK_AFTER_2H,97,0,0.0
2353,701,2026-05-24 05:14:33.534707,5540.27,upi,bank_limit_exceeded,5,6,2.1,1,3,0,1,0.076,0,LINK_AFTER_2H,140,0,0.0
2354,747,2026-05-24 06:06:07.273455,3068.54,debit_card,card_blocked,6,6,19.4,2,2,1,3,0.207,0,LINK_NOW,20,0,0.0
2355,594,2026-05-24 06:57:41.012202,1235.44,debit_card,bank_limit_exceeded,6,6,29.0,3,1,0,5,0.207,0,LINK_NOW,22,1,1230.9
2356,710,2026-05-24 07:49:14.750950,4101.34,upi,temporary_network_issue,7,6,103.4,2,0,0,0,0.237,0,LINK_NEXT_MORNING,496,1,3602.19
2357,452,2026-05-24 08:40:48.489698,4000.79,wallet,card_blocked,8,6,73.0,1,1,1,1,0.144,0,LINK_NOW,13,0,0.0
2358,459,2026-05-24 09:32:22.228446,37878.54,upi,insufficient_funds,9,6,17.7,3,2,1,3,0.387,0,LINK_NEXT_MORNING,579,1,35279.61
2359,747,2026-05-24 10:23:55.967193,5184.33,credit_card,risk_declined,10,6,19.4,2,2,1,1,0.062,0,HUMAN_REVIEW,31,1,4399.96
2360,40,2026-05-24 11:15:29.705941,9170.46,debit_card,risk_declined,11,6,102.6,1,1,0,0,0.181,0,LINK_AFTER_2H,137,1,8443.03
2361,233,2026-05-24 12:07:03.444689,1489.52,credit_card,temporary_network_issue,12,6,189.5,4,2,0,1,0.181,0,LINK_AFTER_2H,141,0,0.0
2362,125,2026-05-24 12:58:37.183437,824.59,wallet,card_blocked,12,6,176.2,1,4,0,0,0.194,0,HUMAN_REVIEW,40,0,0.0
2363,459,2026-05-24 13:50:10.922184,5022.96,debit_card,risk_declined,13,6,17.7,3,2,1,1,0.215,0,LINK_NEXT_MORNING,557,0,0.0
2364,91,2026-05-24 14:41:44.660932,1025.32,upi,risk_declined,14,6,286.8,1,3,0,0,0.184,0,NO_CONTACT,0,0,0.0
2365,233,2026-05-24 15:33:18.399680,1421.39,upi,insufficient_funds,15,6,189.5,4,2,0,0,0.259,0,NO_CONTACT,0,1,1421.21
2366,193,2026-05-24 16:24:52.138428,444.44,upi,risk_declined,16,6,318.6,1,3,0,1,0.331,0,LINK_NOW,17,0,0.0
2367,233,2026-05-24 17:16:25.877175,2584.4,credit_card,insufficient_funds,17,6,189.5,4,2,0,1,0.189,0,LINK_AFTER_2H,99,0,0.0
2368,233,2026-05-24 18:07:59.615923,1797.98,credit_card,card_blocked,18,6,189.5,4,2,0,4,0.217,0,LINK_NOW,22,0,0.0
2369,443,2026-05-24 18:59:33.354671,1795.08,upi,insufficient_funds,18,6,59.3,1,1,0,3,0.19,0,LINK_AFTER_2H,113,0,0.0
2370,193,2026-05-24 19:51:07.093419,6560.64,upi,insufficient_funds,19,6,318.6,1,3,0,2,0.101,0,LINK_NEXT_MORNING,523,0,0.0
2371,347,2026-05-24 20:42:40.832166,1203.62,wallet,insufficient_funds,20,6,236.5,2,2,0,4,0.063,0,HUMAN_REVIEW,104,0,0.0
2372,575,2026-05-24 21:34:14.570914,2752.02,credit_card,temporary_network_issue,21,6,191.2,1,3,0,1,0.179,0,LINK_NEXT_MORNING,584,0,0.0
2373,233,2026-05-24 22:25:48.309662,1317.22,net_banking,card_blocked,22,6,189.5,4,2,0,0,0.322,0,HUMAN_REVIEW,85,0,0.0
2374,475,2026-05-24 23:17:22.048410,506.06,debit_card,insufficient_funds,23,6,192.3,1,2,0,1,0.187,0,LINK_AFTER_2H,117,0,0.0
2375,459,2026-05-25 00:08:55.787157,3268.13,debit_card,risk_declined,0,0,17.7,3,2,1,0,0.148,0,NO_CONTACT,0,0,0.0
2376,193,2026-05-25 01:00:29.525905,4261.77,net_banking,bank_limit_exceeded,1,0,318.6,1,3,0,0,0.178,0,HUMAN_REVIEW,56,1,4211.54
2377,125,2026-05-25 01:52:03.264653,6448.92,debit_card,risk_declined,1,0,176.2,1,4,0,0,0.171,0,HUMAN_REVIEW,77,0,0.0
2378,193,2026-05-25 02:43:37.003401,4383.11,debit_card,temporary_network_issue,2,0,318.6,1,3,0,1,0.278,0,LINK_NOW,7,0,0.0
2379,289,2026-05-25 03:35:10.742148,1432.21,debit_card,temporary_network_issue,3,0,87.1,2,0,1,0,0.278,0,LINK_AFTER_2H,143,1,1222.78
2380,323,2026-05-25 04:26:44.480896,23413.05,debit_card,insufficient_funds,4,0,465.0,2,1,0,1,0.402,0,HUMAN_REVIEW,66,0,0.0
2381,233,2026-05-25 05:18:18.219644,2454.39,debit_card,insufficient_funds,5,0,189.5,4,2,0,1,0.235,0,HUMAN_REVIEW,93,1,2061.78
2382,343,2026-05-25 06:09:51.958392,2675.71,debit_card,risk_declined,6,0,38.8,0,2,0,3,0.199,0,LINK_AFTER_2H,136,0,0.0
2383,193,2026-05-25 07:01:25.697139,635.07,debit_card,insufficient_funds,7,0,318.6,1,3,0,0,0.086,0,LINK_NOW,14,0,0.0
2384,71,2026-05-25 07:52:59.435887,1132.89,wallet,bank_limit_exceeded,7,0,98.3,1,1,0,1,0.333,0,LINK_NOW,16,0,0.0
2385,596,2026-05-25 08:44:33.174635,10306.73,upi,insufficient_funds,8,0,7.4,2,2,0,1,0.067,0,HUMAN_REVIEW,95,1,9312.9
2386,710,2026-05-25 09:36:06.913383,4554.34,upi,insufficient_funds,9,0,103.4,2,0,0,3,0.422,0,LINK_NEXT_MORNING,524,0,0.0
2387,710,2026-05-25 10:27:40.652130,650.16,credit_card,insufficient_funds,10,0,103.4,2,0,0,3,0.257,0,LINK_NEXT_MORNING,537,1,567.17
2388,91,2026-05-25 11:19:14.390878,618.74,credit_card,risk_declined,11,0,286.8,1,3,0,1,0.183,0,LINK_NOW,10,0,0.0
2389,193,2026-05-25 12:10:48.129626,4936.88,upi,temporary_network_issue,12,0,318.6,1,3,0,1,0.437,0,LINK_AFTER_2H,90,0,0.0
2390,193,2026-05-25 13:02:21.868374,1285.72,credit_card,insufficient_funds,13,0,318.6,1,3,0,3,0.04,0,LINK_AFTER_2H,130,0,0.0
2391,137,2026-05-25 13:53:55.607121,16085.35,debit_card,card_blocked,13,0,120.0,2,0,0,0,0.488,0,LINK_AFTER_2H,93,0,0.0
2392,193,2026-05-25 14:45:29.345869,50000.0,credit_card,bank_limit_exceeded,14,0,318.6,1,3,0,3,0.216,0,NO_CONTACT,0,0,0.0
2393,173,2026-05-25 15:37:03.084617,3077.0,debit_card,temporary_network_issue,15,0,204.8,5,0,0,1,0.103,0,LINK_AFTER_2H,137,1,2943.77
2394,459,2026-05-25 16:28:36.823365,5781.95,upi,insufficient_funds,16,0,17.7,3,2,1,1,0.259,0,LINK_NEXT_MORNING,591,1,5472.52
2395,257,2026-05-25 17:20:10.562112,5532.93,upi,insufficient_funds,17,0,335.3,2,0,0,2,0.101,0,LINK_NEXT_MORNING,482,1,5187.95
2396,11,2026-05-25 18:11:44.300860,1491.06,wallet,risk_declined,18,0,55.1,2,1,0,1,0.241,0,NO_CONTACT,0,0,0.0
2397,37,2026-05-25 19:03:18.039608,973.92,upi,card_blocked,19,0,13.6,3,3,1,0,0.185,0,HUMAN_REVIEW,119,0,0.0
2398,459,2026-05-25 19:54:51.778356,277.01,net_banking,bank_limit_exceeded,19,0,17.7,3,2,1,2,0.224,0,NO_CONTACT,0,0,0.0
2399,58,2026-05-25 20:46:25.517103,6447.95,debit_card,temporary_network_issue,20,0,17.4,3,0,1,1,0.079,0,LINK_AFTER_2H,139,1,5848.11
2400,676,2026-05-25 21:37:59.255851,1840.11,credit_card,insufficient_funds,21,0,617.5,2,1,0,0,0.172,0,NO_CONTACT,0,1,1787.24
2401,233,2026-05-25 22:29:32.994599,731.46,net_banking,temporary_network_issue,22,0,189.5,4,2,0,1,0.242,0,HUMAN_REVIEW,100,1,715.17
2402,193,2026-05-25 23:21:06.733347,1395.48,credit_card,card_blocked,23,0,318.6,1,3,0,1,0.186,0,LINK_AFTER_2H,111,0,0.0
2403,710,2026-05-26 00:12:40.472094,1577.45,upi,temporary_network_issue,0,1,103.4,2,0,0,1,0.06,1,LINK_NEXT_MORNING,489,0,0.0
2404,83,2026-05-26 01:04:14.210842,677.67,debit_card,bank_limit_exceeded,1,1,208.1,4,0,0,0,0.206,0,LINK_AFTER_2H,99,0,0.0
2405,83,2026-05-26 01:55:47.949590,697.11,net_banking,temporary_network_issue,1,1,208.1,4,0,0,1,0.231,0,LINK_AFTER_2H,128,0,0.0
2406,83,2026-05-26 02:47:21.688338,3104.45,net_banking,temporary_network_issue,2,1,208.1,4,0,0,0,0.072,0,NO_CONTACT,0,0,0.0
2407,193,2026-05-26 03:38:55.427085,886.34,debit_card,insufficient_funds,3,1,318.6,1,3,0,2,0.171,0,HUMAN_REVIEW,94,0,0.0
2408,193,2026-05-26 04:30:29.165833,819.67,upi,insufficient_funds,4,1,318.6,1,3,0,1,0.241,0,LINK_NEXT_MORNING,592,1,740.8
2409,314,2026-05-26 05:22:02.904581,1326.58,upi,card_blocked,5,1,126.7,3,7,0,1,0.383,0,LINK_AFTER_2H,147,0,0.0
2410,233,2026-05-26 06:13:36.643329,199.0,net_banking,temporary_network_issue,6,1,189.5,4,2,0,2,0.266,0,LINK_NOW,19,1,171.86
2411,785,2026-05-26 07:05:10.382076,384.93,upi,insufficient_funds,7,1,285.2,2,1,0,3,0.027,0,LINK_AFTER_2H,126,0,0.0
2412,193,2026-05-26 07:56:44.120824,727.73,debit_card,insufficient_funds,7,1,318.6,1,3,0,1,0.157,0,LINK_NOW,10,0,0.0
2413,233,2026-05-26 08:48:17.859572,16878.25,upi,card_blocked,8,1,189.5,4,2,0,2,0.183,1,HUMAN_REVIEW,63,0,0.0
2414,233,2026-05-26 09:39:51.598320,7343.17,debit_card,risk_declined,9,1,189.5,4,2,0,1,0.336,0,NO_CONTACT,0,0,0.0
2415,233,2026-05-26 10:31:25.337067,2585.29,upi,insufficient_funds,10,1,189.5,4,2,0,2,0.126,0,LINK_NEXT_MORNING,602,1,2526.8
2416,459,2026-05-26 11:22:59.075815,6936.92,upi,card_blocked,11,1,17.7,3,2,1,4,0.184,0,HUMAN_REVIEW,39,0,0.0
2417,173,2026-05-26 12:14:32.814563,7050.24,credit_card,insufficient_funds,12,1,204.8,5,0,0,1,0.281,0,HUMAN_REVIEW,107,1,6484.49
2418,459,2026-05-26 13:06:06.553311,404.73,wallet,card_blocked,13,1,17.7,3,2,1,1,0.131,0,LINK_NOW,5,1,334.29
2419,193,2026-05-26 13:57:40.292058,448.8,wallet,card_blocked,13,1,318.6,1,3,0,2,0.205,0,NO_CONTACT,0,0,0.0
2420,594,2026-05-26 14:49:14.030806,1110.77,net_banking,insufficient_funds,14,1,29.0,3,1,0,2,0.058,0,LINK_NOW,27,0,0.0
2421,233,2026-05-26 15:40:47.769554,1969.55,upi,card_blocked,15,1,189.5,4,2,0,1,0.247,0,LINK_NOW,28,0,0.0
2422,193,2026-05-26 16:32:21.508302,369.56,upi,insufficient_funds,16,1,318.6,1,3,0,1,0.215,0,LINK_AFTER_2H,91,0,0.0
2423,586,2026-05-26 17:23:55.247049,4892.11,credit_card,insufficient_funds,17,1,273.7,1,0,1,0,0.295,0,NO_CONTACT,0,0,0.0
2424,211,2026-05-26 18:15:28.985797,3430.77,upi,temporary_network_issue,18,1,326.1,1,1,0,1,0.269,0,LINK_AFTER_2H,128,1,3220.51
2425,233,2026-05-26 19:07:02.724545,8636.35,net_banking,temporary_network_issue,19,1,189.5,4,2,0,1,0.296,0,LINK_AFTER_2H,99,1,7031.81
2426,83,2026-05-26 19:58:36.463293,1089.91,upi,risk_declined,19,1,208.1,4,0,0,0,0.192,0,HUMAN_REVIEW,58,0,0.0
2427,652,2026-05-26 20:50:10.202040,761.5,debit_card,insufficient_funds,20,1,300.4,0,1,0,1,0.199,0,LINK_NEXT_MORNING,657,0,0.0
2428,91,2026-05-26 21:41:43.940788,33715.55,debit_card,risk_declined,21,1,286.8,1,3,0,0,0.107,0,NO_CONTACT,0,0,0.0
2429,710,2026-05-26 22:33:17.679536,1032.95,upi,insufficient_funds,22,1,103.4,2,0,0,0,0.091,0,NO_CONTACT,0,0,0.0
2430,459,2026-05-26 23:24:51.418284,1064.7,debit_card,insufficient_funds,23,1,17.7,3,2,1,1,0.313,0,LINK_AFTER_2H,90,0,0.0
2431,459,2026-05-27 00:16:25.157031,1147.44,debit_card,temporary_network_issue,0,2,17.7,3,2,1,2,0.256,0,HUMAN_REVIEW,33,0,0.0
2432,233,2026-05-27 01:07:58.895779,6196.95,net_banking,temporary_network_issue,1,2,189.5,4,2,0,2,0.122,0,LINK_NEXT_MORNING,576,1,6028.94
2433,233,2026-05-27 01:59:32.634527,6325.17,debit_card,bank_limit_exceeded,1,2,189.5,4,2,0,2,0.397,0,HUMAN_REVIEW,53,0,0.0
2434,459,2026-05-27 02:51:06.373275,1639.65,debit_card,temporary_network_issue,2,2,17.7,3,2,1,5,0.122,0,NO_CONTACT,0,0,0.0
2435,521,2026-05-27 03:42:40.112022,9183.91,credit_card,insufficient_funds,3,2,249.5,2,2,1,1,0.045,0,LINK_AFTER_2H,130,1,8100.67
2436,233,2026-05-27 04:34:13.850770,43713.98,debit_card,bank_limit_exceeded,4,2,189.5,4,2,0,2,0.234,0,NO_CONTACT,0,0,0.0
2437,193,2026-05-27 05:25:47.589518,1139.95,debit_card,insufficient_funds,5,2,318.6,1,3,0,3,0.192,0,LINK_NOW,21,1,1138.7
2438,459,2026-05-27 06:17:21.328266,262.73,debit_card,insufficient_funds,6,2,17.7,3,2,1,2,0.237,0,HUMAN_REVIEW,39,0,0.0
2439,233,2026-05-27 07:08:55.067013,1907.08,net_banking,temporary_network_issue,7,2,189.5,4,2,0,2,0.253,0,LINK_NEXT_MORNING,523,1,1763.67
2440,83,2026-05-27 08:00:28.805761,3628.76,net_banking,bank_limit_exceeded,8,2,208.1,4,0,0,1,0.172,0,LINK_NOW,27,1,3627.58
2441,233,2026-05-27 08:52:02.544509,3895.18,credit_card,card_blocked,8,2,189.5,4,2,0,3,0.128,0,HUMAN_REVIEW,55,0,0.0
2442,193,2026-05-27 09:43:36.283257,844.43,credit_card,card_blocked,9,2,318.6,1,3,0,1,0.098,0,LINK_NEXT_MORNING,621,1,712.83
2443,485,2026-05-27 10:35:10.022004,1833.18,net_banking,card_blocked,10,2,83.8,3,0,2,1,0.151,0,LINK_AFTER_2H,101,1,1502.74
2444,193,2026-05-27 11:26:43.760752,4220.25,debit_card,card_blocked,11,2,318.6,1,3,0,1,0.174,0,NO_CONTACT,0,0,0.0
2445,233,2026-05-27 12:18:17.499500,795.02,debit_card,risk_declined,12,2,189.5,4,2,0,0,0.082,0,HUMAN_REVIEW,49,0,0.0
2446,233,2026-05-27 13:09:51.238248,5117.52,credit_card,insufficient_funds,13,2,189.5,4,2,0,0,0.371,0,LINK_NEXT_MORNING,705,0,0.0
2447,233,2026-05-27 14:01:24.976995,563.54,debit_card,insufficient_funds,14,2,189.5,4,2,0,2,0.171,0,HUMAN_REVIEW,64,0,0.0
2448,193,2026-05-27 14:52:58.715743,5848.68,upi,temporary_network_issue,14,2,318.6,1,3,0,1,0.093,0,HUMAN_REVIEW,115,0,0.0
2449,193,2026-05-27 15:44:32.454491,1727.96,net_banking,risk_declined,15,2,318.6,1,3,0,2,0.072,0,NO_CONTACT,0,0,0.0
2450,233,2026-05-27 16:36:06.193239,28022.4,credit_card,card_blocked,16,2,189.5,4,2,0,0,0.397,0,LINK_NEXT_MORNING,542,1,24890.67
2451,83,2026-05-27 17:27:39.931986,1622.44,debit_card,temporary_network_issue,17,2,208.1,4,0,0,2,0.107,0,NO_CONTACT,0,0,0.0
2452,193,2026-05-27 18:19:13.670734,7041.14,wallet,insufficient_funds,18,2,318.6,1,3,0,2,0.18,0,LINK_AFTER_2H,127,1,6595.57
2453,125,2026-05-27 19:10:47.409482,2266.57,debit_card,insufficient_funds,19,2,176.2,1,4,0,1,0.113,0,LINK_NEXT_MORNING,624,0,0.0
2454,233,2026-05-27 20:02:21.148230,8809.16,debit_card,risk_declined,20,2,189.5,4,2,0,3,0.206,0,LINK_AFTER_2H,117,1,8264.14
2455,91,2026-05-27 20:53:54.886977,13153.92,upi,insufficient_funds,20,2,286.8,1,3,0,1,0.258,0,LINK_AFTER_2H,112,1,12999.41
2456,596,2026-05-27 21:45:28.625725,2978.23,debit_card,card_blocked,21,2,7.4,2,2,0,0,0.249,0,LINK_NOW,15,0,0.0
2457,91,2026-05-27 22:37:02.364473,2584.04,net_banking,insufficient_funds,22,2,286.8,1,3,0,2,0.061,0,LINK_NEXT_MORNING,566,1,2389.66
2458,58,2026-05-27 23:28:36.103221,9387.92,credit_card,card_blocked,23,2,17.4,3,0,1,2,0.162,0,NO_CONTACT,0,0,0.0
2459,71,2026-05-28 00:20:09.841968,6541.7,credit_card,card_blocked,0,3,98.3,1,1,0,0,0.115,0,LINK_NOW,4,0,0.0
2460,121,2026-05-28 01:11:43.580716,327.57,net_banking,risk_declined,1,3,391.9,1,1,0,2,0.131,0,NO_CONTACT,0,0,0.0
2461,583,2026-05-28 02:03:17.319464,8328.59,credit_card,temporary_network_issue,2,3,402.7,3,0,0,1,0.107,0,NO_CONTACT,0,0,0.0
2462,233,2026-05-28 02:54:51.058212,22757.57,credit_card,card_blocked,2,3,189.5,4,2,0,1,0.136,0,LINK_AFTER_2H,139,1,21857.03
2463,719,2026-05-28 03:46:24.796959,10520.68,upi,temporary_network_issue,3,3,101.1,2,1,0,2,0.219,0,NO_CONTACT,0,0,0.0
2464,314,2026-05-28 04:37:58.535707,1500.88,credit_card,bank_limit_exceeded,4,3,126.7,3,7,0,1,0.131,0,LINK_NOW,3,0,0.0
2465,390,2026-05-28 05:29:32.274455,357.74,net_banking,temporary_network_issue,5,3,270.7,1,0,1,0,0.082,0,NO_CONTACT,0,0,0.0
2466,763,2026-05-28 06:21:06.013203,828.29,debit_card,insufficient_funds,6,3,220.3,1,1,0,1,0.154,0,HUMAN_REVIEW,52,0,0.0
2467,193,2026-05-28 07:12:39.751950,6099.45,upi,card_blocked,7,3,318.6,1,3,0,1,0.361,0,HUMAN_REVIEW,44,1,5067.51
2468,594,2026-05-28 08:04:13.490698,273.66,wallet,temporary_network_issue,8,3,29.0,3,1,0,3,0.22,0,LINK_NEXT_MORNING,620,0,0.0
2469,459,2026-05-28 08:55:47.229446,11129.81,debit_card,risk_declined,8,3,17.7,3,2,1,3,0.097,0,LINK_NEXT_MORNING,621,0,0.0
2470,59,2026-05-28 09:47:20.968194,20906.14,net_banking,insufficient_funds,9,3,187.2,2,2,0,2,0.164,0,LINK_NEXT_MORNING,693,0,0.0
2471,91,2026-05-28 10:38:54.706941,3956.39,upi,insufficient_funds,10,3,286.8,1,3,0,0,0.398,0,LINK_NOW,8,1,3676.91
2472,739,2026-05-28 11:30:28.445689,8284.1,credit_card,bank_limit_exceeded,11,3,307.4,2,2,0,0,0.152,0,LINK_NEXT_MORNING,615,1,7454.65
2473,459,2026-05-28 12:22:02.184437,1676.87,net_banking,bank_limit_exceeded,12,3,17.7,3,2,1,0,0.492,0,LINK_NOW,13,0,0.0
2474,58,2026-05-28 13:13:35.923185,2178.26,upi,temporary_network_issue,13,3,17.4,3,0,1,2,0.326,0,LINK_AFTER_2H,142,1,2063.89
2475,459,2026-05-28 14:05:09.661932,2016.19,credit_card,insufficient_funds,14,3,17.7,3,2,1,1,0.083,0,HUMAN_REVIEW,100,1,1897.67
2476,546,2026-05-28 14:56:43.400680,1467.88,upi,insufficient_funds,14,3,71.3,1,1,0,0,0.074,0,HUMAN_REVIEW,96,0,0.0
2477,233,2026-05-28 15:48:17.139428,4961.48,credit_card,insufficient_funds,15,3,189.5,4,2,0,1,0.222,0,LINK_AFTER_2H,125,0,0.0
2478,570,2026-05-28 16:39:50.878176,10790.88,net_banking,temporary_network_issue,16,3,32.0,1,1,0,1,0.227,0,HUMAN_REVIEW,52,1,10742.16
2479,594,2026-05-28 17:31:24.616923,1085.46,debit_card,insufficient_funds,17,3,29.0,3,1,0,1,0.156,0,NO_CONTACT,0,0,0.0
2480,710,2026-05-28 18:22:58.355671,2224.12,debit_card,risk_declined,18,3,103.4,2,0,0,2,0.293,0,HUMAN_REVIEW,110,1,2109.57
2481,459,2026-05-28 19:14:32.094419,3202.38,debit_card,insufficient_funds,19,3,17.7,3,2,1,1,0.138,0,HUMAN_REVIEW,70,0,0.0
2482,751,2026-05-28 20:06:05.833167,1808.61,debit_card,card_blocked,20,3,22.4,1,2,0,1,0.127,0,LINK_NEXT_MORNING,568,0,0.0
2483,173,2026-05-28 20:57:39.571914,2314.45,net_banking,card_blocked,20,3,204.8,5,0,0,1,0.083,0,LINK_NOW,22,0,0.0
2484,710,2026-05-28 21:49:13.310662,868.9,credit_card,card_blocked,21,3,103.4,2,0,0,0,0.071,0,HUMAN_REVIEW,104,1,756.55
2485,233,2026-05-28 22:40:47.049410,2528.4,debit_card,temporary_network_issue,22,3,189.5,4,2,0,1,0.148,0,LINK_NOW,20,1,2255.11
2486,193,2026-05-28 23:32:20.788158,3001.16,debit_card,card_blocked,23,3,318.6,1,3,0,1,0.148,0,NO_CONTACT,0,0,0.0
2487,125,2026-05-29 00:23:54.526905,1871.13,credit_card,risk_declined,0,4,176.2,1,4,0,2,0.456,0,LINK_NEXT_MORNING,672,0,0.0
2488,747,2026-05-29 01:15:28.265653,4687.5,net_banking,risk_declined,1,4,19.4,2,2,1,1,0.237,0,NO_CONTACT,0,0,0.0
2489,233,2026-05-29 02:07:02.004401,1995.86,credit_card,insufficient_funds,2,4,189.5,4,2,0,1,0.141,0,LINK_AFTER_2H,116,0,0.0
2490,459,2026-05-29 02:58:35.743149,761.35,upi,insufficient_funds,2,4,17.7,3,2,1,0,0.243,0,LINK_NEXT_MORNING,715,0,0.0
2491,724,2026-05-29 03:50:09.481896,8741.37,debit_card,risk_declined,3,4,158.8,3,2,0,0,0.449,0,LINK_NOW,27,0,0.0
2492,71,2026-05-29 04:41:43.220644,6574.78,upi,temporary_network_issue,4,4,98.3,1,1,0,3,0.172,0,LINK_AFTER_2H,128,1,5720.16
2493,193,2026-05-29 05:33:16.959392,4044.42,credit_card,bank_limit_exceeded,5,4,318.6,1,3,0,2,0.3,0,LINK_NOW,25,0,0.0
2494,193,2026-05-29 06:24:50.698140,22358.22,net_banking,temporary_network_issue,6,4,318.6,1,3,0,2,0.407,0,NO_CONTACT,0,0,0.0
2495,314,2026-05-29 07:16:24.436887,258.64,debit_card,insufficient_funds,7,4,126.7,3,7,0,2,0.311,0,LINK_NEXT_MORNING,543,0,0.0
2496,685,2026-05-29 08:07:58.175635,1423.74,credit_card,temporary_network_issue,8,4,581.8,1,2,0,1,0.148,0,LINK_AFTER_2H,148,0,0.0
2497,125,2026-05-29 08:59:31.914383,491.55,upi,temporary_network_issue,8,4,176.2,1,4,0,3,0.316,0,LINK_AFTER_2H,98,0,0.0
2498,233,2026-05-29 09:51:05.653131,23361.49,upi,temporary_network_issue,9,4,189.5,4,2,0,1,0.391,0,HUMAN_REVIEW,96,0,0.0
2499,233,2026-05-29 10:42:39.391878,11543.2,debit_card,risk_declined,10,4,189.5,4,2,0,0,0.077,0,HUMAN_REVIEW,82,0,0.0
2500,125,2026-05-29 11:34:13.130626,3270.2,upi,card_blocked,11,4,176.2,1,4,0,2,0.163,0,LINK_AFTER_2H,99,1,3045.47
2501,71,2026-05-29 12:25:46.869374,3237.76,upi,insufficient_funds,12,4,98.3,1,1,0,1,0.166,0,LINK_NEXT_MORNING,530,1,2661.61
2502,741,2026-05-29 13:17:20.608122,644.62,debit_card,card_blocked,13,4,64.3,4,2,0,0,0.236,0,HUMAN_REVIEW,61,1,629.66
2503,233,2026-05-29 14:08:54.346869,3112.3,credit_card,temporary_network_issue,14,4,189.5,4,2,0,3,0.194,0,NO_CONTACT,0,1,3001.6
2504,710,2026-05-29 15:00:28.085617,593.07,debit_card,temporary_network_issue,15,4,103.4,2,0,0,0,0.046,0,HUMAN_REVIEW,94,1,559.09
2505,594,2026-05-29 15:52:01.824365,20001.36,debit_card,card_blocked,15,4,29.0,3,1,0,2,0.284,0,NO_CONTACT,0,0,0.0
2506,71,2026-05-29 16:43:35.563113,5555.68,credit_card,temporary_network_issue,16,4,98.3,1,1,0,2,0.148,0,NO_CONTACT,0,0,0.0
2507,233,2026-05-29 17:35:09.301860,12127.24,debit_card,temporary_network_issue,17,4,189.5,4,2,0,1,0.235,0,LINK_NOW,13,1,11940.32
2508,83,2026-05-29 18:26:43.040608,654.73,credit_card,card_blocked,18,4,208.1,4,0,0,0,0.161,0,LINK_NEXT_MORNING,679,1,620.09
2509,193,2026-05-29 19:18:16.779356,3604.88,debit_card,card_blocked,19,4,318.6,1,3,0,0,0.208,0,HUMAN_REVIEW,39,1,3149.55
2510,233,2026-05-29 20:09:50.518104,616.69,credit_card,insufficient_funds,20,4,189.5,4,2,0,1,0.069,0,LINK_AFTER_2H,113,1,499.24
2511,71,2026-05-29 21:01:24.256851,1060.08,debit_card,temporary_network_issue,21,4,98.3,1,1,0,1,0.193,0,LINK_NEXT_MORNING,715,1,861.12
2512,459,2026-05-29 21:52:57.995599,13628.98,credit_card,temporary_network_issue,21,4,17.7,3,2,1,2,0.027,1,LINK_AFTER_2H,108,1,13065.14
2513,459,2026-05-29 22:44:31.734347,2116.87,net_banking,insufficient_funds,22,4,17.7,3,2,1,2,0.376,0,LINK_NOW,29,1,1774.52
2514,71,2026-05-29 23:36:05.473095,1486.48,debit_card,risk_declined,23,4,98.3,1,1,0,1,0.369,0,HUMAN_REVIEW,100,0,0.0
2515,233,2026-05-30 00:27:39.211842,4203.98,upi,temporary_network_issue,0,5,189.5,4,2,0,2,0.159,0,LINK_NEXT_MORNING,680,0,0.0
2516,710,2026-05-30 01:19:12.950590,25330.25,wallet,insufficient_funds,1,5,103.4,2,0,0,1,0.281,0,LINK_NEXT_MORNING,533,0,0.0
2517,459,2026-05-30 02:10:46.689338,4756.35,credit_card,temporary_network_issue,2,5,17.7,3,2,1,1,0.233,0,LINK_NEXT_MORNING,703,0,0.0
2518,710,2026-05-30 03:02:20.428086,6671.81,debit_card,insufficient_funds,3,5,103.4,2,0,0,1,0.467,0,NO_CONTACT,0,0,0.0
2519,710,2026-05-30 03:53:54.166833,1946.49,net_banking,card_blocked,3,5,103.4,2,0,0,1,0.37,1,HUMAN_REVIEW,112,0,0.0
2520,193,2026-05-30 04:45:27.905581,2070.88,credit_card,temporary_network_issue,4,5,318.6,1,3,0,1,0.451,0,NO_CONTACT,0,0,0.0
2521,193,2026-05-30 05:37:01.644329,199.0,credit_card,insufficient_funds,5,5,318.6,1,3,0,1,0.196,0,LINK_NEXT_MORNING,646,0,0.0
2522,314,2026-05-30 06:28:35.383077,382.68,credit_card,bank_limit_exceeded,6,5,126.7,3,7,0,1,0.403,0,NO_CONTACT,0,0,0.0
2523,459,2026-05-30 07:20:09.121824,23563.13,debit_card,insufficient_funds,7,5,17.7,3,2,1,3,0.205,0,LINK_AFTER_2H,118,1,22743.04
2524,632,2026-05-30 08:11:42.860572,4700.48,debit_card,temporary_network_issue,8,5,42.5,3,0,0,1,0.049,0,NO_CONTACT,0,1,3773.62
2525,257,2026-05-30 09:03:16.599320,5690.14,wallet,risk_declined,9,5,335.3,2,0,0,1,0.337,0,HUMAN_REVIEW,45,0,0.0
2526,233,2026-05-30 09:54:50.338068,1551.96,debit_card,temporary_network_issue,9,5,189.5,4,2,0,1,0.099,0,LINK_AFTER_2H,128,0,0.0
2527,459,2026-05-30 10:46:24.076815,2732.78,net_banking,bank_limit_exceeded,10,5,17.7,3,2,1,0,0.228,0,LINK_NEXT_MORNING,651,1,2359.69
2528,71,2026-05-30 11:37:57.815563,5028.12,debit_card,risk_declined,11,5,98.3,1,1,0,2,0.377,0,HUMAN_REVIEW,96,1,4518.31
2529,233,2026-05-30 12:29:31.554311,12907.64,debit_card,bank_limit_exceeded,12,5,189.5,4,2,0,0,0.168,0,NO_CONTACT,0,0,0.0
2530,233,2026-05-30 13:21:05.293059,10261.64,credit_card,temporary_network_issue,13,5,189.5,4,2,0,0,0.155,0,LINK_AFTER_2H,94,0,0.0
2531,233,2026-05-30 14:12:39.031806,2318.74,upi,temporary_network_issue,14,5,189.5,4,2,0,2,0.126,0,HUMAN_REVIEW,99,1,2167.74
2532,71,2026-05-30 15:04:12.770554,6616.07,credit_card,risk_declined,15,5,98.3,1,1,0,3,0.269,0,LINK_AFTER_2H,106,0,0.0
2533,233,2026-05-30 15:55:46.509302,2831.9,credit_card,bank_limit_exceeded,15,5,189.5,4,2,0,1,0.343,0,NO_CONTACT,0,0,0.0
2534,91,2026-05-30 16:47:20.248050,4406.8,credit_card,bank_limit_exceeded,16,5,286.8,1,3,0,1,0.122,0,LINK_NEXT_MORNING,688,0,0.0
2535,341,2026-05-30 17:38:53.986797,9820.08,credit_card,risk_declined,17,5,403.8,0,1,0,2,0.202,0,LINK_NEXT_MORNING,707,0,0.0
2536,563,2026-05-30 18:30:27.725545,6845.57,credit_card,card_blocked,18,5,102.6,2,1,0,2,0.236,0,LINK_NEXT_MORNING,521,1,6554.93
2537,193,2026-05-30 19:22:01.464293,1467.12,net_banking,insufficient_funds,19,5,318.6,1,3,0,0,0.347,1,LINK_NEXT_MORNING,575,0,0.0
2538,83,2026-05-30 20:13:35.203041,5504.07,credit_card,insufficient_funds,20,5,208.1,4,0,0,0,0.149,0,LINK_NOW,22,0,0.0
2539,641,2026-05-30 21:05:08.941788,27039.64,debit_card,insufficient_funds,21,5,170.7,3,0,0,3,0.183,0,LINK_AFTER_2H,144,0,0.0
2540,71,2026-05-30 21:56:42.680536,418.61,upi,insufficient_funds,21,5,98.3,1,1,0,1,0.281,1,LINK_NEXT_MORNING,519,0,0.0
2541,233,2026-05-30 22:48:16.419284,2509.72,upi,insufficient_funds,22,5,189.5,4,2,0,1,0.087,1,LINK_NOW,13,0,0.0
2542,193,2026-05-30 23:39:50.158032,754.88,debit_card,insufficient_funds,23,5,318.6,1,3,0,1,0.137,0,HUMAN_REVIEW,61,0,0.0
2543,282,2026-05-31 00:31:23.896779,2943.84,net_banking,insufficient_funds,0,6,1.7,2,0,0,1,0.339,0,LINK_AFTER_2H,132,0,0.0
2544,580,2026-05-31 01:22:57.635527,6189.78,credit_card,bank_limit_exceeded,1,6,74.4,4,0,0,0,0.307,0,LINK_NEXT_MORNING,709,0,0.0
2545,233,2026-05-31 02:14:31.374275,1195.5,upi,insufficient_funds,2,6,189.5,4,2,0,2,0.435,0,HUMAN_REVIEW,106,1,1187.7
2546,459,2026-05-31 03:06:05.113023,821.92,debit_card,insufficient_funds,3,6,17.7,3,2,1,2,0.109,0,LINK_AFTER_2H,136,0,0.0
2547,193,2026-05-31 03:57:38.851770,16289.51,net_banking,card_blocked,3,6,318.6,1,3,0,0,0.068,0,LINK_AFTER_2H,112,1,15010.84
2548,54,2026-05-31 04:49:12.590518,4152.41,net_banking,risk_declined,4,6,131.7,1,1,0,0,0.031,0,NO_CONTACT,0,0,0.0
2549,233,2026-05-31 05:40:46.329266,8806.7,debit_card,insufficient_funds,5,6,189.5,4,2,0,4,0.135,0,LINK_AFTER_2H,149,0,0.0
2550,459,2026-05-31 06:32:20.068014,7179.74,debit_card,insufficient_funds,6,6,17.7,3,2,1,0,0.517,0,LINK_AFTER_2H,101,1,5967.86
2551,459,2026-05-31 07:23:53.806761,870.68,debit_card,insufficient_funds,7,6,17.7,3,2,1,0,0.293,0,LINK_NOW,21,0,0.0
2552,233,2026-05-31 08:15:27.545509,8558.62,debit_card,temporary_network_issue,8,6,189.5,4,2,0,2,0.304,0,NO_CONTACT,0,1,8147.16
2553,594,2026-05-31 09:07:01.284257,1304.23,upi,insufficient_funds,9,6,29.0,3,1,0,0,0.121,0,LINK_NOW,29,0,0.0
2554,193,2026-05-31 09:58:35.023005,1083.17,debit_card,card_blocked,9,6,318.6,1,3,0,3,0.333,0,LINK_NEXT_MORNING,596,1,896.12
2555,181,2026-05-31 10:50:08.761752,8553.11,credit_card,risk_declined,10,6,323.0,3,4,0,1,0.126,0,HUMAN_REVIEW,87,0,0.0
2556,594,2026-05-31 11:41:42.500500,450.92,net_banking,card_blocked,11,6,29.0,3,1,0,0,0.128,0,NO_CONTACT,0,0,0.0
2557,193,2026-05-31 12:33:16.239248,661.78,wallet,temporary_network_issue,12,6,318.6,1,3,0,0,0.2,0,LINK_NEXT_MORNING,501,0,0.0
2558,193,2026-05-31 13:24:49.977996,1414.3,debit_card,insufficient_funds,13,6,318.6,1,3,0,0,0.278,0,LINK_NOW,9,0,0.0
2559,233,2026-05-31 14:16:23.716743,335.99,upi,temporary_network_issue,14,6,189.5,4,2,0,2,0.365,0,LINK_NOW,11,0,0.0
2560,233,2026-05-31 15:07:57.455491,2715.9,debit_card,temporary_network_issue,15,6,189.5,4,2,0,2,0.107,1,LINK_AFTER_2H,125,1,2387.92
2561,594,2026-05-31 15:59:31.194239,1328.29,net_banking,card_blocked,15,6,29.0,3,1,0,1,0.156,0,HUMAN_REVIEW,116,0,0.0
2562,594,2026-05-31 16:51:04.932987,3439.58,upi,bank_limit_exceeded,16,6,29.0,3,1,0,0,0.078,0,LINK_AFTER_2H,113,0,0.0
2563,233,2026-05-31 17:42:38.671734,24042.58,upi,insufficient_funds,17,6,189.5,4,2,0,3,0.226,0,LINK_NEXT_MORNING,699,1,22664.62
2564,233,2026-05-31 18:34:12.410482,584.51,upi,bank_limit_exceeded,18,6,189.5,4,2,0,3,0.446,0,NO_CONTACT,0,0,0.0
2565,635,2026-05-31 19:25:46.149230,464.79,credit_card,bank_limit_exceeded,19,6,108.3,2,2,0,3,0.204,0,NO_CONTACT,0,0,0.0
2566,91,2026-05-31 20:17:19.887978,1451.85,credit_card,insufficient_funds,20,6,286.8,1,3,0,1,0.226,0,LINK_AFTER_2H,97,0,0.0
2567,459,2026-05-31 21:08:53.626725,909.42,debit_card,insufficient_funds,21,6,17.7,3,2,1,0,0.282,0,LINK_NEXT_MORNING,499,1,835.86
2568,233,2026-05-31 22:00:27.365473,2483.9,upi,insufficient_funds,22,6,189.5,4,2,0,1,0.042,0,NO_CONTACT,0,0,0.0
2569,71,2026-05-31 22:52:01.104221,17521.2,upi,temporary_network_issue,22,6,98.3,1,1,0,1,0.237,0,LINK_AFTER_2H,92,0,0.0
2570,747,2026-05-31 23:43:34.842969,21491.6,credit_card,insufficient_funds,23,6,19.4,2,2,1,1,0.061,0,HUMAN_REVIEW,100,1,17255.16
2571,193,2026-06-01 00:35:08.581716,1352.4,credit_card,insufficient_funds,0,0,318.6,1,3,0,2,0.195,0,LINK_AFTER_2H,112,1,1222.87
2572,233,2026-06-01 01:26:42.320464,813.03,upi,bank_limit_exceeded,1,0,189.5,4,2,0,1,0.338,0,LINK_AFTER_2H,148,1,764.08
2573,125,2026-06-01 02:18:16.059212,834.63,debit_card,insufficient_funds,2,0,176.2,1,4,0,2,0.047,0,LINK_NEXT_MORNING,578,0,0.0
2574,233,2026-06-01 03:09:49.797960,3818.59,net_banking,temporary_network_issue,3,0,189.5,4,2,0,2,0.095,0,LINK_NEXT_MORNING,512,0,0.0
2575,193,2026-06-01 04:01:23.536707,2390.04,upi,risk_declined,4,0,318.6,1,3,0,0,0.116,0,LINK_NOW,18,0,0.0
2576,233,2026-06-01 04:52:57.275455,2746.53,credit_card,risk_declined,4,0,189.5,4,2,0,2,0.188,0,LINK_NOW,13,0,0.0
2577,454,2026-06-01 05:44:31.014203,1312.55,credit_card,insufficient_funds,5,0,196.5,1,0,0,0,0.438,0,NO_CONTACT,0,0,0.0
2578,125,2026-06-01 06:36:04.752951,3055.54,upi,insufficient_funds,6,0,176.2,1,4,0,0,0.245,0,HUMAN_REVIEW,64,1,2794.17
2579,193,2026-06-01 07:27:38.491698,26014.03,credit_card,card_blocked,7,0,318.6,1,3,0,2,0.358,0,NO_CONTACT,0,1,22086.3
2580,528,2026-06-01 08:19:12.230446,11911.53,credit_card,risk_declined,8,0,25.9,3,2,0,0,0.034,0,LINK_AFTER_2H,111,1,10315.87
2581,91,2026-06-01 09:10:45.969194,43225.04,debit_card,bank_limit_exceeded,9,0,286.8,1,3,0,1,0.426,0,LINK_NEXT_MORNING,513,0,0.0
2582,71,2026-06-01 10:02:19.707942,2843.92,debit_card,insufficient_funds,10,0,98.3,1,1,0,0,0.184,0,LINK_NEXT_MORNING,515,0,0.0
2583,193,2026-06-01 10:53:53.446689,606.69,credit_card,card_blocked,10,0,318.6,1,3,0,1,0.316,0,LINK_NEXT_MORNING,580,0,0.0
2584,710,2026-06-01 11:45:27.185437,199.62,net_banking,temporary_network_issue,11,0,103.4,2,0,0,5,0.14,0,LINK_NOW,5,1,186.34
2585,710,2026-06-01 12:37:00.924185,5189.58,wallet,bank_limit_exceeded,12,0,103.4,2,0,0,3,0.142,0,NO_CONTACT,0,0,0.0
2586,459,2026-06-01 13:28:34.662933,447.01,credit_card,temporary_network_issue,13,0,17.7,3,2,1,0,0.141,0,HUMAN_REVIEW,55,1,374.39
2587,193,2026-06-01 14:20:08.401680,20421.6,upi,temporary_network_issue,14,0,318.6,1,3,0,1,0.105,0,NO_CONTACT,0,0,0.0
2588,58,2026-06-01 15:11:42.140428,2540.56,credit_card,insufficient_funds,15,0,17.4,3,0,1,0,0.177,0,HUMAN_REVIEW,70,0,0.0
2589,193,2026-06-01 16:03:15.879176,1797.92,credit_card,insufficient_funds,16,0,318.6,1,3,0,2,0.107,0,LINK_NOW,9,0,0.0
2590,173,2026-06-01 16:54:49.617924,2418.3,debit_card,temporary_network_issue,16,0,204.8,5,0,0,2,0.105,0,NO_CONTACT,0,0,0.0
2591,93,2026-06-01 17:46:23.356671,3368.07,wallet,insufficient_funds,17,0,7.8,1,1,1,2,0.195,0,NO_CONTACT,0,0,0.0
2592,265,2026-06-01 18:37:57.095419,7618.57,upi,temporary_network_issue,18,0,5.8,3,1,0,1,0.336,0,LINK_NOW,4,0,0.0
2593,193,2026-06-01 19:29:30.834167,2282.6,credit_card,insufficient_funds,19,0,318.6,1,3,0,0,0.335,0,NO_CONTACT,0,0,0.0
2594,233,2026-06-01 20:21:04.572915,3069.74,credit_card,risk_declined,20,0,189.5,4,2,0,1,0.043,0,LINK_AFTER_2H,139,0,0.0
2595,71,2026-06-01 21:12:38.311662,4746.32,upi,insufficient_funds,21,0,98.3,1,1,0,0,0.075,0,LINK_AFTER_2H,96,0,0.0
2596,125,2026-06-01 22:04:12.050410,3190.86,credit_card,risk_declined,22,0,176.2,1,4,0,0,0.204,0,HUMAN_REVIEW,71,0,0.0
2597,342,2026-06-01 22:55:45.789158,402.35,net_banking,card_blocked,22,0,38.0,2,3,1,2,0.203,0,LINK_NEXT_MORNING,618,0,0.0
2598,173,2026-06-01 23:47:19.527906,1381.2,credit_card,insufficient_funds,23,0,204.8,5,0,0,0,0.354,0,LINK_NEXT_MORNING,688,0,0.0
2599,193,2026-06-02 00:38:53.266653,9391.76,net_banking,insufficient_funds,0,1,318.6,1,3,0,1,0.134,0,LINK_NEXT_MORNING,551,0,0.0
2600,446,2026-06-02 01:30:27.005401,20036.0,debit_card,risk_declined,1,1,50.2,1,3,1,1,0.169,0,NO_CONTACT,0,0,0.0
2601,58,2026-06-02 02:22:00.744149,17262.51,debit_card,insufficient_funds,2,1,17.4,3,0,1,2,0.073,0,LINK_NEXT_MORNING,550,0,0.0
2602,710,2026-06-02 03:13:34.482897,4936.67,upi,insufficient_funds,3,1,103.4,2,0,0,0,0.088,0,LINK_AFTER_2H,135,0,0.0
2603,233,2026-06-02 04:05:08.221644,1523.92,credit_card,temporary_network_issue,4,1,189.5,4,2,0,3,0.043,0,HUMAN_REVIEW,101,0,0.0
2604,233,2026-06-02 04:56:41.960392,13103.24,debit_card,temporary_network_issue,4,1,189.5,4,2,0,1,0.025,0,LINK_NOW,0,0,0.0
2605,393,2026-06-02 05:48:15.699140,1675.43,debit_card,insufficient_funds,5,1,73.1,2,2,0,3,0.25,0,LINK_NEXT_MORNING,613,0,0.0
2606,91,2026-06-02 06:39:49.437888,1421.0,credit_card,bank_limit_exceeded,6,1,286.8,1,3,0,0,0.07,0,LINK_NEXT_MORNING,525,0,0.0
2607,596,2026-06-02 07:31:23.176635,4289.2,credit_card,risk_declined,7,1,7.4,2,2,0,1,0.223,0,NO_CONTACT,0,0,0.0
2608,71,2026-06-02 08:22:56.915383,199.0,credit_card,risk_declined,8,1,98.3,1,1,0,0,0.149,0,NO_CONTACT,0,0,0.0
2609,429,2026-06-02 09:14:30.654131,2614.28,credit_card,temporary_network_issue,9,1,22.2,2,1,0,0,0.041,0,HUMAN_REVIEW,34,0,0.0
2610,459,2026-06-02 10:06:04.392879,2693.75,wallet,bank_limit_exceeded,10,1,17.7,3,2,1,0,0.266,0,LINK_NOW,15,1,2638.68
2611,747,2026-06-02 10:57:38.131626,2113.67,debit_card,card_blocked,10,1,19.4,2,2,1,1,0.312,0,LINK_AFTER_2H,134,0,0.0
2612,459,2026-06-02 11:49:11.870374,2083.32,debit_card,risk_declined,11,1,17.7,3,2,1,0,0.247,0,HUMAN_REVIEW,43,0,0.0
2613,233,2026-06-02 12:40:45.609122,15094.62,net_banking,temporary_network_issue,12,1,189.5,4,2,0,3,0.158,0,LINK_NEXT_MORNING,513,1,12533.57
2614,233,2026-06-02 13:32:19.347870,355.82,net_banking,insufficient_funds,13,1,189.5,4,2,0,1,0.2,1,LINK_NEXT_MORNING,663,1,290.75
2615,597,2026-06-02 14:23:53.086617,4220.23,debit_card,risk_declined,14,1,232.9,2,3,0,2,0.142,0,LINK_NEXT_MORNING,537,0,0.0
2616,193,2026-06-02 15:15:26.825365,5391.65,debit_card,temporary_network_issue,15,1,318.6,1,3,0,1,0.132,0,LINK_NOW,17,0,0.0
2617,409,2026-06-02 16:07:00.564113,17861.17,debit_card,bank_limit_exceeded,16,1,509.6,1,1,0,3,0.224,0,HUMAN_REVIEW,118,0,0.0
2618,403,2026-06-02 16:58:34.302861,3730.94,credit_card,insufficient_funds,16,1,86.4,0,0,0,0,0.119,0,NO_CONTACT,0,1,3087.97
2619,193,2026-06-02 17:50:08.041608,4655.94,upi,bank_limit_exceeded,17,1,318.6,1,3,0,1,0.109,0,LINK_NOW,21,0,0.0
2620,233,2026-06-02 18:41:41.780356,2463.06,upi,insufficient_funds,18,1,189.5,4,2,0,1,0.205,0,HUMAN_REVIEW,96,0,0.0
2621,66,2026-06-02 19:33:15.519104,3653.42,net_banking,temporary_network_issue,19,1,118.7,1,1,0,1,0.182,0,LINK_AFTER_2H,130,0,0.0
2622,233,2026-06-02 20:24:49.257852,2539.1,debit_card,temporary_network_issue,20,1,189.5,4,2,0,1,0.036,0,NO_CONTACT,0,0,0.0
2623,233,2026-06-02 21:16:22.996599,595.4,net_banking,card_blocked,21,1,189.5,4,2,0,3,0.125,0,NO_CONTACT,0,0,0.0
2624,71,2026-06-02 22:07:56.735347,3575.73,debit_card,card_blocked,22,1,98.3,1,1,0,2,0.197,1,HUMAN_REVIEW,111,1,3010.68
2625,465,2026-06-02 22:59:30.474095,3359.04,debit_card,temporary_network_issue,22,1,62.8,3,2,0,1,0.311,0,HUMAN_REVIEW,85,1,2886.25
2626,193,2026-06-02 23:51:04.212843,1246.59,debit_card,insufficient_funds,23,1,318.6,1,3,0,0,0.116,0,LINK_NOW,19,1,1000.42
2627,222,2026-06-03 00:42:37.951590,3405.68,upi,temporary_network_issue,0,2,220.2,1,1,0,1,0.248,0,HUMAN_REVIEW,42,0,0.0
2628,459,2026-06-03 01:34:11.690338,11767.57,net_banking,insufficient_funds,1,2,17.7,3,2,1,1,0.372,0,NO_CONTACT,0,0,0.0
2629,193,2026-06-03 02:25:45.429086,1738.65,credit_card,card_blocked,2,2,318.6,1,3,0,2,0.201,0,HUMAN_REVIEW,114,0,0.0
2630,71,2026-06-03 03:17:19.167834,19938.15,debit_card,insufficient_funds,3,2,98.3,1,1,0,1,0.125,0,HUMAN_REVIEW,102,0,0.0
2631,459,2026-06-03 04:08:52.906581,14962.99,debit_card,temporary_network_issue,4,2,17.7,3,2,1,3,0.176,0,HUMAN_REVIEW,115,0,0.0
2632,71,2026-06-03 05:00:26.645329,1015.1,net_banking,bank_limit_exceeded,5,2,98.3,1,1,0,0,0.149,0,NO_CONTACT,0,1,958.87
2633,233,2026-06-03 05:52:00.384077,1292.22,net_banking,insufficient_funds,5,2,189.5,4,2,0,1,0.032,1,LINK_AFTER_2H,120,0,0.0
2634,747,2026-06-03 06:43:34.122825,2022.2,debit_card,card_blocked,6,2,19.4,2,2,1,0,0.239,0,LINK_NEXT_MORNING,524,0,0.0
2635,313,2026-06-03 07:35:07.861572,542.59,wallet,insufficient_funds,7,2,263.5,0,1,1,3,0.455,0,LINK_AFTER_2H,120,1,510.08
2636,11,2026-06-03 08:26:41.600320,819.29,upi,insufficient_funds,8,2,55.1,2,1,0,3,0.378,0,LINK_NOW,5,0,0.0
2637,233,2026-06-03 09:18:15.339068,199.0,upi,card_blocked,9,2,189.5,4,2,0,2,0.378,0,LINK_NEXT_MORNING,648,0,0.0
2638,455,2026-06-03 10:09:49.077816,5392.74,debit_card,temporary_network_issue,10,2,145.8,0,2,0,3,0.178,0,LINK_NEXT_MORNING,525,1,4929.6
2639,459,2026-06-03 11:01:22.816563,6074.66,debit_card,temporary_network_issue,11,2,17.7,3,2,1,2,0.223,0,LINK_NOW,1,0,0.0
2640,222,2026-06-03 11:52:56.555311,384.78,debit_card,risk_declined,11,2,220.2,1,1,0,2,0.25,0,NO_CONTACT,0,0,0.0
2641,594,2026-06-03 12:44:30.294059,403.97,debit_card,risk_declined,12,2,29.0,3,1,0,1,0.145,0,LINK_NEXT_MORNING,603,0,0.0
2642,332,2026-06-03 13:36:04.032807,2300.03,upi,risk_declined,13,2,224.9,4,0,0,1,0.18,0,LINK_AFTER_2H,96,1,2167.42
2643,710,2026-06-03 14:27:37.771554,2764.55,credit_card,card_blocked,14,2,103.4,2,0,0,2,0.108,0,HUMAN_REVIEW,41,0,0.0
2644,233,2026-06-03 15:19:11.510302,11313.33,upi,temporary_network_issue,15,2,189.5,4,2,0,1,0.107,0,NO_CONTACT,0,0,0.0
2645,747,2026-06-03 16:10:45.249050,1103.12,debit_card,temporary_network_issue,16,2,19.4,2,2,1,2,0.156,0,LINK_NEXT_MORNING,543,0,0.0
2646,710,2026-06-03 17:02:18.987798,1123.54,credit_card,card_blocked,17,2,103.4,2,0,0,0,0.269,0,NO_CONTACT,0,0,0.0
2647,83,2026-06-03 17:53:52.726545,2863.23,debit_card,temporary_network_issue,17,2,208.1,4,0,0,0,0.367,0,NO_CONTACT,0,0,0.0
2648,233,2026-06-03 18:45:26.465293,10398.29,credit_card,insufficient_funds,18,2,189.5,4,2,0,3,0.157,0,LINK_AFTER_2H,132,0,0.0
2649,771,2026-06-03 19:37:00.204041,15354.07,credit_card,insufficient_funds,19,2,43.6,1,5,0,2,0.308,1,LINK_NOW,18,1,15258.92
2650,233,2026-06-03 20:28:33.942789,798.76,upi,temporary_network_issue,20,2,189.5,4,2,0,3,0.309,0,NO_CONTACT,0,0,0.0
2651,173,2026-06-03 21:20:07.681536,9486.9,net_banking,insufficient_funds,21,2,204.8,5,0,0,1,0.108,0,LINK_NEXT_MORNING,562,1,8079.73
2652,459,2026-06-03 22:11:41.420284,867.06,credit_card,insufficient_funds,22,2,17.7,3,2,1,3,0.209,0,LINK_NOW,14,1,741.09
2653,233,2026-06-03 23:03:15.159032,288.11,upi,card_blocked,23,2,189.5,4,2,0,1,0.093,0,LINK_NOW,19,0,0.0
2654,596,2026-06-03 23:54:48.897780,3255.02,credit_card,insufficient_funds,23,2,7.4,2,2,0,1,0.172,0,HUMAN_REVIEW,42,0,0.0
2655,314,2026-06-04 00:46:22.636527,11309.13,debit_card,card_blocked,0,3,126.7,3,7,0,1,0.157,0,LINK_NEXT_MORNING,654,0,0.0
2656,233,2026-06-04 01:37:56.375275,1909.79,credit_card,risk_declined,1,3,189.5,4,2,0,0,0.56,0,LINK_AFTER_2H,110,0,0.0
2657,758,2026-06-04 02:29:30.114023,9373.94,credit_card,insufficient_funds,2,3,103.1,1,2,0,3,0.197,0,NO_CONTACT,0,0,0.0
2658,72,2026-06-04 03:21:03.852771,972.93,credit_card,insufficient_funds,3,3,125.2,3,1,0,1,0.086,0,HUMAN_REVIEW,55,0,0.0
2659,193,2026-06-04 04:12:37.591518,2963.16,upi,insufficient_funds,4,3,318.6,1,3,0,2,0.105,0,LINK_NEXT_MORNING,704,0,0.0
2660,74,2026-06-04 05:04:11.330266,7500.3,wallet,temporary_network_issue,5,3,495.0,0,1,1,2,0.112,0,NO_CONTACT,0,0,0.0
2661,193,2026-06-04 05:55:45.069014,3760.1,upi,card_blocked,5,3,318.6,1,3,0,1,0.188,0,HUMAN_REVIEW,87,0,0.0
2662,91,2026-06-04 06:47:18.807762,2087.04,net_banking,temporary_network_issue,6,3,286.8,1,3,0,1,0.096,0,NO_CONTACT,0,0,0.0
2663,459,2026-06-04 07:38:52.546509,1251.01,net_banking,temporary_network_issue,7,3,17.7,3,2,1,1,0.234,0,LINK_AFTER_2H,137,1,1050.85
2664,71,2026-06-04 08:30:26.285257,1833.33,debit_card,temporary_network_issue,8,3,98.3,1,1,0,2,0.347,0,LINK_AFTER_2H,111,1,1532.79
2665,459,2026-06-04 09:22:00.024005,8813.71,debit_card,risk_declined,9,3,17.7,3,2,1,3,0.117,0,HUMAN_REVIEW,88,0,0.0
2666,292,2026-06-04 10:13:33.762753,2140.97,net_banking,insufficient_funds,10,3,228.2,1,3,0,3,0.171,0,HUMAN_REVIEW,104,0,0.0
2667,233,2026-06-04 11:05:07.501500,335.34,wallet,risk_declined,11,3,189.5,4,2,0,0,0.26,0,LINK_NEXT_MORNING,622,0,0.0
2668,459,2026-06-04 11:56:41.240248,3418.33,credit_card,card_blocked,11,3,17.7,3,2,1,3,0.242,0,LINK_NEXT_MORNING,652,1,3202.28
2669,594,2026-06-04 12:48:14.978996,2454.1,debit_card,insufficient_funds,12,3,29.0,3,1,0,0,0.394,0,HUMAN_REVIEW,76,0,0.0
2670,193,2026-06-04 13:39:48.717744,3971.61,debit_card,temporary_network_issue,13,3,318.6,1,3,0,0,0.299,0,HUMAN_REVIEW,111,1,3460.92
2671,71,2026-06-04 14:31:22.456491,2157.68,debit_card,insufficient_funds,14,3,98.3,1,1,0,1,0.107,0,LINK_NEXT_MORNING,510,0,0.0
2672,233,2026-06-04 15:22:56.195239,2204.24,net_banking,temporary_network_issue,15,3,189.5,4,2,0,0,0.46,0,LINK_NOW,14,1,1885.01
2673,193,2026-06-04 16:14:29.933987,6985.38,debit_card,insufficient_funds,16,3,318.6,1,3,0,1,0.237,0,LINK_NOW,1,0,0.0
2674,193,2026-06-04 17:06:03.672735,37935.41,credit_card,insufficient_funds,17,3,318.6,1,3,0,0,0.227,0,LINK_NEXT_MORNING,636,1,32113.34
2675,193,2026-06-04 17:57:37.411482,2032.99,debit_card,temporary_network_issue,17,3,318.6,1,3,0,0,0.305,0,LINK_NEXT_MORNING,520,1,1992.1
2676,58,2026-06-04 18:49:11.150230,8201.8,net_banking,card_blocked,18,3,17.4,3,0,1,1,0.101,0,LINK_NOW,16,0,0.0
2677,11,2026-06-04 19:40:44.888978,490.49,debit_card,bank_limit_exceeded,19,3,55.1,2,1,0,1,0.221,0,HUMAN_REVIEW,47,0,0.0
2678,319,2026-06-04 20:32:18.627726,2287.2,upi,card_blocked,20,3,373.7,3,2,0,2,0.126,0,LINK_AFTER_2H,121,1,1886.87
2679,193,2026-06-04 21:23:52.366473,1803.44,debit_card,temporary_network_issue,21,3,318.6,1,3,0,0,0.371,0,LINK_NEXT_MORNING,489,0,0.0
2680,747,2026-06-04 22:15:26.105221,599.48,credit_card,bank_limit_exceeded,22,3,19.4,2,2,1,2,0.229,0,LINK_NOW,8,0,0.0
2681,794,2026-06-04 23:06:59.843969,4581.61,debit_card,insufficient_funds,23,3,135.9,1,1,0,0,0.098,1,LINK_AFTER_2H,141,1,4172.84
2682,125,2026-06-04 23:58:33.582717,7963.56,credit_card,insufficient_funds,23,3,176.2,1,4,0,1,0.154,0,LINK_NEXT_MORNING,595,0,0.0
2683,459,2026-06-05 00:50:07.321464,4592.4,debit_card,temporary_network_issue,0,4,17.7,3,2,1,1,0.168,0,NO_CONTACT,0,1,4417.55
2684,233,2026-06-05 01:41:41.060212,2821.86,debit_card,temporary_network_issue,1,4,189.5,4,2,0,1,0.284,0,NO_CONTACT,0,1,2548.37
2685,257,2026-06-05 02:33:14.798960,1458.31,net_banking,temporary_network_issue,2,4,335.3,2,0,0,3,0.2,0,LINK_NOW,26,1,1456.1
2686,145,2026-06-05 03:24:48.537708,13480.0,debit_card,card_blocked,3,4,232.3,0,0,0,1,0.298,0,HUMAN_REVIEW,55,1,11117.03
2687,233,2026-06-05 04:16:22.276455,4046.63,upi,insufficient_funds,4,4,189.5,4,2,0,0,0.274,0,LINK_NOW,24,1,3385.85
2688,233,2026-06-05 05:07:56.015203,1500.16,debit_card,temporary_network_issue,5,4,189.5,4,2,0,0,0.115,0,HUMAN_REVIEW,114,0,0.0
2689,459,2026-06-05 05:59:29.753951,23083.77,credit_card,temporary_network_issue,5,4,17.7,3,2,1,0,0.195,0,LINK_NEXT_MORNING,508,0,0.0
2690,125,2026-06-05 06:51:03.492699,199.0,credit_card,risk_declined,6,4,176.2,1,4,0,0,0.042,0,LINK_NEXT_MORNING,499,0,0.0
2691,233,2026-06-05 07:42:37.231446,2655.28,upi,bank_limit_exceeded,7,4,189.5,4,2,0,2,0.24,0,LINK_NEXT_MORNING,552,0,0.0
2692,175,2026-06-05 08:34:10.970194,3439.87,debit_card,card_blocked,8,4,229.5,2,1,0,0,0.184,0,HUMAN_REVIEW,97,1,3139.77
2693,710,2026-06-05 09:25:44.708942,32003.74,debit_card,insufficient_funds,9,4,103.4,2,0,0,1,0.049,0,LINK_NEXT_MORNING,622,0,0.0
2694,91,2026-06-05 10:17:18.447690,1983.43,credit_card,card_blocked,10,4,286.8,1,3,0,0,0.108,0,LINK_NEXT_MORNING,659,0,0.0
2695,459,2026-06-05 11:08:52.186437,1248.83,net_banking,insufficient_funds,11,4,17.7,3,2,1,2,0.079,0,LINK_AFTER_2H,112,1,1111.24
2696,71,2026-06-05 12:00:25.925185,4431.14,net_banking,bank_limit_exceeded,12,4,98.3,1,1,0,2,0.298,0,HUMAN_REVIEW,109,0,0.0
2697,86,2026-06-05 12:51:59.663933,199.0,debit_card,risk_declined,12,4,251.0,1,0,1,0,0.308,0,NO_CONTACT,0,0,0.0
2698,193,2026-06-05 13:43:33.402681,275.73,net_banking,temporary_network_issue,13,4,318.6,1,3,0,2,0.299,0,LINK_NOW,0,0,0.0
2699,71,2026-06-05 14:35:07.141428,260.99,debit_card,risk_declined,14,4,98.3,1,1,0,0,0.131,0,LINK_NOW,18,0,0.0
2700,193,2026-06-05 15:26:40.880176,2054.3,credit_card,temporary_network_issue,15,4,318.6,1,3,0,2,0.366,0,LINK_AFTER_2H,115,1,2024.98
2701,193,2026-06-05 16:18:14.618924,4036.43,net_banking,insufficient_funds,16,4,318.6,1,3,0,2,0.421,0,LINK_AFTER_2H,148,0,0.0
2702,71,2026-06-05 17:09:48.357672,11335.76,wallet,card_blocked,17,4,98.3,1,1,0,2,0.061,0,HUMAN_REVIEW,33,0,0.0
2703,193,2026-06-05 18:01:22.096419,4403.33,net_banking,temporary_network_issue,18,4,318.6,1,3,0,1,0.161,0,HUMAN_REVIEW,91,1,3583.89
2704,459,2026-06-05 18:52:55.835167,1628.74,debit_card,bank_limit_exceeded,18,4,17.7,3,2,1,2,0.129,0,LINK_NEXT_MORNING,699,1,1307.06
2705,357,2026-06-05 19:44:29.573915,2436.28,debit_card,insufficient_funds,19,4,149.2,0,0,0,0,0.111,0,NO_CONTACT,0,0,0.0
2706,91,2026-06-05 20:36:03.312663,4705.21,upi,risk_declined,20,4,286.8,1,3,0,1,0.148,0,LINK_NEXT_MORNING,711,0,0.0
2707,595,2026-06-05 21:27:37.051410,5617.88,debit_card,card_blocked,21,4,13.7,1,2,0,0,0.246,0,NO_CONTACT,0,0,0.0
2708,233,2026-06-05 22:19:10.790158,1475.93,upi,risk_declined,22,4,189.5,4,2,0,0,0.098,0,LINK_AFTER_2H,146,1,1376.24
2709,233,2026-06-05 23:10:44.528906,5769.96,net_banking,insufficient_funds,23,4,189.5,4,2,0,1,0.203,0,LINK_NOW,16,0,0.0
2710,71,2026-06-06 00:02:18.267654,2030.47,net_banking,temporary_network_issue,0,5,98.3,1,1,0,2,0.188,0,LINK_NEXT_MORNING,605,1,1714.96
2711,233,2026-06-06 00:53:52.006401,1014.35,credit_card,risk_declined,0,5,189.5,4,2,0,0,0.216,0,NO_CONTACT,0,0,0.0
2712,233,2026-06-06 01:45:25.745149,2353.86,credit_card,card_blocked,1,5,189.5,4,2,0,2,0.499,0,LINK_NEXT_MORNING,667,0,0.0
2713,607,2026-06-06 02:36:59.483897,9027.39,debit_card,temporary_network_issue,2,5,121.5,2,2,0,1,0.317,0,HUMAN_REVIEW,64,0,0.0
2714,125,2026-06-06 03:28:33.222645,807.92,wallet,temporary_network_issue,3,5,176.2,1,4,0,3,0.279,0,NO_CONTACT,0,0,0.0
2715,229,2026-06-06 04:20:06.961392,996.47,credit_card,bank_limit_exceeded,4,5,7.5,1,0,0,1,0.109,0,NO_CONTACT,0,0,0.0
2716,62,2026-06-06 05:11:40.700140,2916.53,debit_card,card_blocked,5,5,297.3,2,1,0,1,0.258,0,HUMAN_REVIEW,64,1,2770.28
2717,83,2026-06-06 06:03:14.438888,8636.17,net_banking,card_blocked,6,5,208.1,4,0,0,1,0.256,0,LINK_NEXT_MORNING,587,1,7167.9
2718,193,2026-06-06 06:54:48.177636,1232.81,debit_card,risk_declined,6,5,318.6,1,3,0,0,0.565,0,HUMAN_REVIEW,69,0,0.0
2719,193,2026-06-06 07:46:21.916383,8191.41,debit_card,temporary_network_issue,7,5,318.6,1,3,0,2,0.088,0,LINK_AFTER_2H,110,1,6693.9
2720,26,2026-06-06 08:37:55.655131,7833.11,net_banking,bank_limit_exceeded,8,5,41.8,5,1,0,0,0.2,0,NO_CONTACT,0,0,0.0
2721,747,2026-06-06 09:29:29.393879,3558.31,upi,temporary_network_issue,9,5,19.4,2,2,1,1,0.064,0,LINK_NOW,4,0,0.0
2722,449,2026-06-06 10:21:03.132627,10393.1,debit_card,insufficient_funds,10,5,35.7,1,3,3,1,0.407,0,HUMAN_REVIEW,56,0,0.0
2723,83,2026-06-06 11:12:36.871374,1334.69,upi,insufficient_funds,11,5,208.1,4,0,0,2,0.438,0,NO_CONTACT,0,0,0.0
2724,459,2026-06-06 12:04:10.610122,15240.71,debit_card,temporary_network_issue,12,5,17.7,3,2,1,2,0.11,0,HUMAN_REVIEW,76,0,0.0
2725,233,2026-06-06 12:55:44.348870,14995.35,net_banking,temporary_network_issue,12,5,189.5,4,2,0,2,0.392,0,LINK_AFTER_2H,129,0,0.0
2726,747,2026-06-06 13:47:18.087618,13952.56,credit_card,card_blocked,13,5,19.4,2,2,1,0,0.317,0,NO_CONTACT,0,0,0.0
2727,82,2026-06-06 14:38:51.826365,5422.95,debit_card,risk_declined,14,5,81.0,1,1,0,0,0.152,0,LINK_AFTER_2H,102,0,0.0
2728,459,2026-06-06 15:30:25.565113,551.15,credit_card,bank_limit_exceeded,15,5,17.7,3,2,1,1,0.328,0,LINK_NOW,21,0,0.0
2729,594,2026-06-06 16:21:59.303861,5521.83,debit_card,insufficient_funds,16,5,29.0,3,1,0,3,0.391,0,LINK_NEXT_MORNING,485,0,0.0
2730,91,2026-06-06 17:13:33.042609,13734.78,credit_card,card_blocked,17,5,286.8,1,3,0,2,0.106,0,NO_CONTACT,0,0,0.0
2731,193,2026-06-06 18:05:06.781356,199.0,upi,card_blocked,18,5,318.6,1,3,0,2,0.159,0,HUMAN_REVIEW,60,0,0.0
2732,173,2026-06-06 18:56:40.520104,4402.77,net_banking,insufficient_funds,18,5,204.8,5,0,0,1,0.143,0,LINK_NOW,22,0,0.0
2733,594,2026-06-06 19:48:14.258852,4087.76,upi,temporary_network_issue,19,5,29.0,3,1,0,2,0.231,0,LINK_NEXT_MORNING,713,0,0.0
2734,233,2026-06-06 20:39:47.997600,1138.6,debit_card,insufficient_funds,20,5,189.5,4,2,0,0,0.162,1,HUMAN_REVIEW,62,0,0.0
2735,233,2026-06-06 21:31:21.736347,251.39,upi,insufficient_funds,21,5,189.5,4,2,0,1,0.292,1,LINK_NEXT_MORNING,616,1,223.56
2736,459,2026-06-06 22:22:55.475095,1453.81,upi,insufficient_funds,22,5,17.7,3,2,1,0,0.291,0,LINK_NEXT_MORNING,548,1,1349.98
2737,233,2026-06-06 23:14:29.213843,4555.54,debit_card,risk_declined,23,5,189.5,4,2,0,1,0.099,0,LINK_AFTER_2H,145,0,0.0
2738,594,2026-06-07 00:06:02.952591,1185.06,debit_card,card_blocked,0,6,29.0,3,1,0,2,0.098,0,NO_CONTACT,0,0,0.0
2739,594,2026-06-07 00:57:36.691338,16066.4,debit_card,card_blocked,0,6,29.0,3,1,0,2,0.052,0,NO_CONTACT,0,0,0.0
2740,233,2026-06-07 01:49:10.430086,2586.15,credit_card,card_blocked,1,6,189.5,4,2,0,3,0.134,0,LINK_NEXT_MORNING,651,0,0.0
2741,233,2026-06-07 02:40:44.168834,2940.06,wallet,insufficient_funds,2,6,189.5,4,2,0,3,0.251,1,HUMAN_REVIEW,87,0,0.0
2742,233,2026-06-07 03:32:17.907582,1814.17,debit_card,insufficient_funds,3,6,189.5,4,2,0,1,0.324,0,HUMAN_REVIEW,67,1,1669.16
2743,233,2026-06-07 04:23:51.646329,1772.47,debit_card,insufficient_funds,4,6,189.5,4,2,0,0,0.09,0,LINK_AFTER_2H,137,1,1567.57
2744,685,2026-06-07 05:15:25.385077,1857.73,upi,temporary_network_issue,5,6,581.8,1,2,0,4,0.049,0,HUMAN_REVIEW,73,1,1696.41
2745,71,2026-06-07 06:06:59.123825,2415.44,debit_card,bank_limit_exceeded,6,6,98.3,1,1,0,1,0.124,0,LINK_NEXT_MORNING,547,0,0.0
2746,459,2026-06-07 06:58:32.862573,1742.66,credit_card,card_blocked,6,6,17.7,3,2,1,2,0.372,1,NO_CONTACT,0,0,0.0
2747,233,2026-06-07 07:50:06.601320,1262.67,credit_card,insufficient_funds,7,6,189.5,4,2,0,2,0.176,0,NO_CONTACT,0,0,0.0
2748,492,2026-06-07 08:41:40.340068,5606.1,debit_card,insufficient_funds,8,6,3.2,1,1,0,0,0.036,0,LINK_AFTER_2H,121,0,0.0
2749,193,2026-06-07 09:33:14.078816,2173.9,credit_card,card_blocked,9,6,318.6,1,3,0,0,0.242,0,LINK_NEXT_MORNING,610,0,0.0
2750,710,2026-06-07 10:24:47.817564,7897.14,net_banking,card_blocked,10,6,103.4,2,0,0,3,0.251,0,NO_CONTACT,0,0,0.0
2751,193,2026-06-07 11:16:21.556311,2820.08,debit_card,card_blocked,11,6,318.6,1,3,0,2,0.132,0,NO_CONTACT,0,0,0.0
2752,233,2026-06-07 12:07:55.295059,961.79,debit_card,insufficient_funds,12,6,189.5,4,2,0,2,0.221,0,LINK_NEXT_MORNING,705,1,946.15
2753,83,2026-06-07 12:59:29.033807,604.01,debit_card,temporary_network_issue,12,6,208.1,4,0,0,1,0.189,0,HUMAN_REVIEW,88,0,0.0
2754,128,2026-06-07 13:51:02.772555,2430.02,credit_card,temporary_network_issue,13,6,95.2,2,1,1,1,0.208,0,LINK_NEXT_MORNING,619,0,0.0
2755,233,2026-06-07 14:42:36.511302,8739.32,net_banking,risk_declined,14,6,189.5,4,2,0,2,0.11,0,NO_CONTACT,0,0,0.0
2756,412,2026-06-07 15:34:10.250050,15725.41,credit_card,insufficient_funds,15,6,13.3,1,0,1,2,0.158,0,NO_CONTACT,0,0,0.0
2757,193,2026-06-07 16:25:43.988798,23371.74,upi,insufficient_funds,16,6,318.6,1,3,0,2,0.107,0,HUMAN_REVIEW,75,0,0.0
2758,193,2026-06-07 17:17:17.727546,9168.87,credit_card,card_blocked,17,6,318.6,1,3,0,1,0.154,0,HUMAN_REVIEW,61,1,7846.23
2759,772,2026-06-07 18:08:51.466293,20907.54,net_banking,insufficient_funds,18,6,5.7,1,0,0,1,0.011,0,LINK_AFTER_2H,120,1,20195.25
2760,193,2026-06-07 19:00:25.205041,940.45,net_banking,card_blocked,19,6,318.6,1,3,0,1,0.075,0,NO_CONTACT,0,0,0.0
2761,505,2026-06-07 19:51:58.943789,4284.67,debit_card,insufficient_funds,19,6,160.0,2,3,0,0,0.196,0,LINK_NEXT_MORNING,620,0,0.0
2762,642,2026-06-07 20:43:32.682537,989.37,wallet,insufficient_funds,20,6,316.4,3,0,0,2,0.183,0,LINK_AFTER_2H,138,0,0.0
2763,125,2026-06-07 21:35:06.421284,4371.45,debit_card,risk_declined,21,6,176.2,1,4,0,0,0.23,0,HUMAN_REVIEW,115,0,0.0
2764,193,2026-06-07 22:26:40.160032,8286.6,upi,insufficient_funds,22,6,318.6,1,3,0,1,0.286,0,NO_CONTACT,0,0,0.0
2765,222,2026-06-07 23:18:13.898780,1403.75,credit_card,insufficient_funds,23,6,220.2,1,1,0,1,0.064,0,LINK_AFTER_2H,116,0,0.0
2766,276,2026-06-08 00:09:47.637528,4037.05,debit_card,insufficient_funds,0,0,110.9,5,2,0,1,0.002,0,LINK_AFTER_2H,144,1,3326.89
2767,193,2026-06-08 01:01:21.376275,2792.28,credit_card,risk_declined,1,0,318.6,1,3,0,2,0.303,0,LINK_AFTER_2H,94,1,2273.78
2768,279,2026-06-08 01:52:55.115023,3439.54,net_banking,card_blocked,1,0,282.3,3,3,1,1,0.271,0,HUMAN_REVIEW,93,1,3179.46
2769,710,2026-06-08 02:44:28.853771,2071.88,net_banking,bank_limit_exceeded,2,0,103.4,2,0,0,1,0.173,0,LINK_NEXT_MORNING,633,1,2061.55
2770,459,2026-06-08 03:36:02.592519,511.48,debit_card,risk_declined,3,0,17.7,3,2,1,1,0.255,0,HUMAN_REVIEW,78,1,475.14
2771,459,2026-06-08 04:27:36.331266,13991.99,net_banking,risk_declined,4,0,17.7,3,2,1,0,0.133,0,LINK_NOW,18,0,0.0
2772,71,2026-06-08 05:19:10.070014,4280.62,upi,temporary_network_issue,5,0,98.3,1,1,0,1,0.376,0,LINK_AFTER_2H,143,1,3988.3
2773,233,2026-06-08 06:10:43.808762,5312.36,upi,risk_declined,6,0,189.5,4,2,0,1,0.042,0,NO_CONTACT,0,0,0.0
2774,233,2026-06-08 07:02:17.547510,13307.03,credit_card,temporary_network_issue,7,0,189.5,4,2,0,1,0.076,0,HUMAN_REVIEW,52,0,0.0
2775,193,2026-06-08 07:53:51.286257,8312.87,debit_card,risk_declined,7,0,318.6,1,3,0,0,0.311,0,LINK_NOW,24,1,8047.32
2776,665,2026-06-08 08:45:25.025005,398.48,debit_card,risk_declined,8,0,144.3,2,0,1,2,0.138,0,NO_CONTACT,0,1,364.72
2777,314,2026-06-08 09:36:58.763753,10618.99,credit_card,card_blocked,9,0,126.7,3,7,0,1,0.165,0,LINK_NOW,11,1,10573.04
2778,233,2026-06-08 10:28:32.502501,3502.05,debit_card,insufficient_funds,10,0,189.5,4,2,0,1,0.253,0,LINK_NEXT_MORNING,699,0,0.0
2779,233,2026-06-08 11:20:06.241248,2965.56,credit_card,card_blocked,11,0,189.5,4,2,0,1,0.173,0,LINK_NOW,1,0,0.0
2780,710,2026-06-08 12:11:39.979996,4951.01,wallet,temporary_network_issue,12,0,103.4,2,0,0,2,0.288,0,NO_CONTACT,0,1,4059.19
2781,233,2026-06-08 13:03:13.718744,3977.95,upi,temporary_network_issue,13,0,189.5,4,2,0,1,0.163,0,LINK_AFTER_2H,92,0,0.0
2782,193,2026-06-08 13:54:47.457491,1073.96,upi,bank_limit_exceeded,13,0,318.6,1,3,0,0,0.467,1,LINK_NEXT_MORNING,718,0,0.0
2783,716,2026-06-08 14:46:21.196239,572.77,upi,temporary_network_issue,14,0,116.1,1,3,0,1,0.119,0,LINK_NEXT_MORNING,684,0,0.0
2784,661,2026-06-08 15:37:54.934987,199.0,net_banking,insufficient_funds,15,0,124.0,1,1,0,1,0.06,1,NO_CONTACT,0,0,0.0
2785,71,2026-06-08 16:29:28.673735,7197.65,credit_card,card_blocked,16,0,98.3,1,1,0,1,0.048,0,LINK_NEXT_MORNING,707,0,0.0
2786,71,2026-06-08 17:21:02.412482,33596.86,upi,card_blocked,17,0,98.3,1,1,0,0,0.199,0,LINK_NOW,20,0,0.0
2787,710,2026-06-08 18:12:36.151230,1333.17,credit_card,risk_declined,18,0,103.4,2,0,0,0,0.254,0,HUMAN_REVIEW,75,0,0.0
2788,459,2026-06-08 19:04:09.889978,9436.4,credit_card,card_blocked,19,0,17.7,3,2,1,0,0.238,0,NO_CONTACT,0,1,8230.13
2789,233,2026-06-08 19:55:43.628726,868.7,credit_card,insufficient_funds,19,0,189.5,4,2,0,0,0.045,0,LINK_AFTER_2H,134,0,0.0
2790,193,2026-06-08 20:47:17.367473,1370.32,credit_card,insufficient_funds,20,0,318.6,1,3,0,1,0.033,0,LINK_NOW,6,1,1174.47
2791,412,2026-06-08 21:38:51.106221,11334.96,upi,insufficient_funds,21,0,13.3,1,0,1,2,0.064,0,LINK_AFTER_2H,103,0,0.0
2792,233,2026-06-08 22:30:24.844969,996.24,upi,insufficient_funds,22,0,189.5,4,2,0,0,0.486,0,LINK_NOW,5,1,867.64
2793,320,2026-06-08 23:21:58.583717,1559.42,debit_card,risk_declined,23,0,184.3,2,1,0,1,0.26,0,HUMAN_REVIEW,57,1,1534.94
2794,459,2026-06-09 00:13:32.322464,1623.46,credit_card,insufficient_funds,0,1,17.7,3,2,1,3,0.396,0,LINK_AFTER_2H,94,1,1442.41
2795,71,2026-06-09 01:05:06.061212,1883.65,debit_card,insufficient_funds,1,1,98.3,1,1,0,0,0.108,0,LINK_AFTER_2H,134,0,0.0
2796,8,2026-06-09 01:56:39.799960,9017.51,net_banking,risk_declined,1,1,21.7,3,1,0,2,0.063,0,HUMAN_REVIEW,91,0,0.0
2797,459,2026-06-09 02:48:13.538708,599.03,debit_card,temporary_network_issue,2,1,17.7,3,2,1,1,0.126,1,LINK_AFTER_2H,106,0,0.0
2798,83,2026-06-09 03:39:47.277455,1580.32,wallet,insufficient_funds,3,1,208.1,4,0,0,2,0.307,1,NO_CONTACT,0,0,0.0
2799,459,2026-06-09 04:31:21.016203,964.57,credit_card,temporary_network_issue,4,1,17.7,3,2,1,0,0.289,0,LINK_NOW,7,0,0.0
2800,233,2026-06-09 05:22:54.754951,221.34,wallet,insufficient_funds,5,1,189.5,4,2,0,0,0.429,0,LINK_NEXT_MORNING,710,1,219.32
2801,197,2026-06-09 06:14:28.493699,3735.49,credit_card,temporary_network_issue,6,1,156.5,3,0,0,0,0.283,0,LINK_NOW,13,0,0.0
2802,205,2026-06-09 07:06:02.232446,2087.08,debit_card,risk_declined,7,1,181.9,2,1,0,0,0.317,0,LINK_NEXT_MORNING,514,0,0.0
2803,233,2026-06-09 07:57:35.971194,199.0,debit_card,bank_limit_exceeded,7,1,189.5,4,2,0,0,0.251,0,HUMAN_REVIEW,111,0,0.0
2804,71,2026-06-09 08:49:09.709942,4891.83,net_banking,insufficient_funds,8,1,98.3,1,1,0,0,0.167,0,LINK_AFTER_2H,146,1,4796.42
2805,459,2026-06-09 09:40:43.448690,4281.71,credit_card,insufficient_funds,9,1,17.7,3,2,1,3,0.307,0,NO_CONTACT,0,0,0.0
2806,297,2026-06-09 10:32:17.187437,1378.16,upi,card_blocked,10,1,160.5,0,0,0,0,0.136,0,LINK_NEXT_MORNING,692,0,0.0
2807,459,2026-06-09 11:23:50.926185,615.25,credit_card,insufficient_funds,11,1,17.7,3,2,1,3,0.06,0,LINK_AFTER_2H,114,1,610.3
2808,233,2026-06-09 12:15:24.664933,2432.76,net_banking,temporary_network_issue,12,1,189.5,4,2,0,3,0.287,0,NO_CONTACT,0,0,0.0
2809,233,2026-06-09 13:06:58.403681,50000.0,credit_card,insufficient_funds,13,1,189.5,4,2,0,1,0.102,0,LINK_NEXT_MORNING,702,0,0.0
2810,459,2026-06-09 13:58:32.142428,1894.02,debit_card,card_blocked,13,1,17.7,3,2,1,1,0.094,1,LINK_NEXT_MORNING,494,0,0.0
2811,193,2026-06-09 14:50:05.881176,1179.44,credit_card,risk_declined,14,1,318.6,1,3,0,0,0.139,0,LINK_NEXT_MORNING,590,0,0.0
2812,71,2026-06-09 15:41:39.619924,1481.59,wallet,bank_limit_exceeded,15,1,98.3,1,1,0,1,0.133,0,LINK_NEXT_MORNING,626,0,0.0
2813,193,2026-06-09 16:33:13.358672,446.3,credit_card,risk_declined,16,1,318.6,1,3,0,2,0.283,0,LINK_NEXT_MORNING,658,0,0.0
2814,734,2026-06-09 17:24:47.097419,11444.16,debit_card,insufficient_funds,17,1,81.9,3,4,0,4,0.115,0,LINK_NOW,12,0,0.0
2815,452,2026-06-09 18:16:20.836167,708.13,debit_card,card_blocked,18,1,73.0,1,1,1,1,0.135,0,HUMAN_REVIEW,107,1,630.82
2816,233,2026-06-09 19:07:54.574915,445.28,net_banking,temporary_network_issue,19,1,189.5,4,2,0,1,0.226,0,HUMAN_REVIEW,54,0,0.0
2817,233,2026-06-09 19:59:28.313663,1294.89,credit_card,bank_limit_exceeded,19,1,189.5,4,2,0,1,0.292,0,LINK_NOW,18,0,0.0
2818,594,2026-06-09 20:51:02.052410,14163.26,upi,bank_limit_exceeded,20,1,29.0,3,1,0,1,0.31,0,LINK_NOW,22,0,0.0
2819,510,2026-06-09 21:42:35.791158,6239.51,debit_card,bank_limit_exceeded,21,1,12.6,0,7,0,2,0.189,0,LINK_AFTER_2H,108,0,0.0
2820,233,2026-06-09 22:34:09.529906,1759.13,debit_card,risk_declined,22,1,189.5,4,2,0,2,0.417,0,HUMAN_REVIEW,110,0,0.0
2821,83,2026-06-09 23:25:43.268654,1437.39,credit_card,temporary_network_issue,23,1,208.1,4,0,0,1,0.031,0,NO_CONTACT,0,0,0.0
2822,459,2026-06-10 00:17:17.007401,1203.61,debit_card,card_blocked,0,2,17.7,3,2,1,1,0.123,0,LINK_AFTER_2H,148,1,982.79
2823,357,2026-06-10 01:08:50.746149,1226.55,debit_card,bank_limit_exceeded,1,2,149.2,0,0,0,1,0.026,0,NO_CONTACT,0,0,0.0
2824,173,2026-06-10 02:00:24.484897,1787.34,credit_card,temporary_network_issue,2,2,204.8,5,0,0,1,0.158,0,LINK_AFTER_2H,133,0,0.0
2825,459,2026-06-10 02:51:58.223645,8085.96,credit_card,risk_declined,2,2,17.7,3,2,1,2,0.068,0,LINK_AFTER_2H,105,0,0.0
2826,125,2026-06-10 03:43:31.962392,909.67,net_banking,bank_limit_exceeded,3,2,176.2,1,4,0,1,0.427,0,LINK_AFTER_2H,121,0,0.0
2827,756,2026-06-10 04:35:05.701140,27850.07,credit_card,temporary_network_issue,4,2,146.0,0,1,0,0,0.475,0,NO_CONTACT,0,0,0.0
2828,459,2026-06-10 05:26:39.439888,9769.56,credit_card,insufficient_funds,5,2,17.7,3,2,1,0,0.135,0,HUMAN_REVIEW,80,1,8275.32
2829,233,2026-06-10 06:18:13.178636,33845.4,net_banking,insufficient_funds,6,2,189.5,4,2,0,0,0.594,0,LINK_NEXT_MORNING,596,0,0.0
2830,233,2026-06-10 07:09:46.917383,338.37,credit_card,insufficient_funds,7,2,189.5,4,2,0,1,0.352,0,HUMAN_REVIEW,39,0,0.0
2831,193,2026-06-10 08:01:20.656131,1377.46,debit_card,temporary_network_issue,8,2,318.6,1,3,0,0,0.071,0,LINK_NOW,7,0,0.0
2832,190,2026-06-10 08:52:54.394879,3721.77,net_banking,temporary_network_issue,8,2,664.3,2,1,0,1,0.393,0,HUMAN_REVIEW,84,0,0.0
2833,710,2026-06-10 09:44:28.133627,2658.16,debit_card,card_blocked,9,2,103.4,2,0,0,0,0.166,0,LINK_NEXT_MORNING,601,1,2146.96
2834,233,2026-06-10 10:36:01.872374,6576.21,debit_card,temporary_network_issue,10,2,189.5,4,2,0,2,0.476,0,LINK_NOW,16,1,5695.2
2835,478,2026-06-10 11:27:35.611122,4989.28,credit_card,bank_limit_exceeded,11,2,130.2,3,1,0,0,0.134,0,LINK_NOW,29,0,0.0
2836,459,2026-06-10 12:19:09.349870,710.6,debit_card,insufficient_funds,12,2,17.7,3,2,1,1,0.143,0,NO_CONTACT,0,0,0.0
2837,95,2026-06-10 13:10:43.088618,1088.6,wallet,risk_declined,13,2,51.0,1,0,2,4,0.432,0,LINK_NOW,12,0,0.0
2838,193,2026-06-10 14:02:16.827365,2232.53,debit_card,insufficient_funds,14,2,318.6,1,3,0,3,0.057,0,HUMAN_REVIEW,95,0,0.0
2839,193,2026-06-10 14:53:50.566113,391.22,net_banking,card_blocked,14,2,318.6,1,3,0,1,0.231,0,NO_CONTACT,0,1,357.24
2840,255,2026-06-10 15:45:24.304861,1600.57,net_banking,card_blocked,15,2,78.0,3,0,0,4,0.125,0,HUMAN_REVIEW,54,1,1418.38
2841,193,2026-06-10 16:36:58.043609,4392.53,upi,risk_declined,16,2,318.6,1,3,0,0,0.119,0,LINK_AFTER_2H,147,0,0.0
2842,643,2026-06-10 17:28:31.782356,12153.72,net_banking,temporary_network_issue,17,2,11.2,3,2,1,2,0.214,0,LINK_NEXT_MORNING,570,0,0.0
2843,193,2026-06-10 18:20:05.521104,3583.68,credit_card,insufficient_funds,18,2,318.6,1,3,0,1,0.074,0,LINK_NEXT_MORNING,543,0,0.0
2844,367,2026-06-10 19:11:39.259852,199.0,debit_card,temporary_network_issue,19,2,160.1,4,3,1,2,0.376,0,LINK_NEXT_MORNING,651,1,159.32
2845,459,2026-06-10 20:03:12.998600,2534.69,upi,insufficient_funds,20,2,17.7,3,2,1,1,0.162,0,LINK_AFTER_2H,113,1,2256.9
2846,659,2026-06-10 20:54:46.737347,9323.22,debit_card,temporary_network_issue,20,2,209.6,2,2,1,0,0.412,0,LINK_AFTER_2H,139,0,0.0
2847,91,2026-06-10 21:46:20.476095,334.65,credit_card,temporary_network_issue,21,2,286.8,1,3,0,1,0.105,0,HUMAN_REVIEW,80,0,0.0
2848,71,2026-06-10 22:37:54.214843,2119.04,debit_card,card_blocked,22,2,98.3,1,1,0,0,0.453,0,LINK_NEXT_MORNING,542,0,0.0
2849,233,2026-06-10 23:29:27.953591,9103.67,debit_card,risk_declined,23,2,189.5,4,2,0,2,0.21,0,LINK_NEXT_MORNING,631,1,8016.56
2850,193,2026-06-11 00:21:01.692338,2275.52,upi,bank_limit_exceeded,0,3,318.6,1,3,0,1,0.412,0,LINK_AFTER_2H,137,0,0.0
2851,233,2026-06-11 01:12:35.431086,1810.96,net_banking,temporary_network_issue,1,3,189.5,4,2,0,2,0.069,0,LINK_NOW,19,0,0.0
2852,71,2026-06-11 02:04:09.169834,12311.92,net_banking,insufficient_funds,2,3,98.3,1,1,0,0,0.355,0,NO_CONTACT,0,0,0.0
2853,494,2026-06-11 02:55:42.908582,2280.86,debit_card,risk_declined,2,3,50.5,1,3,0,1,0.102,0,HUMAN_REVIEW,61,0,0.0
2854,172,2026-06-11 03:47:16.647329,2206.26,credit_card,temporary_network_issue,3,3,176.1,3,0,0,1,0.265,0,LINK_NEXT_MORNING,641,0,0.0
2855,158,2026-06-11 04:38:50.386077,2066.46,credit_card,temporary_network_issue,4,3,179.9,1,1,0,0,0.326,0,HUMAN_REVIEW,81,0,0.0
2856,222,2026-06-11 05:30:24.124825,10478.38,debit_card,temporary_network_issue,5,3,220.2,1,1,0,1,0.131,0,LINK_NEXT_MORNING,517,1,10397.91
2857,71,2026-06-11 06:21:57.863573,2611.52,credit_card,card_blocked,6,3,98.3,1,1,0,1,0.188,0,NO_CONTACT,0,0,0.0
2858,459,2026-06-11 07:13:31.602320,2013.79,credit_card,risk_declined,7,3,17.7,3,2,1,3,0.144,0,LINK_AFTER_2H,103,0,0.0
2859,233,2026-06-11 08:05:05.341068,1765.95,debit_card,bank_limit_exceeded,8,3,189.5,4,2,0,0,0.238,0,NO_CONTACT,0,0,0.0
2860,233,2026-06-11 08:56:39.079816,239.19,net_banking,bank_limit_exceeded,8,3,189.5,4,2,0,0,0.254,0,HUMAN_REVIEW,53,0,0.0
2861,710,2026-06-11 09:48:12.818564,4494.86,credit_card,risk_declined,9,3,103.4,2,0,0,0,0.111,0,NO_CONTACT,0,0,0.0
2862,257,2026-06-11 10:39:46.557311,2440.89,debit_card,risk_declined,10,3,335.3,2,0,0,0,0.276,0,LINK_NEXT_MORNING,706,1,2006.77
2863,459,2026-06-11 11:31:20.296059,3197.73,upi,insufficient_funds,11,3,17.7,3,2,1,2,0.266,0,LINK_NEXT_MORNING,596,0,0.0
2864,71,2026-06-11 12:22:54.034807,906.46,debit_card,risk_declined,12,3,98.3,1,1,0,1,0.085,1,LINK_NEXT_MORNING,690,0,0.0
2865,521,2026-06-11 13:14:27.773555,612.4,debit_card,insufficient_funds,13,3,249.5,2,2,1,3,0.136,0,HUMAN_REVIEW,101,1,580.12
2866,193,2026-06-11 14:06:01.512302,1111.75,upi,card_blocked,14,3,318.6,1,3,0,2,0.31,0,LINK_NEXT_MORNING,487,0,0.0
2867,459,2026-06-11 14:57:35.251050,266.77,net_banking,insufficient_funds,14,3,17.7,3,2,1,3,0.109,0,LINK_NOW,5,0,0.0
2868,459,2026-06-11 15:49:08.989798,1161.52,upi,temporary_network_issue,15,3,17.7,3,2,1,2,0.261,0,LINK_NOW,9,1,1030.76
2869,127,2026-06-11 16:40:42.728546,50000.0,debit_card,insufficient_funds,16,3,759.6,0,1,0,2,0.317,0,NO_CONTACT,0,0,0.0
2870,233,2026-06-11 17:32:16.467293,4706.74,wallet,temporary_network_issue,17,3,189.5,4,2,0,2,0.247,0,HUMAN_REVIEW,104,1,4587.16
2871,439,2026-06-11 18:23:50.206041,3161.93,credit_card,temporary_network_issue,18,3,102.5,2,1,0,4,0.115,0,NO_CONTACT,0,0,0.0
2872,594,2026-06-11 19:15:23.944789,712.01,wallet,insufficient_funds,19,3,29.0,3,1,0,0,0.204,0,LINK_AFTER_2H,138,0,0.0
2873,747,2026-06-11 20:06:57.683537,822.88,upi,risk_declined,20,3,19.4,2,2,1,3,0.134,1,LINK_NEXT_MORNING,650,0,0.0
2874,91,2026-06-11 20:58:31.422284,1888.86,net_banking,risk_declined,20,3,286.8,1,3,0,0,0.13,0,LINK_AFTER_2H,140,0,0.0
2875,314,2026-06-11 21:50:05.161032,199.0,net_banking,risk_declined,21,3,126.7,3,7,0,3,0.111,0,LINK_NEXT_MORNING,534,0,0.0
2876,357,2026-06-11 22:41:38.899780,3266.65,upi,risk_declined,22,3,149.2,0,0,0,0,0.139,0,LINK_NEXT_MORNING,684,0,0.0
2877,233,2026-06-11 23:33:12.638528,1330.77,debit_card,risk_declined,23,3,189.5,4,2,0,3,0.159,0,LINK_NOW,26,0,0.0
2878,193,2026-06-12 00:24:46.377275,50000.0,debit_card,bank_limit_exceeded,0,4,318.6,1,3,0,1,0.205,0,NO_CONTACT,0,0,0.0
2879,594,2026-06-12 01:16:20.116023,14054.49,upi,temporary_network_issue,1,4,29.0,3,1,0,5,0.22,0,HUMAN_REVIEW,53,0,0.0
2880,594,2026-06-12 02:07:53.854771,5521.88,credit_card,temporary_network_issue,2,4,29.0,3,1,0,1,0.119,0,LINK_AFTER_2H,117,1,4497.67
2881,468,2026-06-12 02:59:27.593519,1396.3,upi,risk_declined,2,4,205.8,6,1,1,1,0.399,0,NO_CONTACT,0,0,0.0
2882,193,2026-06-12 03:51:01.332266,18437.83,net_banking,insufficient_funds,3,4,318.6,1,3,0,1,0.384,0,LINK_NEXT_MORNING,546,0,0.0
2883,757,2026-06-12 04:42:35.071014,656.09,upi,insufficient_funds,4,4,53.7,2,1,0,0,0.444,0,LINK_NOW,5,0,0.0
2884,83,2026-06-12 05:34:08.809762,5727.75,credit_card,card_blocked,5,4,208.1,4,0,0,0,0.534,0,NO_CONTACT,0,0,0.0
2885,289,2026-06-12 06:25:42.548510,1264.87,credit_card,insufficient_funds,6,4,87.1,2,0,1,2,0.516,0,LINK_NOW,1,0,0.0
2886,233,2026-06-12 07:17:16.287257,4411.64,upi,temporary_network_issue,7,4,189.5,4,2,0,0,0.1,0,LINK_NOW,0,1,4048.12
2887,233,2026-06-12 08:08:50.026005,1908.92,credit_card,insufficient_funds,8,4,189.5,4,2,0,2,0.261,0,HUMAN_REVIEW,45,1,1582.13
2888,193,2026-06-12 09:00:23.764753,630.41,net_banking,risk_declined,9,4,318.6,1,3,0,0,0.106,0,LINK_NOW,24,1,542.62
2889,596,2026-06-12 09:51:57.503501,2097.56,upi,bank_limit_exceeded,9,4,7.4,2,2,0,1,0.107,0,LINK_NEXT_MORNING,541,0,0.0
2890,233,2026-06-12 10:43:31.242248,9021.06,credit_card,insufficient_funds,10,4,189.5,4,2,0,0,0.254,0,LINK_NEXT_MORNING,698,0,0.0
2891,459,2026-06-12 11:35:04.980996,31057.52,net_banking,insufficient_funds,11,4,17.7,3,2,1,1,0.057,0,NO_CONTACT,0,1,26494.0
2892,710,2026-06-12 12:26:38.719744,11278.54,credit_card,insufficient_funds,12,4,103.4,2,0,0,1,0.194,0,NO_CONTACT,0,0,0.0
2893,710,2026-06-12 13:18:12.458492,1726.43,debit_card,card_blocked,13,4,103.4,2,0,0,1,0.237,0,NO_CONTACT,0,0,0.0
2894,233,2026-06-12 14:09:46.197239,698.96,debit_card,temporary_network_issue,14,4,189.5,4,2,0,1,0.324,0,LINK_AFTER_2H,130,1,572.73
2895,710,2026-06-12 15:01:19.935987,1897.49,net_banking,temporary_network_issue,15,4,103.4,2,0,0,0,0.257,0,HUMAN_REVIEW,114,0,0.0
2896,58,2026-06-12 15:52:53.674735,48327.66,upi,insufficient_funds,15,4,17.4,3,0,1,0,0.123,0,NO_CONTACT,0,0,0.0
2897,91,2026-06-12 16:44:27.413483,522.06,credit_card,temporary_network_issue,16,4,286.8,1,3,0,2,0.033,0,LINK_NOW,0,0,0.0
2898,233,2026-06-12 17:36:01.152230,2417.3,debit_card,insufficient_funds,17,4,189.5,4,2,0,1,0.34,0,HUMAN_REVIEW,47,1,2005.07
2899,459,2026-06-12 18:27:34.890978,735.1,debit_card,card_blocked,18,4,17.7,3,2,1,2,0.067,0,HUMAN_REVIEW,109,0,0.0
2900,193,2026-06-12 19:19:08.629726,199.0,debit_card,insufficient_funds,19,4,318.6,1,3,0,2,0.215,0,LINK_NEXT_MORNING,645,0,0.0
2901,459,2026-06-12 20:10:42.368474,31784.58,debit_card,card_blocked,20,4,17.7,3,2,1,0,0.049,0,LINK_AFTER_2H,107,1,27643.04
2902,538,2026-06-12 21:02:16.107221,2785.24,upi,temporary_network_issue,21,4,184.0,2,1,1,0,0.147,1,LINK_NEXT_MORNING,493,1,2264.85
2903,413,2026-06-12 21:53:49.845969,4970.95,wallet,insufficient_funds,21,4,179.7,1,1,0,1,0.151,0,LINK_AFTER_2H,138,1,4917.11
2904,528,2026-06-12 22:45:23.584717,2844.56,credit_card,insufficient_funds,22,4,25.9,3,2,0,1,0.333,0,HUMAN_REVIEW,55,0,0.0
2905,747,2026-06-12 23:36:57.323465,6867.78,net_banking,card_blocked,23,4,19.4,2,2,1,0,0.106,0,LINK_AFTER_2H,95,1,6055.07
2906,173,2026-06-13 00:28:31.062212,8613.3,net_banking,temporary_network_issue,0,5,204.8,5,0,0,0,0.183,0,HUMAN_REVIEW,40,0,0.0
2907,233,2026-06-13 01:20:04.800960,895.91,wallet,risk_declined,1,5,189.5,4,2,0,0,0.332,0,LINK_NEXT_MORNING,481,0,0.0
2908,233,2026-06-13 02:11:38.539708,30080.65,credit_card,insufficient_funds,2,5,189.5,4,2,0,0,0.138,0,LINK_AFTER_2H,114,1,27430.05
2909,193,2026-06-13 03:03:12.278456,15890.29,upi,insufficient_funds,3,5,318.6,1,3,0,2,0.469,0,LINK_NEXT_MORNING,674,0,0.0
2910,233,2026-06-13 03:54:46.017203,4654.0,upi,insufficient_funds,3,5,189.5,4,2,0,0,0.232,0,LINK_NOW,25,1,4210.07
2911,195,2026-06-13 04:46:19.755951,805.18,upi,insufficient_funds,4,5,107.2,3,1,1,2,0.068,0,LINK_AFTER_2H,129,1,670.52
2912,459,2026-06-13 05:37:53.494699,797.9,net_banking,insufficient_funds,5,5,17.7,3,2,1,1,0.097,0,LINK_NEXT_MORNING,637,1,698.8
2913,235,2026-06-13 06:29:27.233447,489.82,debit_card,insufficient_funds,6,5,42.6,2,5,0,1,0.333,0,LINK_AFTER_2H,98,0,0.0
2914,193,2026-06-13 07:21:00.972194,2503.29,net_banking,temporary_network_issue,7,5,318.6,1,3,0,1,0.124,0,LINK_NEXT_MORNING,637,0,0.0
2915,71,2026-06-13 08:12:34.710942,8441.93,debit_card,card_blocked,8,5,98.3,1,1,0,1,0.07,0,LINK_NEXT_MORNING,713,0,0.0
2916,125,2026-06-13 09:04:08.449690,4355.37,debit_card,risk_declined,9,5,176.2,1,4,0,2,0.204,0,HUMAN_REVIEW,50,1,3955.09
2917,459,2026-06-13 09:55:42.188438,1409.95,debit_card,temporary_network_issue,9,5,17.7,3,2,1,3,0.376,0,LINK_AFTER_2H,111,1,1186.36
2918,459,2026-06-13 10:47:15.927185,526.6,debit_card,temporary_network_issue,10,5,17.7,3,2,1,1,0.062,0,HUMAN_REVIEW,74,0,0.0
2919,459,2026-06-13 11:38:49.665933,11786.4,debit_card,risk_declined,11,5,17.7,3,2,1,1,0.073,0,HUMAN_REVIEW,41,0,0.0
2920,243,2026-06-13 12:30:23.404681,1107.21,credit_card,temporary_network_issue,12,5,93.6,4,1,0,1,0.326,0,NO_CONTACT,0,0,0.0
2921,710,2026-06-13 13:21:57.143429,320.9,debit_card,risk_declined,13,5,103.4,2,0,0,0,0.026,0,LINK_NEXT_MORNING,521,0,0.0
2922,314,2026-06-13 14:13:30.882176,3490.63,debit_card,bank_limit_exceeded,14,5,126.7,3,7,0,0,0.164,0,LINK_NEXT_MORNING,603,1,3406.29
2923,233,2026-06-13 15:05:04.620924,1688.15,credit_card,risk_declined,15,5,189.5,4,2,0,1,0.267,0,LINK_AFTER_2H,142,0,0.0
2924,747,2026-06-13 15:56:38.359672,6569.02,upi,temporary_network_issue,15,5,19.4,2,2,1,3,0.206,0,LINK_NOW,29,0,0.0
2925,222,2026-06-13 16:48:12.098420,1299.65,debit_card,temporary_network_issue,16,5,220.2,1,1,0,2,0.138,0,NO_CONTACT,0,0,0.0
2926,307,2026-06-13 17:39:45.837167,2784.34,upi,card_blocked,17,5,174.5,0,0,0,2,0.143,0,LINK_NEXT_MORNING,525,0,0.0
2927,233,2026-06-13 18:31:19.575915,2645.03,credit_card,insufficient_funds,18,5,189.5,4,2,0,0,0.084,0,LINK_NOW,5,0,0.0
2928,193,2026-06-13 19:22:53.314663,1792.79,upi,risk_declined,19,5,318.6,1,3,0,2,0.253,0,LINK_AFTER_2H,116,0,0.0
2929,58,2026-06-13 20:14:27.053411,1033.03,wallet,temporary_network_issue,20,5,17.4,3,0,1,1,0.093,0,NO_CONTACT,0,0,0.0
2930,459,2026-06-13 21:06:00.792158,8233.52,debit_card,risk_declined,21,5,17.7,3,2,1,1,0.046,0,NO_CONTACT,0,0,0.0
2931,710,2026-06-13 21:57:34.530906,3773.81,debit_card,insufficient_funds,21,5,103.4,2,0,0,1,0.169,0,LINK_NEXT_MORNING,705,0,0.0
2932,71,2026-06-13 22:49:08.269654,2680.06,net_banking,insufficient_funds,22,5,98.3,1,1,0,1,0.344,0,NO_CONTACT,0,0,0.0
2933,594,2026-06-13 23:40:42.008402,2339.69,net_banking,card_blocked,23,5,29.0,3,1,0,1,0.2,0,NO_CONTACT,0,1,2083.89
2934,233,2026-06-14 00:32:15.747149,2369.82,credit_card,temporary_network_issue,0,6,189.5,4,2,0,2,0.185,0,LINK_AFTER_2H,104,1,2339.73
2935,193,2026-06-14 01:23:49.485897,1013.37,upi,insufficient_funds,1,6,318.6,1,3,0,2,0.347,0,LINK_NEXT_MORNING,539,0,0.0
2936,193,2026-06-14 02:15:23.224645,842.04,debit_card,temporary_network_issue,2,6,318.6,1,3,0,1,0.27,0,NO_CONTACT,0,0,0.0
2937,163,2026-06-14 03:06:56.963393,2904.54,upi,insufficient_funds,3,6,62.9,2,1,1,1,0.269,0,LINK_AFTER_2H,146,0,0.0
2938,759,2026-06-14 03:58:30.702140,4621.12,debit_card,card_blocked,3,6,183.8,3,1,0,1,0.449,1,LINK_NEXT_MORNING,534,0,0.0
2939,193,2026-06-14 04:50:04.440888,4649.72,debit_card,temporary_network_issue,4,6,318.6,1,3,0,0,0.23,0,LINK_NEXT_MORNING,533,0,0.0
2940,71,2026-06-14 05:41:38.179636,8534.66,credit_card,insufficient_funds,5,6,98.3,1,1,0,1,0.092,0,HUMAN_REVIEW,59,1,7260.98
2941,173,2026-06-14 06:33:11.918384,6613.82,debit_card,temporary_network_issue,6,6,204.8,5,0,0,1,0.07,0,NO_CONTACT,0,0,0.0
2942,459,2026-06-14 07:24:45.657131,1527.07,wallet,insufficient_funds,7,6,17.7,3,2,1,2,0.135,0,HUMAN_REVIEW,108,0,0.0
2943,747,2026-06-14 08:16:19.395879,50000.0,net_banking,card_blocked,8,6,19.4,2,2,1,0,0.281,0,HUMAN_REVIEW,88,1,44605.21
2944,193,2026-06-14 09:07:53.134627,20264.96,upi,insufficient_funds,9,6,318.6,1,3,0,0,0.105,0,HUMAN_REVIEW,65,1,18359.34
2945,594,2026-06-14 09:59:26.873375,779.32,wallet,risk_declined,9,6,29.0,3,1,0,2,0.191,0,HUMAN_REVIEW,87,0,0.0
2946,710,2026-06-14 10:51:00.612122,3507.19,credit_card,insufficient_funds,10,6,103.4,2,0,0,1,0.308,0,NO_CONTACT,0,0,0.0
2947,459,2026-06-14 11:42:34.350870,1026.37,credit_card,temporary_network_issue,11,6,17.7,3,2,1,1,0.13,0,HUMAN_REVIEW,86,0,0.0
2948,483,2026-06-14 12:34:08.089618,964.83,upi,card_blocked,12,6,143.5,1,4,0,1,0.22,0,LINK_NEXT_MORNING,586,0,0.0
2949,193,2026-06-14 13:25:41.828366,1752.61,net_banking,insufficient_funds,13,6,318.6,1,3,0,1,0.217,0,NO_CONTACT,0,0,0.0
2950,728,2026-06-14 14:17:15.567113,10720.89,net_banking,insufficient_funds,14,6,180.4,0,3,1,2,0.047,0,LINK_NEXT_MORNING,572,1,9426.86
2951,459,2026-06-14 15:08:49.305861,656.43,debit_card,insufficient_funds,15,6,17.7,3,2,1,0,0.062,0,LINK_NEXT_MORNING,614,0,0.0
2952,594,2026-06-14 16:00:23.044609,42274.64,upi,insufficient_funds,16,6,29.0,3,1,0,0,0.17,0,LINK_NEXT_MORNING,686,1,39887.98
2953,594,2026-06-14 16:51:56.783357,5161.71,debit_card,temporary_network_issue,16,6,29.0,3,1,0,1,0.156,0,HUMAN_REVIEW,81,1,5035.01
2954,173,2026-06-14 17:43:30.522104,523.58,upi,card_blocked,17,6,204.8,5,0,0,1,0.474,0,LINK_NEXT_MORNING,530,0,0.0
2955,233,2026-06-14 18:35:04.260852,5186.25,wallet,insufficient_funds,18,6,189.5,4,2,0,2,0.06,0,NO_CONTACT,0,0,0.0
2956,83,2026-06-14 19:26:37.999600,1350.77,net_banking,temporary_network_issue,19,6,208.1,4,0,0,1,0.087,0,LINK_NOW,28,0,0.0
2957,747,2026-06-14 20:18:11.738348,1289.45,debit_card,bank_limit_exceeded,20,6,19.4,2,2,1,2,0.198,0,LINK_AFTER_2H,103,0,0.0
2958,71,2026-06-14 21:09:45.477095,8434.38,debit_card,risk_declined,21,6,98.3,1,1,0,0,0.091,0,LINK_AFTER_2H,99,0,0.0
2959,459,2026-06-14 22:01:19.215843,2673.73,credit_card,insufficient_funds,22,6,17.7,3,2,1,4,0.158,0,LINK_NEXT_MORNING,631,0,0.0
2960,193,2026-06-14 22:52:52.954591,1713.41,net_banking,insufficient_funds,22,6,318.6,1,3,0,1,0.108,0,NO_CONTACT,0,0,0.0
2961,459,2026-06-14 23:44:26.693339,3503.71,credit_card,temporary_network_issue,23,6,17.7,3,2,1,1,0.148,0,LINK_AFTER_2H,127,1,3201.09
2962,193,2026-06-15 00:36:00.432086,594.09,wallet,insufficient_funds,0,0,318.6,1,3,0,0,0.518,1,LINK_NOW,1,0,0.0
2963,233,2026-06-15 01:27:34.170834,2604.19,net_banking,insufficient_funds,1,0,189.5,4,2,0,3,0.091,0,LINK_NOW,6,1,2402.03
2964,233,2026-06-15 02:19:07.909582,23647.51,wallet,insufficient_funds,2,0,189.5,4,2,0,1,0.048,1,LINK_NEXT_MORNING,599,0,0.0
2965,233,2026-06-15 03:10:41.648330,269.81,debit_card,insufficient_funds,3,0,189.5,4,2,0,2,0.412,0,NO_CONTACT,0,0,0.0
2966,459,2026-06-15 04:02:15.387077,3705.59,upi,temporary_network_issue,4,0,17.7,3,2,1,2,0.146,0,HUMAN_REVIEW,64,0,0.0
2967,72,2026-06-15 04:53:49.125825,3510.22,net_banking,temporary_network_issue,4,0,125.2,3,1,0,0,0.232,0,LINK_NEXT_MORNING,699,0,0.0
2968,135,2026-06-15 05:45:22.864573,2096.0,upi,insufficient_funds,5,0,48.6,1,1,0,2,0.052,0,LINK_AFTER_2H,129,0,0.0
2969,521,2026-06-15 06:36:56.603321,199.0,credit_card,temporary_network_issue,6,0,249.5,2,2,1,2,0.209,0,LINK_AFTER_2H,139,1,179.18
2970,459,2026-06-15 07:28:30.342068,1395.72,debit_card,temporary_network_issue,7,0,17.7,3,2,1,0,0.443,0,LINK_NEXT_MORNING,633,0,0.0
2971,233,2026-06-15 08:20:04.080816,5165.61,net_banking,card_blocked,8,0,189.5,4,2,0,3,0.076,0,LINK_NEXT_MORNING,575,1,4800.35
2972,91,2026-06-15 09:11:37.819564,15437.16,debit_card,bank_limit_exceeded,9,0,286.8,1,3,0,0,0.072,0,HUMAN_REVIEW,44,1,13407.7
2973,202,2026-06-15 10:03:11.558312,1256.64,debit_card,bank_limit_exceeded,10,0,353.0,0,2,0,2,0.136,0,LINK_NOW,10,0,0.0
2974,594,2026-06-15 10:54:45.297059,574.48,upi,temporary_network_issue,10,0,29.0,3,1,0,2,0.411,0,HUMAN_REVIEW,115,0,0.0
2975,800,2026-06-15 11:46:19.035807,5112.89,credit_card,risk_declined,11,0,151.5,3,1,0,0,0.106,1,HUMAN_REVIEW,116,0,0.0
2976,732,2026-06-15 12:37:52.774555,5855.13,credit_card,insufficient_funds,12,0,138.6,1,3,0,2,0.163,0,HUMAN_REVIEW,39,0,0.0
2977,83,2026-06-15 13:29:26.513303,1289.43,debit_card,temporary_network_issue,13,0,208.1,4,0,0,1,0.075,0,NO_CONTACT,0,1,1225.97
2978,594,2026-06-15 14:21:00.252050,6355.01,upi,card_blocked,14,0,29.0,3,1,0,1,0.07,1,NO_CONTACT,0,0,0.0
2979,428,2026-06-15 15:12:33.990798,798.95,net_banking,temporary_network_issue,15,0,122.4,1,2,2,1,0.203,0,LINK_NEXT_MORNING,696,1,768.11
2980,257,2026-06-15 16:04:07.729546,2840.06,debit_card,insufficient_funds,16,0,335.3,2,0,0,0,0.19,0,HUMAN_REVIEW,56,1,2523.21
2981,233,2026-06-15 16:55:41.468294,3355.54,debit_card,insufficient_funds,16,0,189.5,4,2,0,0,0.111,0,NO_CONTACT,0,0,0.0
2982,233,2026-06-15 17:47:15.207041,778.7,upi,temporary_network_issue,17,0,189.5,4,2,0,2,0.226,0,LINK_NEXT_MORNING,633,0,0.0
2983,710,2026-06-15 18:38:48.945789,2534.31,credit_card,card_blocked,18,0,103.4,2,0,0,0,0.119,0,NO_CONTACT,0,0,0.0
2984,459,2026-06-15 19:30:22.684537,1860.15,credit_card,bank_limit_exceeded,19,0,17.7,3,2,1,2,0.156,0,HUMAN_REVIEW,47,1,1497.37
2985,637,2026-06-15 20:21:56.423285,442.55,credit_card,insufficient_funds,20,0,26.0,3,2,0,0,0.111,0,LINK_NEXT_MORNING,672,1,372.99
2986,193,2026-06-15 21:13:30.162032,1100.32,debit_card,bank_limit_exceeded,21,0,318.6,1,3,0,0,0.066,0,LINK_NOW,1,1,917.02
2987,83,2026-06-15 22:05:03.900780,2502.87,net_banking,insufficient_funds,22,0,208.1,4,0,0,3,0.208,0,NO_CONTACT,0,0,0.0
2988,233,2026-06-15 22:56:37.639528,4382.34,net_banking,bank_limit_exceeded,22,0,189.5,4,2,0,2,0.097,0,LINK_AFTER_2H,121,1,4142.81
2989,257,2026-06-15 23:48:11.378276,1696.78,net_banking,risk_declined,23,0,335.3,2,0,0,1,0.2,0,LINK_AFTER_2H,126,0,0.0
2990,83,2026-06-16 00:39:45.117023,5774.1,credit_card,insufficient_funds,0,1,208.1,4,0,0,1,0.124,0,LINK_AFTER_2H,120,1,5698.27
2991,459,2026-06-16 01:31:18.855771,7943.49,debit_card,insufficient_funds,1,1,17.7,3,2,1,0,0.066,0,HUMAN_REVIEW,105,0,0.0
2992,594,2026-06-16 02:22:52.594519,2444.28,credit_card,insufficient_funds,2,1,29.0,3,1,0,3,0.273,0,HUMAN_REVIEW,106,0,0.0
2993,233,2026-06-16 03:14:26.333267,32874.89,credit_card,bank_limit_exceeded,3,1,189.5,4,2,0,1,0.226,1,LINK_AFTER_2H,137,0,0.0
2994,193,2026-06-16 04:06:00.072014,7854.51,credit_card,temporary_network_issue,4,1,318.6,1,3,0,1,0.252,0,NO_CONTACT,0,0,0.0
2995,71,2026-06-16 04:57:33.810762,3014.21,net_banking,card_blocked,4,1,98.3,1,1,0,0,0.158,0,LINK_AFTER_2H,148,1,2747.51
2996,233,2026-06-16 05:49:07.549510,1071.36,debit_card,insufficient_funds,5,1,189.5,4,2,0,1,0.177,0,LINK_NEXT_MORNING,542,0,0.0
2997,125,2026-06-16 06:40:41.288258,5989.13,upi,bank_limit_exceeded,6,1,176.2,1,4,0,1,0.437,0,LINK_AFTER_2H,118,0,0.0
2998,233,2026-06-16 07:32:15.027005,1720.11,debit_card,insufficient_funds,7,1,189.5,4,2,0,1,0.332,1,NO_CONTACT,0,0,0.0
2999,391,2026-06-16 08:23:48.765753,1220.01,credit_card,insufficient_funds,8,1,60.9,1,2,0,1,0.151,0,LINK_NOW,26,0,0.0
3000,233,2026-06-16 09:15:22.504501,638.88,debit_card,insufficient_funds,9,1,189.5,4,2,0,0,0.252,0,LINK_NEXT_MORNING,610,0,0.0
3001,71,2026-06-16 10:06:56.243249,1532.16,net_banking,temporary_network_issue,10,1,98.3,1,1,0,1,0.068,0,LINK_NEXT_MORNING,547,1,1494.26
3002,233,2026-06-16 10:58:29.981996,484.02,upi,insufficient_funds,10,1,189.5,4,2,0,0,0.076,0,LINK_NEXT_MORNING,623,0,0.0
3003,193,2026-06-16 11:50:03.720744,18003.07,upi,temporary_network_issue,11,1,318.6,1,3,0,0,0.289,0,LINK_NOW,9,0,0.0
3004,233,2026-06-16 12:41:37.459492,2938.74,debit_card,insufficient_funds,12,1,189.5,4,2,0,1,0.282,0,NO_CONTACT,0,1,2562.05
3005,91,2026-06-16 13:33:11.198240,883.04,net_banking,temporary_network_issue,13,1,286.8,1,3,0,1,0.074,0,LINK_NOW,13,1,741.47
3006,193,2026-06-16 14:24:44.936987,3142.31,debit_card,temporary_network_issue,14,1,318.6,1,3,0,0,0.203,0,HUMAN_REVIEW,80,0,0.0
3007,594,2026-06-16 15:16:18.675735,2859.76,net_banking,insufficient_funds,15,1,29.0,3,1,0,0,0.075,0,LINK_AFTER_2H,126,0,0.0
3008,382,2026-06-16 16:07:52.414483,21379.31,upi,insufficient_funds,16,1,382.0,1,2,0,1,0.208,0,LINK_NOW,18,1,21112.02
3009,459,2026-06-16 16:59:26.153231,8305.51,net_banking,card_blocked,16,1,17.7,3,2,1,0,0.057,0,NO_CONTACT,0,0,0.0
3010,58,2026-06-16 17:50:59.891978,946.93,debit_card,insufficient_funds,17,1,17.4,3,0,1,2,0.194,0,LINK_AFTER_2H,132,0,0.0
3011,233,2026-06-16 18:42:33.630726,823.79,net_banking,insufficient_funds,18,1,189.5,4,2,0,1,0.006,0,LINK_AFTER_2H,138,1,686.78
3012,193,2026-06-16 19:34:07.369474,8636.31,upi,card_blocked,19,1,318.6,1,3,0,1,0.083,0,HUMAN_REVIEW,97,0,0.0
3013,1,2026-06-16 20:25:41.108222,1894.86,credit_card,insufficient_funds,20,1,414.1,1,0,0,0,0.21,0,HUMAN_REVIEW,91,1,1700.76
3014,703,2026-06-16 21:17:14.846969,397.87,debit_card,temporary_network_issue,21,1,331.3,1,2,0,0,0.469,0,HUMAN_REVIEW,91,1,346.65
3015,71,2026-06-16 22:08:48.585717,1583.95,debit_card,insufficient_funds,22,1,98.3,1,1,0,1,0.278,0,LINK_AFTER_2H,121,0,0.0
3016,193,2026-06-16 23:00:22.324465,2058.34,credit_card,insufficient_funds,23,1,318.6,1,3,0,0,0.053,0,LINK_NEXT_MORNING,570,0,0.0
3017,58,2026-06-16 23:51:56.063213,6277.98,debit_card,risk_declined,23,1,17.4,3,0,1,0,0.167,0,HUMAN_REVIEW,52,1,6195.59
3018,71,2026-06-17 00:43:29.801960,2778.37,debit_card,insufficient_funds,0,2,98.3,1,1,0,1,0.083,0,NO_CONTACT,0,0,0.0
3019,193,2026-06-17 01:35:03.540708,941.87,credit_card,temporary_network_issue,1,2,318.6,1,3,0,0,0.181,0,LINK_AFTER_2H,108,0,0.0
3020,160,2026-06-17 02:26:37.279456,4328.3,debit_card,card_blocked,2,2,94.2,2,2,0,0,0.192,0,LINK_AFTER_2H,123,0,0.0
3021,25,2026-06-17 03:18:11.018204,2911.55,net_banking,insufficient_funds,3,2,286.8,6,1,0,0,0.208,1,LINK_AFTER_2H,100,1,2473.23
3022,710,2026-06-17 04:09:44.756951,199.0,credit_card,temporary_network_issue,4,2,103.4,2,0,0,0,0.215,0,LINK_AFTER_2H,108,0,0.0
3023,594,2026-06-17 05:01:18.495699,4583.11,wallet,bank_limit_exceeded,5,2,29.0,3,1,0,1,0.072,1,LINK_NEXT_MORNING,502,1,3923.03
3024,193,2026-06-17 05:52:52.234447,730.12,debit_card,temporary_network_issue,5,2,318.6,1,3,0,3,0.11,0,LINK_AFTER_2H,135,1,717.18
3025,547,2026-06-17 06:44:25.973195,1737.01,net_banking,insufficient_funds,6,2,224.1,0,1,0,3,0.16,0,LINK_NOW,11,0,0.0
3026,459,2026-06-17 07:35:59.711942,1300.89,debit_card,temporary_network_issue,7,2,17.7,3,2,1,1,0.179,0,LINK_AFTER_2H,140,0,0.0
3027,459,2026-06-17 08:27:33.450690,199.0,debit_card,insufficient_funds,8,2,17.7,3,2,1,1,0.134,0,LINK_AFTER_2H,131,0,0.0
3028,710,2026-06-17 09:19:07.189438,3959.1,debit_card,insufficient_funds,9,2,103.4,2,0,0,0,0.06,0,NO_CONTACT,0,1,3251.8
3029,594,2026-06-17 10:10:40.928186,454.99,net_banking,risk_declined,10,2,29.0,3,1,0,1,0.103,0,LINK_AFTER_2H,129,0,0.0
3030,193,2026-06-17 11:02:14.666933,1548.22,upi,insufficient_funds,11,2,318.6,1,3,0,2,0.112,0,LINK_NOW,23,1,1455.23
3031,233,2026-06-17 11:53:48.405681,1756.99,upi,insufficient_funds,11,2,189.5,4,2,0,0,0.208,0,NO_CONTACT,0,0,0.0
3032,233,2026-06-17 12:45:22.144429,328.07,debit_card,temporary_network_issue,12,2,189.5,4,2,0,3,0.124,0,HUMAN_REVIEW,101,0,0.0
3033,193,2026-06-17 13:36:55.883177,7632.13,credit_card,bank_limit_exceeded,13,2,318.6,1,3,0,1,0.087,0,LINK_NEXT_MORNING,616,0,0.0
3034,193,2026-06-17 14:28:29.621924,1564.93,net_banking,insufficient_funds,14,2,318.6,1,3,0,2,0.297,0,LINK_AFTER_2H,145,0,0.0
3035,125,2026-06-17 15:20:03.360672,1725.51,debit_card,insufficient_funds,15,2,176.2,1,4,0,4,0.16,0,HUMAN_REVIEW,43,0,0.0
3036,710,2026-06-17 16:11:37.099420,3044.92,credit_card,temporary_network_issue,16,2,103.4,2,0,0,0,0.072,0,LINK_NOW,14,0,0.0
3037,193,2026-06-17 17:03:10.838168,1623.29,credit_card,temporary_network_issue,17,2,318.6,1,3,0,3,0.11,0,LINK_NOW,15,0,0.0
3038,11,2026-06-17 17:54:44.576915,813.37,debit_card,temporary_network_issue,17,2,55.1,2,1,0,0,0.138,0,LINK_AFTER_2H,147,0,0.0
3039,445,2026-06-17 18:46:18.315663,627.89,debit_card,bank_limit_exceeded,18,2,33.0,1,3,0,0,0.375,1,HUMAN_REVIEW,92,0,0.0
3040,594,2026-06-17 19:37:52.054411,21011.98,debit_card,insufficient_funds,19,2,29.0,3,1,0,2,0.248,0,LINK_NEXT_MORNING,711,1,17573.5
3041,173,2026-06-17 20:29:25.793159,2385.62,upi,insufficient_funds,20,2,204.8,5,0,0,2,0.146,0,LINK_NEXT_MORNING,706,1,2005.99
3042,233,2026-06-17 21:20:59.531906,978.72,debit_card,insufficient_funds,21,2,189.5,4,2,0,1,0.39,0,NO_CONTACT,0,1,804.72
3043,125,2026-06-17 22:12:33.270654,3730.28,wallet,card_blocked,22,2,176.2,1,4,0,2,0.25,0,NO_CONTACT,0,0,0.0
3044,71,2026-06-17 23:04:07.009402,7404.06,credit_card,insufficient_funds,23,2,98.3,1,1,0,0,0.399,0,LINK_NEXT_MORNING,513,0,0.0
3045,31,2026-06-17 23:55:40.748150,50000.0,credit_card,risk_declined,23,2,68.0,5,1,0,0,0.21,0,LINK_NOW,0,0,0.0
3046,217,2026-06-18 00:47:14.486897,2444.78,net_banking,bank_limit_exceeded,0,3,252.4,0,1,0,0,0.192,0,NO_CONTACT,0,0,0.0
3047,225,2026-06-18 01:38:48.225645,1352.54,upi,insufficient_funds,1,3,779.6,0,0,1,0,0.124,1,HUMAN_REVIEW,61,0,0.0
3048,521,2026-06-18 02:30:21.964393,199.0,net_banking,bank_limit_exceeded,2,3,249.5,2,2,1,1,0.251,0,NO_CONTACT,0,0,0.0
3049,459,2026-06-18 03:21:55.703141,2262.36,net_banking,insufficient_funds,3,3,17.7,3,2,1,1,0.259,0,NO_CONTACT,0,0,0.0
3050,665,2026-06-18 04:13:29.441888,1265.26,upi,temporary_network_issue,4,3,144.3,2,0,1,0,0.121,0,LINK_NOW,7,0,0.0
3051,710,2026-06-18 05:05:03.180636,2791.3,net_banking,risk_declined,5,3,103.4,2,0,0,1,0.16,0,LINK_AFTER_2H,112,1,2722.17
3052,91,2026-06-18 05:56:36.919384,2726.94,upi,card_blocked,5,3,286.8,1,3,0,0,0.252,0,LINK_AFTER_2H,121,1,2582.0
3053,155,2026-06-18 06:48:10.658132,10754.7,upi,risk_declined,6,3,87.3,1,2,0,1,0.206,0,LINK_AFTER_2H,127,0,0.0
3054,44,2026-06-18 07:39:44.396879,3177.56,credit_card,temporary_network_issue,7,3,239.1,0,3,0,1,0.147,0,HUMAN_REVIEW,51,0,0.0
3055,18,2026-06-18 08:31:18.135627,2804.37,upi,bank_limit_exceeded,8,3,45.7,2,3,0,2,0.192,0,LINK_NOW,4,0,0.0
3056,233,2026-06-18 09:22:51.874375,3094.15,credit_card,risk_declined,9,3,189.5,4,2,0,1,0.369,0,LINK_NEXT_MORNING,634,0,0.0
3057,193,2026-06-18 10:14:25.613123,1705.55,upi,insufficient_funds,10,3,318.6,1,3,0,1,0.029,0,LINK_AFTER_2H,110,0,0.0
3058,91,2026-06-18 11:05:59.351870,13470.17,debit_card,bank_limit_exceeded,11,3,286.8,1,3,0,1,0.062,0,LINK_NOW,28,0,0.0
3059,233,2026-06-18 11:57:33.090618,4063.05,debit_card,bank_limit_exceeded,11,3,189.5,4,2,0,2,0.234,0,HUMAN_REVIEW,81,0,0.0
3060,233,2026-06-18 12:49:06.829366,6276.35,upi,temporary_network_issue,12,3,189.5,4,2,0,1,0.061,1,LINK_NEXT_MORNING,636,0,0.0
3061,710,2026-06-18 13:40:40.568114,1867.26,credit_card,card_blocked,13,3,103.4,2,0,0,0,0.204,0,LINK_AFTER_2H,102,0,0.0
3062,233,2026-06-18 14:32:14.306861,683.49,net_banking,risk_declined,14,3,189.5,4,2,0,1,0.313,0,NO_CONTACT,0,0,0.0
3063,83,2026-06-18 15:23:48.045609,767.86,debit_card,risk_declined,15,3,208.1,4,0,0,1,0.225,0,NO_CONTACT,0,0,0.0
3064,193,2026-06-18 16:15:21.784357,15098.7,credit_card,insufficient_funds,16,3,318.6,1,3,0,1,0.212,0,NO_CONTACT,0,0,0.0
3065,459,2026-06-18 17:06:55.523105,23697.67,upi,card_blocked,17,3,17.7,3,2,1,0,0.123,0,LINK_NEXT_MORNING,596,1,19879.39
3066,71,2026-06-18 17:58:29.261852,1003.27,credit_card,bank_limit_exceeded,17,3,98.3,1,1,0,2,0.213,0,NO_CONTACT,0,0,0.0
3067,233,2026-06-18 18:50:03.000600,671.83,upi,insufficient_funds,18,3,189.5,4,2,0,1,0.082,0,LINK_AFTER_2H,126,0,0.0
3068,710,2026-06-18 19:41:36.739348,6330.14,debit_card,risk_declined,19,3,103.4,2,0,0,0,0.34,0,LINK_AFTER_2H,126,0,0.0
3069,83,2026-06-18 20:33:10.478096,1409.7,upi,temporary_network_issue,20,3,208.1,4,0,0,2,0.323,0,HUMAN_REVIEW,71,1,1164.0
3070,594,2026-06-18 21:24:44.216843,368.48,upi,insufficient_funds,21,3,29.0,3,1,0,0,0.12,0,LINK_AFTER_2H,134,0,0.0
3071,459,2026-06-18 22:16:17.955591,559.72,net_banking,insufficient_funds,22,3,17.7,3,2,1,0,0.064,0,HUMAN_REVIEW,71,1,459.41
3072,594,2026-06-18 23:07:51.694339,2285.4,upi,risk_declined,23,3,29.0,3,1,0,2,0.053,0,LINK_NEXT_MORNING,583,0,0.0
3073,193,2026-06-18 23:59:25.433087,38365.5,credit_card,insufficient_funds,23,3,318.6,1,3,0,1,0.17,0,LINK_AFTER_2H,123,1,32180.06
3074,594,2026-06-19 00:50:59.171834,19193.18,upi,temporary_network_issue,0,4,29.0,3,1,0,1,0.146,0,LINK_AFTER_2H,123,0,0.0
3075,233,2026-06-19 01:42:32.910582,1216.28,net_banking,temporary_network_issue,1,4,189.5,4,2,0,1,0.087,0,NO_CONTACT,0,0,0.0
3076,710,2026-06-19 02:34:06.649330,464.53,debit_card,temporary_network_issue,2,4,103.4,2,0,0,1,0.387,1,HUMAN_REVIEW,103,0,0.0
3077,233,2026-06-19 03:25:40.388078,1472.54,debit_card,insufficient_funds,3,4,189.5,4,2,0,2,0.088,0,LINK_NEXT_MORNING,686,0,0.0
3078,260,2026-06-19 04:17:14.126825,2037.47,net_banking,card_blocked,4,4,166.2,0,2,1,0,0.202,0,LINK_AFTER_2H,116,0,0.0
3079,444,2026-06-19 05:08:47.865573,2803.23,net_banking,card_blocked,5,4,113.3,3,1,1,2,0.208,0,LINK_NEXT_MORNING,559,1,2441.44
3080,58,2026-06-19 06:00:21.604321,1170.74,credit_card,insufficient_funds,6,4,17.4,3,0,1,0,0.283,0,LINK_AFTER_2H,131,0,0.0
3081,193,2026-06-19 06:51:55.343069,1225.3,credit_card,temporary_network_issue,6,4,318.6,1,3,0,2,0.396,0,LINK_AFTER_2H,131,0,0.0
3082,521,2026-06-19 07:43:29.081816,5167.28,credit_card,card_blocked,7,4,249.5,2,2,1,1,0.334,0,LINK_AFTER_2H,115,1,4474.56
3083,533,2026-06-19 08:35:02.820564,1621.1,debit_card,insufficient_funds,8,4,580.1,2,1,2,0,0.275,0,HUMAN_REVIEW,81,1,1596.78
3084,459,2026-06-19 09:26:36.559312,1796.01,credit_card,risk_declined,9,4,17.7,3,2,1,2,0.277,0,HUMAN_REVIEW,56,0,0.0
3085,193,2026-06-19 10:18:10.298060,3387.98,debit_card,temporary_network_issue,10,4,318.6,1,3,0,2,0.388,0,HUMAN_REVIEW,80,0,0.0
3086,125,2026-06-19 11:09:44.036807,6491.78,debit_card,insufficient_funds,11,4,176.2,1,4,0,0,0.337,0,LINK_AFTER_2H,93,1,5320.41
3087,233,2026-06-19 12:01:17.775555,3153.83,upi,insufficient_funds,12,4,189.5,4,2,0,2,0.23,0,LINK_AFTER_2H,123,0,0.0
3088,710,2026-06-19 12:52:51.514303,5053.77,net_banking,temporary_network_issue,12,4,103.4,2,0,0,0,0.308,0,LINK_NOW,8,1,4663.39
3089,594,2026-06-19 13:44:25.253051,16322.13,credit_card,insufficient_funds,13,4,29.0,3,1,0,1,0.242,0,NO_CONTACT,0,1,13502.66
3090,521,2026-06-19 14:35:58.991798,1701.24,credit_card,insufficient_funds,14,4,249.5,2,2,1,2,0.134,0,NO_CONTACT,0,0,0.0
3091,431,2026-06-19 15:27:32.730546,5811.89,net_banking,insufficient_funds,15,4,134.2,4,1,2,2,0.187,1,HUMAN_REVIEW,104,0,0.0
3092,71,2026-06-19 16:19:06.469294,906.35,upi,temporary_network_issue,16,4,98.3,1,1,0,2,0.047,0,LINK_AFTER_2H,92,1,752.7
3093,747,2026-06-19 17:10:40.208042,2486.0,net_banking,insufficient_funds,17,4,19.4,2,2,1,0,0.082,0,NO_CONTACT,0,0,0.0
3094,747,2026-06-19 18:02:13.946789,1339.85,net_banking,risk_declined,18,4,19.4,2,2,1,3,0.146,0,LINK_AFTER_2H,128,1,1184.98
3095,233,2026-06-19 18:53:47.685537,3005.03,credit_card,temporary_network_issue,18,4,189.5,4,2,0,0,0.244,0,LINK_NEXT_MORNING,632,1,2789.96
3096,710,2026-06-19 19:45:21.424285,8010.85,debit_card,risk_declined,19,4,103.4,2,0,0,1,0.129,0,LINK_AFTER_2H,114,0,0.0
3097,578,2026-06-19 20:36:55.163033,873.59,net_banking,card_blocked,20,4,121.3,0,1,1,0,0.31,0,HUMAN_REVIEW,94,1,702.5
3098,138,2026-06-19 21:28:28.901780,10220.3,credit_card,temporary_network_issue,21,4,106.9,2,1,1,0,0.078,0,HUMAN_REVIEW,105,1,9150.16
3099,83,2026-06-19 22:20:02.640528,1952.37,debit_card,card_blocked,22,4,208.1,4,0,0,1,0.183,0,LINK_AFTER_2H,147,1,1623.28
3100,685,2026-06-19 23:11:36.379276,2528.43,credit_card,temporary_network_issue,23,4,581.8,1,2,0,1,0.165,1,NO_CONTACT,0,0,0.0
3101,594,2026-06-20 00:03:10.118024,1048.54,debit_card,temporary_network_issue,0,5,29.0,3,1,0,3,0.054,0,LINK_NEXT_MORNING,689,0,0.0
3102,11,2026-06-20 00:54:43.856771,421.37,net_banking,temporary_network_issue,0,5,55.1,2,1,0,3,0.422,0,LINK_AFTER_2H,130,0,0.0
3103,233,2026-06-20 01:46:17.595519,1166.32,debit_card,risk_declined,1,5,189.5,4,2,0,0,0.087,0,HUMAN_REVIEW,66,1,1128.99
3104,459,2026-06-20 02:37:51.334267,5416.89,debit_card,temporary_network_issue,2,5,17.7,3,2,1,1,0.128,0,LINK_NOW,25,1,4891.17
3105,762,2026-06-20 03:29:25.073015,699.71,net_banking,temporary_network_issue,3,5,590.7,3,0,0,1,0.133,0,LINK_NOW,12,1,644.86
3106,594,2026-06-20 04:20:58.811762,4722.58,wallet,insufficient_funds,4,5,29.0,3,1,0,2,0.139,0,LINK_NEXT_MORNING,561,0,0.0
3107,797,2026-06-20 05:12:32.550510,595.69,net_banking,temporary_network_issue,5,5,263.9,1,5,0,0,0.199,0,NO_CONTACT,0,0,0.0
3108,747,2026-06-20 06:04:06.289258,466.09,upi,insufficient_funds,6,5,19.4,2,2,1,1,0.444,0,NO_CONTACT,0,0,0.0
3109,125,2026-06-20 06:55:40.028006,1217.21,credit_card,bank_limit_exceeded,6,5,176.2,1,4,0,0,0.141,0,HUMAN_REVIEW,44,0,0.0
3110,459,2026-06-20 07:47:13.766753,1233.54,debit_card,temporary_network_issue,7,5,17.7,3,2,1,3,0.196,0,HUMAN_REVIEW,35,1,1156.84
3111,438,2026-06-20 08:38:47.505501,10900.46,credit_card,insufficient_funds,8,5,124.2,2,1,0,1,0.135,0,NO_CONTACT,0,1,9794.45
3112,233,2026-06-20 09:30:21.244249,7753.67,credit_card,insufficient_funds,9,5,189.5,4,2,0,0,0.37,0,LINK_NEXT_MORNING,518,1,7414.54
3113,87,2026-06-20 10:21:54.982997,1303.38,debit_card,insufficient_funds,10,5,22.4,0,0,0,0,0.159,0,NO_CONTACT,0,0,0.0
3114,303,2026-06-20 11:13:28.721744,8495.68,debit_card,insufficient_funds,11,5,178.3,1,1,0,0,0.102,0,LINK_AFTER_2H,102,1,7547.87
3115,710,2026-06-20 12:05:02.460492,2900.62,net_banking,risk_declined,12,5,103.4,2,0,0,4,0.184,0,LINK_AFTER_2H,101,0,0.0
3116,459,2026-06-20 12:56:36.199240,590.11,upi,risk_declined,12,5,17.7,3,2,1,1,0.14,0,LINK_NEXT_MORNING,601,0,0.0
3117,91,2026-06-20 13:48:09.937988,1747.89,upi,bank_limit_exceeded,13,5,286.8,1,3,0,2,0.18,0,LINK_NOW,9,0,0.0
3118,71,2026-06-20 14:39:43.676735,1154.36,debit_card,card_blocked,14,5,98.3,1,1,0,2,0.346,0,HUMAN_REVIEW,55,0,0.0
3119,459,2026-06-20 15:31:17.415483,5079.98,net_banking,card_blocked,15,5,17.7,3,2,1,1,0.236,0,LINK_NOW,26,0,0.0
3120,529,2026-06-20 16:22:51.154231,760.3,debit_card,bank_limit_exceeded,16,5,542.2,2,1,1,2,0.109,0,LINK_AFTER_2H,111,0,0.0
3121,193,2026-06-20 17:14:24.892979,1587.23,upi,bank_limit_exceeded,17,5,318.6,1,3,0,0,0.146,0,NO_CONTACT,0,1,1297.41
3122,125,2026-06-20 18:05:58.631726,3828.24,debit_card,risk_declined,18,5,176.2,1,4,0,5,0.02,0,LINK_NEXT_MORNING,576,0,0.0
3123,71,2026-06-20 18:57:32.370474,2017.38,credit_card,risk_declined,18,5,98.3,1,1,0,1,0.131,0,LINK_NOW,10,0,0.0
3124,188,2026-06-20 19:49:06.109222,6216.56,net_banking,card_blocked,19,5,24.1,2,2,0,1,0.205,0,LINK_NOW,15,0,0.0
3125,71,2026-06-20 20:40:39.847970,3179.94,net_banking,insufficient_funds,20,5,98.3,1,1,0,0,0.215,0,LINK_AFTER_2H,90,0,0.0
3126,83,2026-06-20 21:32:13.586717,626.53,wallet,temporary_network_issue,21,5,208.1,4,0,0,1,0.142,0,LINK_NOW,17,0,0.0
3127,710,2026-06-20 22:23:47.325465,4392.51,credit_card,card_blocked,22,5,103.4,2,0,0,2,0.539,0,NO_CONTACT,0,0,0.0
3128,459,2026-06-20 23:15:21.064213,12407.5,net_banking,temporary_network_issue,23,5,17.7,3,2,1,2,0.176,0,LINK_NEXT_MORNING,522,1,11654.67
3129,527,2026-06-21 00:06:54.802961,2586.23,debit_card,risk_declined,0,6,214.4,0,1,0,1,0.162,0,HUMAN_REVIEW,72,1,2470.1
3130,592,2026-06-21 00:58:28.541708,3629.54,debit_card,risk_declined,0,6,345.0,1,0,0,0,0.344,0,HUMAN_REVIEW,94,0,0.0
3131,173,2026-06-21 01:50:02.280456,729.12,upi,temporary_network_issue,1,6,204.8,5,0,0,0,0.236,0,HUMAN_REVIEW,40,0,0.0
3132,710,2026-06-21 02:41:36.019204,1004.07,upi,insufficient_funds,2,6,103.4,2,0,0,1,0.031,0,NO_CONTACT,0,0,0.0
3133,233,2026-06-21 03:33:09.757952,18948.16,net_banking,temporary_network_issue,3,6,189.5,4,2,0,1,0.16,0,LINK_NOW,29,1,18245.78
3134,71,2026-06-21 04:24:43.496699,10980.36,credit_card,insufficient_funds,4,6,98.3,1,1,0,3,0.069,0,LINK_NEXT_MORNING,712,1,8851.24
3135,314,2026-06-21 05:16:17.235447,3000.51,debit_card,insufficient_funds,5,6,126.7,3,7,0,0,0.203,0,HUMAN_REVIEW,115,0,0.0
3136,233,2026-06-21 06:07:50.974195,2729.38,credit_card,card_blocked,6,6,189.5,4,2,0,1,0.168,1,NO_CONTACT,0,0,0.0
3137,594,2026-06-21 06:59:24.712943,5197.11,debit_card,insufficient_funds,6,6,29.0,3,1,0,0,0.219,0,LINK_AFTER_2H,118,0,0.0
3138,193,2026-06-21 07:50:58.451690,721.1,net_banking,insufficient_funds,7,6,318.6,1,3,0,2,0.287,0,HUMAN_REVIEW,63,0,0.0
3139,193,2026-06-21 08:42:32.190438,10360.29,debit_card,temporary_network_issue,8,6,318.6,1,3,0,0,0.147,0,LINK_NOW,9,1,9632.37
3140,459,2026-06-21 09:34:05.929186,6189.53,net_banking,risk_declined,9,6,17.7,3,2,1,3,0.096,0,LINK_AFTER_2H,92,0,0.0
3141,233,2026-06-21 10:25:39.667934,1697.18,net_banking,insufficient_funds,10,6,189.5,4,2,0,2,0.167,0,LINK_NEXT_MORNING,702,1,1591.62
3142,594,2026-06-21 11:17:13.406681,2275.45,net_banking,risk_declined,11,6,29.0,3,1,0,1,0.047,0,LINK_AFTER_2H,146,0,0.0
3143,233,2026-06-21 12:08:47.145429,2199.09,debit_card,temporary_network_issue,12,6,189.5,4,2,0,0,0.266,0,LINK_NEXT_MORNING,684,0,0.0
3144,222,2026-06-21 13:00:20.884177,1441.09,debit_card,insufficient_funds,13,6,220.2,1,1,0,0,0.307,0,NO_CONTACT,0,0,0.0
3145,747,2026-06-21 13:51:54.622925,1829.04,debit_card,temporary_network_issue,13,6,19.4,2,2,1,1,0.166,0,LINK_NOW,25,1,1821.77
3146,233,2026-06-21 14:43:28.361672,5546.13,credit_card,bank_limit_exceeded,14,6,189.5,4,2,0,1,0.008,0,LINK_NOW,10,0,0.0
3147,233,2026-06-21 15:35:02.100420,3473.05,upi,temporary_network_issue,15,6,189.5,4,2,0,1,0.113,0,HUMAN_REVIEW,79,0,0.0
3148,233,2026-06-21 16:26:35.839168,2306.67,upi,card_blocked,16,6,189.5,4,2,0,1,0.242,0,LINK_NOW,13,0,0.0
3149,459,2026-06-21 17:18:09.577916,6694.6,upi,risk_declined,17,6,17.7,3,2,1,3,0.531,0,HUMAN_REVIEW,101,0,0.0
3150,71,2026-06-21 18:09:43.316663,10964.64,net_banking,risk_declined,18,6,98.3,1,1,0,0,0.423,0,HUMAN_REVIEW,39,1,10181.32
3151,459,2026-06-21 19:01:17.055411,982.79,net_banking,insufficient_funds,19,6,17.7,3,2,1,3,0.167,0,LINK_NEXT_MORNING,581,0,0.0
3152,193,2026-06-21 19:52:50.794159,19548.14,debit_card,card_blocked,19,6,318.6,1,3,0,1,0.047,0,LINK_NOW,14,1,17479.15
3153,594,2026-06-21 20:44:24.532907,8480.8,credit_card,bank_limit_exceeded,20,6,29.0,3,1,0,1,0.247,0,LINK_NOW,7,1,7161.39
3154,594,2026-06-21 21:35:58.271654,11949.9,debit_card,card_blocked,21,6,29.0,3,1,0,2,0.145,0,LINK_NEXT_MORNING,671,1,11905.57
3155,233,2026-06-21 22:27:32.010402,50000.0,wallet,risk_declined,22,6,189.5,4,2,0,1,0.137,1,LINK_NOW,21,0,0.0
3156,173,2026-06-21 23:19:05.749150,7009.37,credit_card,temporary_network_issue,23,6,204.8,5,0,0,0,0.322,0,LINK_AFTER_2H,119,1,5854.77
3157,459,2026-06-22 00:10:39.487898,339.9,debit_card,insufficient_funds,0,0,17.7,3,2,1,0,0.412,0,HUMAN_REVIEW,65,0,0.0
3158,179,2026-06-22 01:02:13.226645,931.96,upi,card_blocked,1,0,65.6,2,2,0,1,0.124,0,LINK_NOW,29,1,867.71
3159,91,2026-06-22 01:53:46.965393,512.61,debit_card,temporary_network_issue,1,0,286.8,1,3,0,1,0.083,0,HUMAN_REVIEW,85,1,493.8
3160,193,2026-06-22 02:45:20.704141,13839.11,net_banking,risk_declined,2,0,318.6,1,3,0,1,0.068,0,LINK_NEXT_MORNING,574,0,0.0
3161,459,2026-06-22 03:36:54.442889,12832.2,upi,bank_limit_exceeded,3,0,17.7,3,2,1,3,0.169,0,LINK_AFTER_2H,130,1,11157.12
3162,83,2026-06-22 04:28:28.181636,21547.52,debit_card,risk_declined,4,0,208.1,4,0,0,1,0.13,0,LINK_NEXT_MORNING,676,0,0.0
3163,11,2026-06-22 05:20:01.920384,6468.53,net_banking,bank_limit_exceeded,5,0,55.1,2,1,0,2,0.222,0,LINK_NEXT_MORNING,626,0,0.0
3164,233,2026-06-22 06:11:35.659132,19254.85,debit_card,insufficient_funds,6,0,189.5,4,2,0,0,0.179,0,LINK_AFTER_2H,138,1,16750.44
3165,747,2026-06-22 07:03:09.397880,371.72,net_banking,risk_declined,7,0,19.4,2,2,1,2,0.253,0,LINK_NEXT_MORNING,705,0,0.0
3166,459,2026-06-22 07:54:43.136627,2391.77,credit_card,insufficient_funds,7,0,17.7,3,2,1,0,0.102,0,LINK_NOW,12,0,0.0
3167,71,2026-06-22 08:46:16.875375,831.72,credit_card,insufficient_funds,8,0,98.3,1,1,0,1,0.119,0,HUMAN_REVIEW,91,0,0.0
3168,257,2026-06-22 09:37:50.614123,357.28,net_banking,card_blocked,9,0,335.3,2,0,0,2,0.136,0,LINK_NOW,28,0,0.0
3169,193,2026-06-22 10:29:24.352871,21502.13,debit_card,temporary_network_issue,10,0,318.6,1,3,0,2,0.327,0,LINK_NEXT_MORNING,632,0,0.0
3170,602,2026-06-22 11:20:58.091618,593.75,upi,bank_limit_exceeded,11,0,122.6,0,2,0,1,0.09,0,LINK_NOW,13,0,0.0
3171,71,2026-06-22 12:12:31.830366,2076.01,debit_card,temporary_network_issue,12,0,98.3,1,1,0,1,0.26,0,LINK_NEXT_MORNING,618,0,0.0
3172,349,2026-06-22 13:04:05.569114,4513.05,upi,bank_limit_exceeded,13,0,14.1,2,0,0,3,0.205,0,NO_CONTACT,0,0,0.0
3173,71,2026-06-22 13:55:39.307862,944.89,credit_card,insufficient_funds,13,0,98.3,1,1,0,1,0.252,0,LINK_AFTER_2H,119,1,905.75
3174,233,2026-06-22 14:47:13.046609,271.81,upi,risk_declined,14,0,189.5,4,2,0,1,0.269,0,HUMAN_REVIEW,100,1,258.32
3175,710,2026-06-22 15:38:46.785357,3006.41,debit_card,risk_declined,15,0,103.4,2,0,0,2,0.194,0,LINK_NEXT_MORNING,673,0,0.0
3176,233,2026-06-22 16:30:20.524105,1318.22,credit_card,card_blocked,16,0,189.5,4,2,0,1,0.464,0,LINK_AFTER_2H,124,0,0.0
3177,11,2026-06-22 17:21:54.262853,23997.05,upi,temporary_network_issue,17,0,55.1,2,1,0,1,0.198,0,LINK_NOW,10,0,0.0
3178,233,2026-06-22 18:13:28.001600,3596.44,upi,risk_declined,18,0,189.5,4,2,0,0,0.021,0,LINK_AFTER_2H,92,0,0.0
3179,710,2026-06-22 19:05:01.740348,5093.44,upi,temporary_network_issue,19,0,103.4,2,0,0,0,0.207,0,HUMAN_REVIEW,80,0,0.0
3180,193,2026-06-22 19:56:35.479096,199.0,credit_card,card_blocked,19,0,318.6,1,3,0,1,0.113,0,LINK_NOW,13,0,0.0
3181,776,2026-06-22 20:48:09.217844,4422.28,net_banking,temporary_network_issue,20,0,59.9,1,2,0,0,0.12,0,LINK_AFTER_2H,149,0,0.0
3182,459,2026-06-22 21:39:42.956591,2197.32,debit_card,insufficient_funds,21,0,17.7,3,2,1,0,0.2,0,LINK_NEXT_MORNING,669,0,0.0
3183,459,2026-06-22 22:31:16.695339,14453.4,net_banking,insufficient_funds,22,0,17.7,3,2,1,0,0.315,0,LINK_AFTER_2H,121,0,0.0
3184,596,2026-06-22 23:22:50.434087,1093.18,debit_card,temporary_network_issue,23,0,7.4,2,2,0,0,0.293,1,LINK_NOW,16,0,0.0
3185,459,2026-06-23 00:14:24.172835,4648.49,debit_card,bank_limit_exceeded,0,1,17.7,3,2,1,2,0.28,0,NO_CONTACT,0,0,0.0
3186,91,2026-06-23 01:05:57.911582,696.15,upi,temporary_network_issue,1,1,286.8,1,3,0,0,0.233,0,NO_CONTACT,0,0,0.0
3187,233,2026-06-23 01:57:31.650330,430.36,upi,risk_declined,1,1,189.5,4,2,0,1,0.107,0,LINK_NOW,18,1,382.79
3188,459,2026-06-23 02:49:05.389078,1321.13,upi,temporary_network_issue,2,1,17.7,3,2,1,1,0.074,0,NO_CONTACT,0,0,0.0
3189,314,2026-06-23 03:40:39.127826,1570.78,net_banking,bank_limit_exceeded,3,1,126.7,3,7,0,0,0.046,0,LINK_NEXT_MORNING,658,0,0.0
3190,125,2026-06-23 04:32:12.866573,684.1,net_banking,temporary_network_issue,4,1,176.2,1,4,0,0,0.156,0,NO_CONTACT,0,0,0.0
3191,594,2026-06-23 05:23:46.605321,1833.79,credit_card,insufficient_funds,5,1,29.0,3,1,0,0,0.079,0,HUMAN_REVIEW,57,1,1666.33
3192,71,2026-06-23 06:15:20.344069,3790.7,net_banking,risk_declined,6,1,98.3,1,1,0,1,0.264,0,LINK_AFTER_2H,110,0,0.0
3193,710,2026-06-23 07:06:54.082817,7290.6,net_banking,card_blocked,7,1,103.4,2,0,0,2,0.545,0,LINK_AFTER_2H,140,1,6118.2
3194,233,2026-06-23 07:58:27.821564,222.15,debit_card,temporary_network_issue,7,1,189.5,4,2,0,0,0.08,1,NO_CONTACT,0,0,0.0
3195,83,2026-06-23 08:50:01.560312,2665.31,upi,insufficient_funds,8,1,208.1,4,0,0,0,0.119,0,NO_CONTACT,0,1,2449.25
3196,233,2026-06-23 09:41:35.299060,219.42,upi,insufficient_funds,9,1,189.5,4,2,0,1,0.078,1,HUMAN_REVIEW,48,0,0.0
3197,596,2026-06-23 10:33:09.037808,14489.79,upi,temporary_network_issue,10,1,7.4,2,2,0,2,0.038,0,LINK_NEXT_MORNING,576,1,14007.11
3198,173,2026-06-23 11:24:42.776555,10575.47,debit_card,card_blocked,11,1,204.8,5,0,0,0,0.055,0,NO_CONTACT,0,0,0.0
3199,594,2026-06-23 12:16:16.515303,2163.44,net_banking,temporary_network_issue,12,1,29.0,3,1,0,2,0.123,0,LINK_NEXT_MORNING,664,1,2046.57
3200,459,2026-06-23 13:07:50.254051,889.17,upi,temporary_network_issue,13,1,17.7,3,2,1,0,0.079,0,NO_CONTACT,0,0,0.0
3201,233,2026-06-23 13:59:23.992799,2225.41,debit_card,temporary_network_issue,13,1,189.5,4,2,0,4,0.317,0,LINK_NEXT_MORNING,554,0,0.0
3202,193,2026-06-23 14:50:57.731546,544.84,upi,insufficient_funds,14,1,318.6,1,3,0,0,0.108,0,HUMAN_REVIEW,116,0,0.0
3203,710,2026-06-23 15:42:31.470294,19055.39,wallet,card_blocked,15,1,103.4,2,0,0,2,0.599,0,LINK_NEXT_MORNING,614,0,0.0
3204,233,2026-06-23 16:34:05.209042,711.46,net_banking,card_blocked,16,1,189.5,4,2,0,2,0.017,0,HUMAN_REVIEW,37,1,664.26
3205,624,2026-06-23 17:25:38.947790,5802.05,wallet,insufficient_funds,17,1,99.6,2,2,0,0,0.291,0,LINK_NEXT_MORNING,637,0,0.0
3206,233,2026-06-23 18:17:12.686537,1160.54,debit_card,insufficient_funds,18,1,189.5,4,2,0,3,0.085,1,NO_CONTACT,0,0,0.0
3207,747,2026-06-23 19:08:46.425285,4632.73,credit_card,insufficient_funds,19,1,19.4,2,2,1,0,0.172,0,LINK_NEXT_MORNING,486,1,3752.59
3208,503,2026-06-23 20:00:20.164033,1785.01,credit_card,bank_limit_exceeded,20,1,14.6,0,1,1,2,0.309,0,LINK_AFTER_2H,136,0,0.0
3209,710,2026-06-23 20:51:53.902781,6021.68,net_banking,temporary_network_issue,20,1,103.4,2,0,0,2,0.1,0,HUMAN_REVIEW,87,1,5525.59
3210,459,2026-06-23 21:43:27.641528,9472.28,credit_card,temporary_network_issue,21,1,17.7,3,2,1,0,0.159,0,LINK_AFTER_2H,137,1,7957.92
3211,233,2026-06-23 22:35:01.380276,1619.58,net_banking,temporary_network_issue,22,1,189.5,4,2,0,0,0.105,0,NO_CONTACT,0,0,0.0
3212,459,2026-06-23 23:26:35.119024,3446.76,credit_card,bank_limit_exceeded,23,1,17.7,3,2,1,1,0.14,0,NO_CONTACT,0,0,0.0
3213,71,2026-06-24 00:18:08.857772,25262.54,wallet,card_blocked,0,2,98.3,1,1,0,1,0.045,0,LINK_AFTER_2H,111,0,0.0
3214,173,2026-06-24 01:09:42.596519,2561.19,credit_card,insufficient_funds,1,2,204.8,5,0,0,1,0.224,0,LINK_NEXT_MORNING,506,1,2481.9
3215,233,2026-06-24 02:01:16.335267,4958.18,net_banking,temporary_network_issue,2,2,189.5,4,2,0,2,0.215,0,HUMAN_REVIEW,69,0,0.0
3216,233,2026-06-24 02:52:50.074015,6424.61,net_banking,risk_declined,2,2,189.5,4,2,0,3,0.132,0,NO_CONTACT,0,1,5309.38
3217,193,2026-06-24 03:44:23.812763,651.99,upi,temporary_network_issue,3,2,318.6,1,3,0,3,0.151,0,HUMAN_REVIEW,65,1,571.71
3218,193,2026-06-24 04:35:57.551510,441.24,debit_card,insufficient_funds,4,2,318.6,1,3,0,0,0.324,0,LINK_AFTER_2H,108,0,0.0
3219,233,2026-06-24 05:27:31.290258,2685.78,upi,bank_limit_exceeded,5,2,189.5,4,2,0,1,0.017,0,LINK_AFTER_2H,116,0,0.0
3220,71,2026-06-24 06:19:05.029006,1528.81,debit_card,bank_limit_exceeded,6,2,98.3,1,1,0,3,0.074,0,LINK_AFTER_2H,145,1,1301.46
3221,193,2026-06-24 07:10:38.767754,768.65,debit_card,bank_limit_exceeded,7,2,318.6,1,3,0,0,0.029,0,LINK_NOW,5,0,0.0
3222,782,2026-06-24 08:02:12.506501,221.53,net_banking,insufficient_funds,8,2,184.6,3,0,0,2,0.114,0,NO_CONTACT,0,0,0.0
3223,193,2026-06-24 08:53:46.245249,1675.58,net_banking,insufficient_funds,8,2,318.6,1,3,0,2,0.095,0,NO_CONTACT,0,0,0.0
3224,125,2026-06-24 09:45:19.983997,2076.61,debit_card,temporary_network_issue,9,2,176.2,1,4,0,1,0.311,0,LINK_NOW,15,0,0.0
3225,517,2026-06-24 10:36:53.722745,4890.59,net_banking,risk_declined,10,2,120.7,2,1,0,0,0.277,0,LINK_NEXT_MORNING,503,0,0.0
3226,673,2026-06-24 11:28:27.461492,2157.47,debit_card,card_blocked,11,2,30.3,2,1,0,2,0.156,0,LINK_NEXT_MORNING,631,0,0.0
3227,710,2026-06-24 12:20:01.200240,392.3,credit_card,risk_declined,12,2,103.4,2,0,0,1,0.478,0,LINK_NEXT_MORNING,637,0,0.0
3228,233,2026-06-24 13:11:34.938988,1611.1,debit_card,bank_limit_exceeded,13,2,189.5,4,2,0,1,0.08,0,HUMAN_REVIEW,68,0,0.0
3229,193,2026-06-24 14:03:08.677736,707.64,upi,risk_declined,14,2,318.6,1,3,0,0,0.186,0,LINK_AFTER_2H,134,0,0.0
3230,720,2026-06-24 14:54:42.416483,5447.47,upi,insufficient_funds,14,2,345.4,1,0,0,2,0.423,0,LINK_NEXT_MORNING,578,1,4698.09
3231,90,2026-06-24 15:46:16.155231,15469.32,credit_card,insufficient_funds,15,2,450.9,3,0,1,4,0.059,0,LINK_NEXT_MORNING,656,0,0.0
3232,594,2026-06-24 16:37:49.893979,2496.2,credit_card,temporary_network_issue,16,2,29.0,3,1,0,2,0.241,0,HUMAN_REVIEW,64,0,0.0
3233,627,2026-06-24 17:29:23.632727,1749.46,debit_card,insufficient_funds,17,2,167.2,2,2,0,2,0.286,0,LINK_NEXT_MORNING,627,0,0.0
3234,91,2026-06-24 18:20:57.371474,3428.88,upi,insufficient_funds,18,2,286.8,1,3,0,1,0.131,0,NO_CONTACT,0,0,0.0
3235,193,2026-06-24 19:12:31.110222,12082.01,credit_card,risk_declined,19,2,318.6,1,3,0,0,0.089,0,LINK_NEXT_MORNING,515,0,0.0
3236,143,2026-06-24 20:04:04.848970,199.0,debit_card,insufficient_funds,20,2,156.9,0,4,0,2,0.019,0,LINK_NOW,10,0,0.0
3237,125,2026-06-24 20:55:38.587718,888.4,debit_card,card_blocked,20,2,176.2,1,4,0,0,0.096,0,LINK_NOW,17,0,0.0
3238,259,2026-06-24 21:47:12.326465,971.01,net_banking,risk_declined,21,2,35.5,3,3,0,1,0.241,0,LINK_NOW,18,0,0.0
3239,314,2026-06-24 22:38:46.065213,2711.92,credit_card,insufficient_funds,22,2,126.7,3,7,0,3,0.12,0,HUMAN_REVIEW,69,0,0.0
3240,193,2026-06-24 23:30:19.803961,4078.29,debit_card,insufficient_funds,23,2,318.6,1,3,0,2,0.373,0,LINK_AFTER_2H,134,1,3514.49
3241,233,2026-06-25 00:21:53.542709,3772.0,net_banking,insufficient_funds,0,3,189.5,4,2,0,0,0.07,0,LINK_AFTER_2H,114,0,0.0
3242,233,2026-06-25 01:13:27.281456,3620.11,debit_card,insufficient_funds,1,3,189.5,4,2,0,2,0.069,0,NO_CONTACT,0,0,0.0
3243,459,2026-06-25 02:05:01.020204,2684.91,upi,temporary_network_issue,2,3,17.7,3,2,1,0,0.247,0,LINK_NOW,17,0,0.0
3244,710,2026-06-25 02:56:34.758952,1474.25,credit_card,card_blocked,2,3,103.4,2,0,0,1,0.419,0,HUMAN_REVIEW,51,1,1384.36
3245,193,2026-06-25 03:48:08.497700,2659.07,debit_card,card_blocked,3,3,318.6,1,3,0,1,0.204,0,LINK_AFTER_2H,90,1,2202.49
3246,596,2026-06-25 04:39:42.236447,199.0,credit_card,temporary_network_issue,4,3,7.4,2,2,0,3,0.123,0,LINK_AFTER_2H,109,0,0.0
3247,486,2026-06-25 05:31:15.975195,907.19,net_banking,temporary_network_issue,5,3,153.6,2,1,0,0,0.088,0,NO_CONTACT,0,0,0.0
3248,459,2026-06-25 06:22:49.713943,3014.17,credit_card,card_blocked,6,3,17.7,3,2,1,1,0.143,0,LINK_NOW,24,0,0.0
3249,233,2026-06-25 07:14:23.452691,474.89,credit_card,insufficient_funds,7,3,189.5,4,2,0,2,0.226,0,NO_CONTACT,0,0,0.0
3250,233,2026-06-25 08:05:57.191438,545.79,debit_card,insufficient_funds,8,3,189.5,4,2,0,0,0.078,0,NO_CONTACT,0,1,457.59
3251,459,2026-06-25 08:57:30.930186,2028.0,debit_card,risk_declined,8,3,17.7,3,2,1,0,0.211,0,LINK_NOW,16,1,1670.31
3252,710,2026-06-25 09:49:04.668934,11447.31,debit_card,insufficient_funds,9,3,103.4,2,0,0,0,0.068,0,NO_CONTACT,0,0,0.0
3253,710,2026-06-25 10:40:38.407682,2570.36,net_banking,risk_declined,10,3,103.4,2,0,0,0,0.279,0,HUMAN_REVIEW,52,1,2535.31
3254,710,2026-06-25 11:32:12.146429,408.66,debit_card,insufficient_funds,11,3,103.4,2,0,0,1,0.221,0,LINK_NEXT_MORNING,631,1,336.74
3255,314,2026-06-25 12:23:45.885177,2652.79,credit_card,insufficient_funds,12,3,126.7,3,7,0,0,0.225,0,LINK_NEXT_MORNING,518,0,0.0
3256,233,2026-06-25 13:15:19.623925,6350.48,debit_card,temporary_network_issue,13,3,189.5,4,2,0,0,0.076,0,LINK_NOW,22,0,0.0
3257,233,2026-06-25 14:06:53.362673,3994.44,credit_card,risk_declined,14,3,189.5,4,2,0,3,0.168,0,LINK_NOW,5,1,3932.43
3258,579,2026-06-25 14:58:27.101420,1260.43,credit_card,risk_declined,14,3,139.0,1,2,0,2,0.439,0,LINK_NEXT_MORNING,606,0,0.0
3259,233,2026-06-25 15:50:00.840168,1952.34,credit_card,insufficient_funds,15,3,189.5,4,2,0,0,0.202,0,NO_CONTACT,0,1,1740.58
3260,459,2026-06-25 16:41:34.578916,3384.51,credit_card,bank_limit_exceeded,16,3,17.7,3,2,1,1,0.421,0,NO_CONTACT,0,0,0.0
3261,594,2026-06-25 17:33:08.317664,4982.45,upi,temporary_network_issue,17,3,29.0,3,1,0,0,0.251,0,LINK_NEXT_MORNING,654,0,0.0
3262,769,2026-06-25 18:24:42.056411,2009.44,net_banking,insufficient_funds,18,3,80.7,2,0,1,1,0.183,0,HUMAN_REVIEW,36,0,0.0
3263,459,2026-06-25 19:16:15.795159,732.34,debit_card,insufficient_funds,19,3,17.7,3,2,1,1,0.071,0,LINK_NOW,6,0,0.0
3264,233,2026-06-25 20:07:49.533907,2167.91,net_banking,temporary_network_issue,20,3,189.5,4,2,0,3,0.172,0,LINK_NEXT_MORNING,651,1,2037.88
3265,233,2026-06-25 20:59:23.272655,1657.39,wallet,temporary_network_issue,20,3,189.5,4,2,0,2,0.129,0,LINK_AFTER_2H,98,0,0.0
3266,415,2026-06-25 21:50:57.011402,3506.37,debit_card,insufficient_funds,21,3,35.9,2,3,0,3,0.36,0,LINK_AFTER_2H,118,0,0.0
3267,154,2026-06-25 22:42:30.750150,14171.29,debit_card,bank_limit_exceeded,22,3,32.4,3,3,1,3,0.219,0,HUMAN_REVIEW,70,0,0.0
3268,233,2026-06-25 23:34:04.488898,10363.32,wallet,card_blocked,23,3,189.5,4,2,0,4,0.176,0,LINK_NEXT_MORNING,586,0,0.0
3269,71,2026-06-26 00:25:38.227646,2113.7,upi,risk_declined,0,4,98.3,1,1,0,1,0.158,0,HUMAN_REVIEW,71,0,0.0
3270,91,2026-06-26 01:17:11.966393,3013.93,upi,temporary_network_issue,1,4,286.8,1,3,0,4,0.237,0,LINK_NEXT_MORNING,553,1,2642.64
3271,427,2026-06-26 02:08:45.705141,523.79,net_banking,card_blocked,2,4,31.4,5,1,2,1,0.102,0,LINK_AFTER_2H,104,0,0.0
3272,622,2026-06-26 03:00:19.443889,5197.36,debit_card,temporary_network_issue,3,4,137.1,1,0,1,1,0.204,0,LINK_NEXT_MORNING,527,0,0.0
3273,71,2026-06-26 03:51:53.182637,3220.8,net_banking,card_blocked,3,4,98.3,1,1,0,3,0.272,0,LINK_NEXT_MORNING,601,0,0.0
3274,193,2026-06-26 04:43:26.921384,4604.83,net_banking,bank_limit_exceeded,4,4,318.6,1,3,0,3,0.42,0,LINK_AFTER_2H,97,0,0.0
3275,83,2026-06-26 05:35:00.660132,925.25,debit_card,card_blocked,5,4,208.1,4,0,0,0,0.285,1,NO_CONTACT,0,0,0.0
3276,233,2026-06-26 06:26:34.398880,2770.31,upi,insufficient_funds,6,4,189.5,4,2,0,1,0.216,0,LINK_NOW,12,1,2618.57
3277,710,2026-06-26 07:18:08.137628,1249.86,upi,insufficient_funds,7,4,103.4,2,0,0,3,0.4,0,LINK_AFTER_2H,130,0,0.0
3278,11,2026-06-26 08:09:41.876375,8415.57,net_banking,bank_limit_exceeded,8,4,55.1,2,1,0,1,0.046,0,LINK_AFTER_2H,135,0,0.0
3279,193,2026-06-26 09:01:15.615123,4195.51,debit_card,insufficient_funds,9,4,318.6,1,3,0,1,0.254,0,LINK_NOW,21,1,3660.53
3280,266,2026-06-26 09:52:49.353871,10431.06,net_banking,risk_declined,9,4,43.3,4,1,0,2,0.499,0,LINK_NOW,19,0,0.0
3281,83,2026-06-26 10:44:23.092619,695.49,credit_card,temporary_network_issue,10,4,208.1,4,0,0,1,0.174,0,NO_CONTACT,0,0,0.0
3282,83,2026-06-26 11:35:56.831366,2125.09,wallet,temporary_network_issue,11,4,208.1,4,0,0,4,0.229,0,NO_CONTACT,0,0,0.0
3283,58,2026-06-26 12:27:30.570114,1969.47,net_banking,card_blocked,12,4,17.4,3,0,1,1,0.144,0,LINK_AFTER_2H,146,0,0.0
3284,314,2026-06-26 13:19:04.308862,3777.4,credit_card,insufficient_funds,13,4,126.7,3,7,0,2,0.027,0,NO_CONTACT,0,0,0.0
3285,459,2026-06-26 14:10:38.047610,3332.69,debit_card,temporary_network_issue,14,4,17.7,3,2,1,0,0.18,0,NO_CONTACT,0,0,0.0
3286,542,2026-06-26 15:02:11.786357,2813.24,upi,insufficient_funds,15,4,18.7,3,0,1,2,0.327,0,NO_CONTACT,0,0,0.0
3287,193,2026-06-26 15:53:45.525105,428.11,debit_card,card_blocked,15,4,318.6,1,3,0,1,0.244,0,HUMAN_REVIEW,111,0,0.0
3288,710,2026-06-26 16:45:19.263853,729.47,credit_card,insufficient_funds,16,4,103.4,2,0,0,3,0.136,0,NO_CONTACT,0,1,678.55
3289,71,2026-06-26 17:36:53.002601,1698.23,debit_card,insufficient_funds,17,4,98.3,1,1,0,0,0.126,0,LINK_AFTER_2H,145,1,1383.7
3290,233,2026-06-26 18:28:26.741348,3731.26,upi,risk_declined,18,4,189.5,4,2,0,1,0.346,0,LINK_NEXT_MORNING,641,0,0.0
3291,193,2026-06-26 19:20:00.480096,14775.26,debit_card,temporary_network_issue,19,4,318.6,1,3,0,1,0.131,0,LINK_NOW,22,0,0.0
3292,193,2026-06-26 20:11:34.218844,3187.69,net_banking,insufficient_funds,20,4,318.6,1,3,0,1,0.127,0,HUMAN_REVIEW,57,0,0.0
3293,233,2026-06-26 21:03:07.957592,9587.16,debit_card,temporary_network_issue,21,4,189.5,4,2,0,2,0.221,0,NO_CONTACT,0,0,0.0
3294,459,2026-06-26 21:54:41.696339,1599.48,credit_card,temporary_network_issue,21,4,17.7,3,2,1,0,0.05,0,HUMAN_REVIEW,70,1,1517.85
3295,193,2026-06-26 22:46:15.435087,441.13,debit_card,temporary_network_issue,22,4,318.6,1,3,0,2,0.118,0,LINK_AFTER_2H,99,1,438.42
3296,173,2026-06-26 23:37:49.173835,4263.07,debit_card,bank_limit_exceeded,23,4,204.8,5,0,0,0,0.084,0,LINK_AFTER_2H,141,1,3568.46
3297,125,2026-06-27 00:29:22.912583,2451.51,upi,card_blocked,0,5,176.2,1,4,0,0,0.305,0,LINK_AFTER_2H,132,1,2165.62
3298,193,2026-06-27 01:20:56.651330,1514.55,wallet,insufficient_funds,1,5,318.6,1,3,0,2,0.027,0,HUMAN_REVIEW,85,0,0.0
3299,459,2026-06-27 02:12:30.390078,374.12,credit_card,temporary_network_issue,2,5,17.7,3,2,1,0,0.123,0,LINK_NEXT_MORNING,630,0,0.0
3300,233,2026-06-27 03:04:04.128826,215.96,debit_card,insufficient_funds,3,5,189.5,4,2,0,2,0.072,0,HUMAN_REVIEW,39,0,0.0
3301,233,2026-06-27 03:55:37.867574,10162.97,wallet,insufficient_funds,3,5,189.5,4,2,0,2,0.159,0,NO_CONTACT,0,0,0.0
3302,487,2026-06-27 04:47:11.606321,1166.34,debit_card,bank_limit_exceeded,4,5,334.2,0,3,0,1,0.665,0,HUMAN_REVIEW,94,0,0.0
3303,233,2026-06-27 05:38:45.345069,6419.86,debit_card,temporary_network_issue,5,5,189.5,4,2,0,1,0.111,0,LINK_NOW,23,0,0.0
3304,233,2026-06-27 06:30:19.083817,18486.44,credit_card,risk_declined,6,5,189.5,4,2,0,1,0.046,0,LINK_NOW,28,0,0.0
3305,233,2026-06-27 07:21:52.822565,1599.37,upi,insufficient_funds,7,5,189.5,4,2,0,6,0.098,0,NO_CONTACT,0,0,0.0
3306,233,2026-06-27 08:13:26.561312,9493.98,debit_card,insufficient_funds,8,5,189.5,4,2,0,2,0.041,0,HUMAN_REVIEW,75,1,8800.22
3307,193,2026-06-27 09:05:00.300060,4464.32,net_banking,temporary_network_issue,9,5,318.6,1,3,0,0,0.22,0,LINK_AFTER_2H,130,1,3610.3
3308,233,2026-06-27 09:56:34.038808,9199.92,debit_card,temporary_network_issue,9,5,189.5,4,2,0,1,0.067,0,NO_CONTACT,0,1,8701.25
3309,193,2026-06-27 10:48:07.777556,2669.24,credit_card,card_blocked,10,5,318.6,1,3,0,1,0.301,0,LINK_NOW,4,0,0.0
3310,233,2026-06-27 11:39:41.516303,3949.14,credit_card,temporary_network_issue,11,5,189.5,4,2,0,1,0.101,0,LINK_AFTER_2H,133,0,0.0
3311,710,2026-06-27 12:31:15.255051,5883.57,upi,temporary_network_issue,12,5,103.4,2,0,0,1,0.097,0,NO_CONTACT,0,0,0.0
3312,459,2026-06-27 13:22:48.993799,401.03,upi,card_blocked,13,5,17.7,3,2,1,1,0.024,0,LINK_NOW,28,1,351.39
3313,596,2026-06-27 14:14:22.732547,1763.69,net_banking,card_blocked,14,5,7.4,2,2,0,3,0.449,0,LINK_NOW,19,0,0.0
3314,233,2026-06-27 15:05:56.471294,414.3,credit_card,risk_declined,15,5,189.5,4,2,0,2,0.196,0,HUMAN_REVIEW,79,1,371.94
3315,317,2026-06-27 15:57:30.210042,2128.54,debit_card,temporary_network_issue,15,5,239.0,2,1,0,0,0.215,0,HUMAN_REVIEW,49,0,0.0
3316,233,2026-06-27 16:49:03.948790,1518.43,debit_card,risk_declined,16,5,189.5,4,2,0,2,0.243,0,NO_CONTACT,0,0,0.0
3317,695,2026-06-27 17:40:37.687538,14162.56,debit_card,temporary_network_issue,17,5,304.2,2,4,0,2,0.274,0,HUMAN_REVIEW,92,1,11408.94
3318,459,2026-06-27 18:32:11.426285,25884.26,upi,card_blocked,18,5,17.7,3,2,1,2,0.246,0,LINK_NEXT_MORNING,487,1,22588.69
3319,553,2026-06-27 19:23:45.165033,4156.95,credit_card,risk_declined,19,5,243.2,2,0,0,1,0.021,0,LINK_AFTER_2H,114,0,0.0
3320,459,2026-06-27 20:15:18.903781,17560.96,net_banking,insufficient_funds,20,5,17.7,3,2,1,1,0.436,0,LINK_AFTER_2H,90,0,0.0
3321,257,2026-06-27 21:06:52.642529,3058.93,debit_card,temporary_network_issue,21,5,335.3,2,0,0,2,0.241,0,HUMAN_REVIEW,73,1,2628.21
3322,83,2026-06-27 21:58:26.381276,1099.36,net_banking,bank_limit_exceeded,21,5,208.1,4,0,0,5,0.076,0,LINK_NOW,15,1,923.22
3323,459,2026-06-27 22:50:00.120024,6232.75,net_banking,temporary_network_issue,22,5,17.7,3,2,1,1,0.171,0,LINK_NOW,4,1,6178.74
3324,594,2026-06-27 23:41:33.858772,1701.96,debit_card,risk_declined,23,5,29.0,3,1,0,1,0.252,0,LINK_NEXT_MORNING,657,0,0.0
3325,233,2026-06-28 00:33:07.597520,2096.27,credit_card,insufficient_funds,0,6,189.5,4,2,0,1,0.172,0,LINK_NEXT_MORNING,594,0,0.0
3326,173,2026-06-28 01:24:41.336267,4793.84,debit_card,card_blocked,1,6,204.8,5,0,0,1,0.203,0,LINK_NOW,28,1,4243.13
3327,233,2026-06-28 02:16:15.075015,1433.21,upi,risk_declined,2,6,189.5,4,2,0,3,0.115,0,HUMAN_REVIEW,42,0,0.0
3328,233,2026-06-28 03:07:48.813763,28771.37,debit_card,temporary_network_issue,3,6,189.5,4,2,0,1,0.099,0,LINK_NOW,0,0,0.0
3329,71,2026-06-28 03:59:22.552511,199.0,credit_card,temporary_network_issue,3,6,98.3,1,1,0,1,0.211,0,LINK_NOW,7,1,186.62
3330,594,2026-06-28 04:50:56.291258,613.03,upi,insufficient_funds,4,6,29.0,3,1,0,1,0.069,0,LINK_NOW,0,0,0.0
3331,233,2026-06-28 05:42:30.030006,3115.34,credit_card,insufficient_funds,5,6,189.5,4,2,0,2,0.08,0,LINK_NEXT_MORNING,499,0,0.0
3332,459,2026-06-28 06:34:03.768754,3540.62,debit_card,temporary_network_issue,6,6,17.7,3,2,1,2,0.314,0,HUMAN_REVIEW,54,0,0.0
3333,459,2026-06-28 07:25:37.507502,2204.07,debit_card,risk_declined,7,6,17.7,3,2,1,0,0.23,0,LINK_NEXT_MORNING,508,0,0.0
3334,459,2026-06-28 08:17:11.246249,2361.0,debit_card,bank_limit_exceeded,8,6,17.7,3,2,1,0,0.122,0,LINK_AFTER_2H,92,1,2204.71
3335,596,2026-06-28 09:08:44.984997,538.82,debit_card,card_blocked,9,6,7.4,2,2,0,0,0.107,0,HUMAN_REVIEW,47,0,0.0
3336,91,2026-06-28 10:00:18.723745,6093.68,upi,risk_declined,10,6,286.8,1,3,0,0,0.297,1,NO_CONTACT,0,0,0.0
3337,710,2026-06-28 10:51:52.462492,3024.12,credit_card,card_blocked,10,6,103.4,2,0,0,1,0.11,0,LINK_NOW,20,0,0.0
3338,83,2026-06-28 11:43:26.201240,2450.51,debit_card,card_blocked,11,6,208.1,4,0,0,3,0.172,0,HUMAN_REVIEW,111,0,0.0
3339,233,2026-06-28 12:34:59.939988,5612.31,credit_card,risk_declined,12,6,189.5,4,2,0,1,0.083,0,LINK_AFTER_2H,113,0,0.0
3340,233,2026-06-28 13:26:33.678736,5219.2,debit_card,temporary_network_issue,13,6,189.5,4,2,0,1,0.293,0,NO_CONTACT,0,0,0.0
3341,233,2026-06-28 14:18:07.417483,949.14,credit_card,temporary_network_issue,14,6,189.5,4,2,0,1,0.216,0,LINK_AFTER_2H,146,0,0.0
3342,722,2026-06-28 15:09:41.156231,3410.96,debit_card,insufficient_funds,15,6,34.3,1,3,0,1,0.224,0,NO_CONTACT,0,0,0.0
3343,489,2026-06-28 16:01:14.894979,2542.26,debit_card,risk_declined,16,6,584.9,2,2,0,1,0.143,0,LINK_NEXT_MORNING,660,0,0.0
3344,193,2026-06-28 16:52:48.633727,5445.04,credit_card,insufficient_funds,16,6,318.6,1,3,0,0,0.087,0,LINK_NEXT_MORNING,549,0,0.0
3345,193,2026-06-28 17:44:22.372474,9627.18,debit_card,insufficient_funds,17,6,318.6,1,3,0,1,0.129,0,LINK_NOW,27,0,0.0
3346,125,2026-06-28 18:35:56.111222,1840.42,debit_card,temporary_network_issue,18,6,176.2,1,4,0,3,0.15,0,HUMAN_REVIEW,91,0,0.0
3347,193,2026-06-28 19:27:29.849970,5429.01,debit_card,bank_limit_exceeded,19,6,318.6,1,3,0,1,0.057,0,HUMAN_REVIEW,81,0,0.0
3348,377,2026-06-28 20:19:03.588718,3091.58,debit_card,risk_declined,20,6,129.4,1,0,0,3,0.208,0,LINK_AFTER_2H,103,0,0.0
3349,233,2026-06-28 21:10:37.327465,558.02,debit_card,temporary_network_issue,21,6,189.5,4,2,0,1,0.166,0,LINK_NOW,25,0,0.0
3350,459,2026-06-28 22:02:11.066213,992.19,net_banking,card_blocked,22,6,17.7,3,2,1,0,0.035,0,NO_CONTACT,0,0,0.0
3351,193,2026-06-28 22:53:44.804961,1013.28,net_banking,bank_limit_exceeded,22,6,318.6,1,3,0,1,0.054,0,LINK_NEXT_MORNING,678,0,0.0
3352,747,2026-06-28 23:45:18.543709,9148.31,net_banking,temporary_network_issue,23,6,19.4,2,2,1,2,0.208,0,LINK_NOW,25,0,0.0
3353,173,2026-06-29 00:36:52.282456,595.43,wallet,temporary_network_issue,0,0,204.8,5,0,0,1,0.166,0,LINK_AFTER_2H,100,0,0.0
3354,710,2026-06-29 01:28:26.021204,389.62,upi,temporary_network_issue,1,0,103.4,2,0,0,0,0.172,0,LINK_AFTER_2H,110,0,0.0
3355,459,2026-06-29 02:19:59.759952,7253.0,credit_card,insufficient_funds,2,0,17.7,3,2,1,2,0.182,0,HUMAN_REVIEW,98,0,0.0
3356,233,2026-06-29 03:11:33.498700,3253.52,debit_card,bank_limit_exceeded,3,0,189.5,4,2,0,2,0.399,0,HUMAN_REVIEW,60,0,0.0
3357,173,2026-06-29 04:03:07.237447,1759.18,upi,risk_declined,4,0,204.8,5,0,0,1,0.086,0,HUMAN_REVIEW,74,0,0.0
3358,193,2026-06-29 04:54:40.976195,267.03,credit_card,card_blocked,4,0,318.6,1,3,0,0,0.039,0,LINK_NEXT_MORNING,588,1,235.35
3359,71,2026-06-29 05:46:14.714943,277.64,net_banking,temporary_network_issue,5,0,98.3,1,1,0,0,0.315,0,LINK_AFTER_2H,116,1,265.92
3360,521,2026-06-29 06:37:48.453691,199.0,wallet,bank_limit_exceeded,6,0,249.5,2,2,1,0,0.332,0,LINK_NEXT_MORNING,704,1,187.01
3361,710,2026-06-29 07:29:22.192438,897.88,net_banking,insufficient_funds,7,0,103.4,2,0,0,0,0.221,0,HUMAN_REVIEW,63,0,0.0
3362,71,2026-06-29 08:20:55.931186,39529.12,credit_card,insufficient_funds,8,0,98.3,1,1,0,1,0.264,0,LINK_AFTER_2H,139,0,0.0
3363,193,2026-06-29 09:12:29.669934,3310.9,net_banking,insufficient_funds,9,0,318.6,1,3,0,1,0.18,0,HUMAN_REVIEW,98,0,0.0
3364,193,2026-06-29 10:04:03.408682,4146.59,debit_card,card_blocked,10,0,318.6,1,3,0,0,0.157,0,HUMAN_REVIEW,55,0,0.0
3365,71,2026-06-29 10:55:37.147429,2322.07,upi,risk_declined,10,0,98.3,1,1,0,0,0.473,0,NO_CONTACT,0,0,0.0
3366,233,2026-06-29 11:47:10.886177,506.3,debit_card,temporary_network_issue,11,0,189.5,4,2,0,1,0.04,0,HUMAN_REVIEW,77,1,405.8
3367,83,2026-06-29 12:38:44.624925,1410.06,debit_card,card_blocked,12,0,208.1,4,0,0,3,0.154,0,LINK_NOW,19,1,1271.11
3368,747,2026-06-29 13:30:18.363673,9592.96,net_banking,insufficient_funds,13,0,19.4,2,2,1,0,0.185,0,HUMAN_REVIEW,113,0,0.0
3369,233,2026-06-29 14:21:52.102420,4098.74,debit_card,insufficient_funds,14,0,189.5,4,2,0,2,0.141,0,HUMAN_REVIEW,107,1,3387.14
3370,495,2026-06-29 15:13:25.841168,199.0,credit_card,insufficient_funds,15,0,92.3,0,0,0,1,0.071,0,HUMAN_REVIEW,34,0,0.0
3371,314,2026-06-29 16:04:59.579916,20231.62,credit_card,temporary_network_issue,16,0,126.7,3,7,0,4,0.306,0,LINK_AFTER_2H,101,0,0.0
3372,233,2026-06-29 16:56:33.318664,2230.16,debit_card,risk_declined,16,0,189.5,4,2,0,0,0.113,0,NO_CONTACT,0,0,0.0
3373,233,2026-06-29 17:48:07.057411,994.68,upi,risk_declined,17,0,189.5,4,2,0,5,0.117,0,NO_CONTACT,0,0,0.0
3374,233,2026-06-29 18:39:40.796159,1783.91,debit_card,insufficient_funds,18,0,189.5,4,2,0,2,0.064,0,LINK_NOW,12,0,0.0
3375,233,2026-06-29 19:31:14.534907,1469.06,credit_card,insufficient_funds,19,0,189.5,4,2,0,2,0.15,0,LINK_NOW,15,1,1300.9
3376,193,2026-06-29 20:22:48.273655,1053.96,net_banking,risk_declined,20,0,318.6,1,3,0,1,0.277,0,HUMAN_REVIEW,45,0,0.0
3377,459,2026-06-29 21:14:22.012402,4878.47,credit_card,insufficient_funds,21,0,17.7,3,2,1,4,0.122,0,NO_CONTACT,0,0,0.0
3378,233,2026-06-29 22:05:55.751150,927.87,debit_card,temporary_network_issue,22,0,189.5,4,2,0,0,0.44,0,LINK_NEXT_MORNING,658,0,0.0
3379,314,2026-06-29 22:57:29.489898,881.04,debit_card,insufficient_funds,22,0,126.7,3,7,0,2,0.063,0,LINK_AFTER_2H,143,0,0.0
3380,173,2026-06-29 23:49:03.228646,2922.81,debit_card,temporary_network_issue,23,0,204.8,5,0,0,0,0.45,1,NO_CONTACT,0,0,0.0
3381,193,2026-06-30 00:40:36.967393,3838.22,credit_card,temporary_network_issue,0,1,318.6,1,3,0,3,0.582,0,LINK_NOW,3,0,0.0
3382,690,2026-06-30 01:32:10.706141,5811.93,credit_card,insufficient_funds,1,1,19.6,3,2,0,0,0.139,0,HUMAN_REVIEW,42,1,4848.25
3383,680,2026-06-30 02:23:44.444889,5462.76,net_banking,temporary_network_issue,2,1,63.7,1,1,1,3,0.035,0,HUMAN_REVIEW,47,0,0.0
3384,173,2026-06-30 03:15:18.183637,2974.63,credit_card,temporary_network_issue,3,1,204.8,5,0,0,1,0.156,0,LINK_NEXT_MORNING,716,0,0.0
3385,233,2026-06-30 04:06:51.922384,296.63,upi,insufficient_funds,4,1,189.5,4,2,0,1,0.11,0,NO_CONTACT,0,0,0.0
3386,193,2026-06-30 04:58:25.661132,11229.55,upi,card_blocked,4,1,318.6,1,3,0,0,0.135,0,NO_CONTACT,0,0,0.0
3387,193,2026-06-30 05:49:59.399880,8211.65,credit_card,risk_declined,5,1,318.6,1,3,0,2,0.196,0,LINK_NEXT_MORNING,555,0,0.0
3388,233,2026-06-30 06:41:33.138628,3434.77,upi,insufficient_funds,6,1,189.5,4,2,0,0,0.054,0,LINK_NEXT_MORNING,626,1,3412.94
3389,233,2026-06-30 07:33:06.877375,1926.82,credit_card,insufficient_funds,7,1,189.5,4,2,0,2,0.324,0,HUMAN_REVIEW,110,1,1898.75
3390,459,2026-06-30 08:24:40.616123,1235.16,upi,insufficient_funds,8,1,17.7,3,2,1,1,0.625,1,LINK_NOW,9,0,0.0
3391,594,2026-06-30 09:16:14.354871,6406.52,debit_card,temporary_network_issue,9,1,29.0,3,1,0,3,0.267,0,LINK_NEXT_MORNING,678,1,5550.96
3392,233,2026-06-30 10:07:48.093619,280.88,credit_card,risk_declined,10,1,189.5,4,2,0,1,0.397,0,LINK_AFTER_2H,110,0,0.0
3393,596,2026-06-30 10:59:21.832366,3992.75,upi,insufficient_funds,10,1,7.4,2,2,0,2,0.104,0,NO_CONTACT,0,0,0.0
3394,412,2026-06-30 11:50:55.571114,4840.56,wallet,temporary_network_issue,11,1,13.3,1,0,1,2,0.163,0,LINK_NOW,13,1,3959.98
3395,689,2026-06-30 12:42:29.309862,199.0,debit_card,insufficient_funds,12,1,24.4,2,2,0,1,0.131,0,LINK_AFTER_2H,128,0,0.0
3396,443,2026-06-30 13:34:03.048610,24615.32,debit_card,temporary_network_issue,13,1,59.3,1,1,0,1,0.182,0,LINK_AFTER_2H,142,1,23544.69
3397,173,2026-06-30 14:25:36.787357,41805.33,upi,insufficient_funds,14,1,204.8,5,0,0,0,0.147,0,LINK_NOW,0,0,0.0
3398,233,2026-06-30 15:17:10.526105,32100.07,net_banking,bank_limit_exceeded,15,1,189.5,4,2,0,2,0.146,0,LINK_AFTER_2H,103,1,27312.46
3399,233,2026-06-30 16:08:44.264853,5732.7,debit_card,card_blocked,16,1,189.5,4,2,0,3,0.255,0,LINK_NEXT_MORNING,610,0,0.0
3400,204,2026-06-30 17:00:18.003601,22787.57,debit_card,insufficient_funds,17,1,62.2,4,3,0,0,0.108,0,LINK_AFTER_2H,121,0,0.0
3401,91,2026-06-30 17:51:51.742348,1824.1,upi,risk_declined,17,1,286.8,1,3,0,0,0.085,0,LINK_AFTER_2H,98,0,0.0
3402,193,2026-06-30 18:43:25.481096,40463.88,upi,insufficient_funds,18,1,318.6,1,3,0,4,0.138,0,LINK_NEXT_MORNING,490,0,0.0
3403,459,2026-06-30 19:34:59.219844,3053.81,upi,insufficient_funds,19,1,17.7,3,2,1,2,0.273,0,NO_CONTACT,0,1,2812.88
3404,125,2026-06-30 20:26:32.958592,217.31,debit_card,bank_limit_exceeded,20,1,176.2,1,4,0,0,0.094,0,HUMAN_REVIEW,52,0,0.0
3405,193,2026-06-30 21:18:06.697339,1029.49,net_banking,insufficient_funds,21,1,318.6,1,3,0,1,0.231,0,HUMAN_REVIEW,59,1,1010.2
3406,208,2026-06-30 22:09:40.436087,4037.27,credit_card,bank_limit_exceeded,22,1,53.1,1,3,0,0,0.442,0,NO_CONTACT,0,1,3456.51
3407,594,2026-06-30 23:01:14.174835,3144.54,net_banking,card_blocked,23,1,29.0,3,1,0,1,0.378,0,LINK_NEXT_MORNING,654,0,0.0
3408,233,2026-06-30 23:52:47.913583,615.91,net_banking,bank_limit_exceeded,23,1,189.5,4,2,0,0,0.258,0,LINK_NOW,22,0,0.0
3409,273,2026-07-01 00:44:21.652330,12050.88,credit_card,risk_declined,0,2,58.4,3,0,1,1,0.128,0,LINK_AFTER_2H,94,0,0.0
3410,83,2026-07-01 01:35:55.391078,9489.34,net_banking,insufficient_funds,1,2,208.1,4,0,0,1,0.074,0,LINK_NOW,29,0,0.0
3411,457,2026-07-01 02:27:29.129826,1130.21,credit_card,risk_declined,2,2,160.0,2,4,2,1,0.358,0,LINK_NOW,18,0,0.0
3412,594,2026-07-01 03:19:02.868574,258.84,debit_card,insufficient_funds,3,2,29.0,3,1,0,2,0.183,0,LINK_AFTER_2H,115,0,0.0
3413,459,2026-07-01 04:10:36.607321,5652.62,debit_card,card_blocked,4,2,17.7,3,2,1,1,0.123,0,LINK_NOW,3,1,5605.54
3414,222,2026-07-01 05:02:10.346069,1392.92,upi,temporary_network_issue,5,2,220.2,1,1,0,0,0.189,0,LINK_AFTER_2H,141,1,1193.32
3415,459,2026-07-01 05:53:44.084817,1260.65,debit_card,card_blocked,5,2,17.7,3,2,1,4,0.44,0,HUMAN_REVIEW,58,0,0.0
3416,91,2026-07-01 06:45:17.823565,652.89,credit_card,risk_declined,6,2,286.8,1,3,0,2,0.412,0,HUMAN_REVIEW,74,0,0.0
3417,97,2026-07-01 07:36:51.562312,12629.93,credit_card,risk_declined,7,2,222.4,0,2,1,2,0.538,0,NO_CONTACT,0,0,0.0
3418,459,2026-07-01 08:28:25.301060,398.28,net_banking,risk_declined,8,2,17.7,3,2,1,4,0.12,0,LINK_NEXT_MORNING,581,0,0.0
3419,193,2026-07-01 09:19:59.039808,1001.37,credit_card,risk_declined,9,2,318.6,1,3,0,0,0.155,0,LINK_AFTER_2H,143,0,0.0
3420,58,2026-07-01 10:11:32.778556,1450.67,upi,temporary_network_issue,10,2,17.4,3,0,1,0,0.142,0,LINK_AFTER_2H,148,1,1245.27
3421,173,2026-07-01 11:03:06.517303,1471.46,upi,risk_declined,11,2,204.8,5,0,0,2,0.09,0,LINK_NEXT_MORNING,614,1,1459.29
3422,596,2026-07-01 11:54:40.256051,199.0,debit_card,card_blocked,11,2,7.4,2,2,0,1,0.307,0,HUMAN_REVIEW,45,0,0.0
3423,233,2026-07-01 12:46:13.994799,1341.27,net_banking,risk_declined,12,2,189.5,4,2,0,2,0.127,0,LINK_NEXT_MORNING,551,1,1092.48
3424,173,2026-07-01 13:37:47.733547,4261.23,debit_card,bank_limit_exceeded,13,2,204.8,5,0,0,2,0.354,0,LINK_NEXT_MORNING,568,0,0.0
3425,747,2026-07-01 14:29:21.472294,3537.04,debit_card,insufficient_funds,14,2,19.4,2,2,1,1,0.33,0,NO_CONTACT,0,0,0.0
3426,594,2026-07-01 15:20:55.211042,199.0,credit_card,temporary_network_issue,15,2,29.0,3,1,0,0,0.43,0,LINK_NEXT_MORNING,695,0,0.0
3427,193,2026-07-01 16:12:28.949790,7999.06,debit_card,risk_declined,16,2,318.6,1,3,0,0,0.078,0,HUMAN_REVIEW,70,1,7428.38
3428,747,2026-07-01 17:04:02.688538,4987.75,upi,insufficient_funds,17,2,19.4,2,2,1,0,0.343,0,HUMAN_REVIEW,90,0,0.0
3429,747,2026-07-01 17:55:36.427285,307.73,upi,temporary_network_issue,17,2,19.4,2,2,1,1,0.24,0,LINK_AFTER_2H,140,1,303.58
3430,747,2026-07-01 18:47:10.166033,1757.79,upi,risk_declined,18,2,19.4,2,2,1,0,0.43,1,HUMAN_REVIEW,84,0,0.0
3431,193,2026-07-01 19:38:43.904781,509.27,wallet,insufficient_funds,19,2,318.6,1,3,0,2,0.046,0,LINK_NEXT_MORNING,671,0,0.0
3432,83,2026-07-01 20:30:17.643529,9413.68,credit_card,bank_limit_exceeded,20,2,208.1,4,0,0,2,0.081,0,NO_CONTACT,0,0,0.0
3433,166,2026-07-01 21:21:51.382276,12241.76,credit_card,bank_limit_exceeded,21,2,335.7,2,1,0,2,0.221,0,HUMAN_REVIEW,80,1,11439.13
3434,233,2026-07-01 22:13:25.121024,5962.81,debit_card,insufficient_funds,22,2,189.5,4,2,0,4,0.199,0,LINK_NEXT_MORNING,500,0,0.0
3435,83,2026-07-01 23:04:58.859772,18613.5,net_banking,risk_declined,23,2,208.1,4,0,0,2,0.204,0,NO_CONTACT,0,0,0.0
3436,233,2026-07-01 23:56:32.598520,4372.87,debit_card,insufficient_funds,23,2,189.5,4,2,0,0,0.171,0,LINK_NEXT_MORNING,586,0,0.0
3437,459,2026-07-02 00:48:06.337267,2752.75,upi,risk_declined,0,3,17.7,3,2,1,1,0.03,0,LINK_NEXT_MORNING,665,0,0.0
3438,233,2026-07-02 01:39:40.076015,5272.81,net_banking,temporary_network_issue,1,3,189.5,4,2,0,1,0.244,0,LINK_NOW,15,0,0.0
3439,233,2026-07-02 02:31:13.814763,875.76,net_banking,risk_declined,2,3,189.5,4,2,0,6,0.463,0,LINK_NEXT_MORNING,712,0,0.0
3440,233,2026-07-02 03:22:47.553511,673.09,credit_card,insufficient_funds,3,3,189.5,4,2,0,1,0.089,0,HUMAN_REVIEW,76,0,0.0
3441,233,2026-07-02 04:14:21.292258,1960.98,credit_card,card_blocked,4,3,189.5,4,2,0,0,0.06,0,LINK_NOW,10,1,1905.53
3442,71,2026-07-02 05:05:55.031006,1472.36,debit_card,risk_declined,5,3,98.3,1,1,0,1,0.367,0,LINK_AFTER_2H,97,0,0.0
3443,193,2026-07-02 05:57:28.769754,981.27,wallet,insufficient_funds,5,3,318.6,1,3,0,1,0.326,0,LINK_NOW,2,0,0.0
3444,193,2026-07-02 06:49:02.508502,16993.87,debit_card,risk_declined,6,3,318.6,1,3,0,2,0.182,0,LINK_AFTER_2H,135,0,0.0
3445,71,2026-07-02 07:40:36.247249,998.18,net_banking,bank_limit_exceeded,7,3,98.3,1,1,0,1,0.326,0,HUMAN_REVIEW,35,1,818.35
3446,125,2026-07-02 08:32:09.985997,403.94,wallet,card_blocked,8,3,176.2,1,4,0,2,0.1,0,HUMAN_REVIEW,104,0,0.0
3447,596,2026-07-02 09:23:43.724745,412.65,debit_card,risk_declined,9,3,7.4,2,2,0,0,0.167,0,NO_CONTACT,0,0,0.0
3448,4,2026-07-02 10:15:17.463493,2956.41,credit_card,temporary_network_issue,10,3,147.4,1,1,0,0,0.201,0,NO_CONTACT,0,0,0.0
3449,173,2026-07-02 11:06:51.202240,17810.38,debit_card,temporary_network_issue,11,3,204.8,5,0,0,1,0.273,1,LINK_AFTER_2H,117,1,17215.12
3450,459,2026-07-02 11:58:24.940988,210.71,net_banking,insufficient_funds,11,3,17.7,3,2,1,0,0.178,0,LINK_NOW,9,0,0.0
3451,747,2026-07-02 12:49:58.679736,4873.78,upi,temporary_network_issue,12,3,19.4,2,2,1,0,0.163,0,NO_CONTACT,0,0,0.0
3452,633,2026-07-02 13:41:32.418484,11416.64,credit_card,temporary_network_issue,13,3,298.7,3,2,1,2,0.264,0,LINK_NEXT_MORNING,659,0,0.0
3453,233,2026-07-02 14:33:06.157231,834.92,debit_card,card_blocked,14,3,189.5,4,2,0,1,0.209,0,LINK_NEXT_MORNING,490,0,0.0
3454,710,2026-07-02 15:24:39.895979,787.32,debit_card,insufficient_funds,15,3,103.4,2,0,0,1,0.416,0,LINK_NOW,5,0,0.0
3455,735,2026-07-02 16:16:13.634727,26283.31,net_banking,insufficient_funds,16,3,324.2,4,2,1,1,0.254,0,LINK_NOW,7,0,0.0
3456,193,2026-07-02 17:07:47.373475,11643.91,credit_card,risk_declined,17,3,318.6,1,3,0,2,0.162,0,LINK_AFTER_2H,119,0,0.0
3457,233,2026-07-02 17:59:21.112222,1346.76,net_banking,insufficient_funds,17,3,189.5,4,2,0,0,0.172,0,NO_CONTACT,0,0,0.0
3458,594,2026-07-02 18:50:54.850970,4060.38,debit_card,temporary_network_issue,18,3,29.0,3,1,0,0,0.261,1,NO_CONTACT,0,0,0.0
3459,440,2026-07-02 19:42:28.589718,2494.9,net_banking,insufficient_funds,19,3,2.2,5,0,0,1,0.107,1,LINK_NEXT_MORNING,663,0,0.0
3460,58,2026-07-02 20:34:02.328466,7601.2,debit_card,temporary_network_issue,20,3,17.4,3,0,1,1,0.236,1,LINK_AFTER_2H,103,0,0.0
3461,193,2026-07-02 21:25:36.067213,2309.37,debit_card,bank_limit_exceeded,21,3,318.6,1,3,0,1,0.29,0,LINK_NEXT_MORNING,556,0,0.0
3462,594,2026-07-02 22:17:09.805961,1092.76,upi,risk_declined,22,3,29.0,3,1,0,0,0.162,0,HUMAN_REVIEW,35,1,920.19
3463,83,2026-07-02 23:08:43.544709,1124.01,credit_card,insufficient_funds,23,3,208.1,4,0,0,0,0.339,0,LINK_NEXT_MORNING,528,0,0.0
3464,222,2026-07-03 00:00:17.283457,11818.67,credit_card,temporary_network_issue,0,4,220.2,1,1,0,1,0.191,0,HUMAN_REVIEW,62,0,0.0
3465,193,2026-07-03 00:51:51.022204,3319.56,net_banking,bank_limit_exceeded,0,4,318.6,1,3,0,2,0.315,0,LINK_NEXT_MORNING,618,1,2748.29
3466,710,2026-07-03 01:43:24.760952,2702.61,net_banking,risk_declined,1,4,103.4,2,0,0,0,0.318,0,NO_CONTACT,0,0,0.0
3467,708,2026-07-03 02:34:58.499700,5352.18,debit_card,insufficient_funds,2,4,434.7,2,0,0,1,0.107,0,NO_CONTACT,0,0,0.0
3468,233,2026-07-03 03:26:32.238448,4938.44,debit_card,risk_declined,3,4,189.5,4,2,0,0,0.08,0,LINK_NEXT_MORNING,544,0,0.0
3469,89,2026-07-03 04:18:05.977195,568.56,credit_card,insufficient_funds,4,4,58.1,1,1,0,2,0.139,0,LINK_NOW,26,0,0.0
3470,233,2026-07-03 05:09:39.715943,1456.44,credit_card,temporary_network_issue,5,4,189.5,4,2,0,1,0.021,0,LINK_AFTER_2H,119,0,0.0
3471,11,2026-07-03 06:01:13.454691,560.34,credit_card,insufficient_funds,6,4,55.1,2,1,0,3,0.16,0,LINK_NEXT_MORNING,653,1,515.37
3472,233,2026-07-03 06:52:47.193439,854.29,upi,bank_limit_exceeded,6,4,189.5,4,2,0,2,0.034,0,LINK_NOW,25,1,824.86
3473,594,2026-07-03 07:44:20.932186,15226.73,upi,risk_declined,7,4,29.0,3,1,0,2,0.048,0,HUMAN_REVIEW,57,1,13283.47
3474,71,2026-07-03 08:35:54.670934,50000.0,credit_card,insufficient_funds,8,4,98.3,1,1,0,2,0.409,0,LINK_AFTER_2H,130,0,0.0
3475,233,2026-07-03 09:27:28.409682,752.74,credit_card,card_blocked,9,4,189.5,4,2,0,1,0.399,1,NO_CONTACT,0,0,0.0
3476,459,2026-07-03 10:19:02.148430,1235.99,credit_card,insufficient_funds,10,4,17.7,3,2,1,0,0.291,0,HUMAN_REVIEW,61,1,1166.88
3477,275,2026-07-03 11:10:35.887177,1914.22,debit_card,insufficient_funds,11,4,176.8,2,1,0,0,0.125,0,LINK_AFTER_2H,99,0,0.0
3478,71,2026-07-03 12:02:09.625925,199.0,upi,temporary_network_issue,12,4,98.3,1,1,0,1,0.349,0,LINK_NOW,11,0,0.0
3479,193,2026-07-03 12:53:43.364673,48180.85,debit_card,card_blocked,12,4,318.6,1,3,0,1,0.295,0,HUMAN_REVIEW,115,0,0.0
3480,193,2026-07-03 13:45:17.103421,536.06,credit_card,insufficient_funds,13,4,318.6,1,3,0,0,0.216,0,HUMAN_REVIEW,45,1,465.88
3481,233,2026-07-03 14:36:50.842168,1746.39,debit_card,temporary_network_issue,14,4,189.5,4,2,0,0,0.173,0,NO_CONTACT,0,0,0.0
3482,233,2026-07-03 15:28:24.580916,3986.11,credit_card,temporary_network_issue,15,4,189.5,4,2,0,0,0.213,0,HUMAN_REVIEW,111,0,0.0
3483,193,2026-07-03 16:19:58.319664,2579.72,debit_card,card_blocked,16,4,318.6,1,3,0,1,0.389,0,LINK_AFTER_2H,96,0,0.0
3484,233,2026-07-03 17:11:32.058412,2682.4,net_banking,insufficient_funds,17,4,189.5,4,2,0,1,0.227,0,LINK_NEXT_MORNING,659,0,0.0
3485,233,2026-07-03 18:03:05.797159,3805.73,debit_card,insufficient_funds,18,4,189.5,4,2,0,1,0.225,0,NO_CONTACT,0,0,0.0
3486,596,2026-07-03 18:54:39.535907,486.02,credit_card,insufficient_funds,18,4,7.4,2,2,0,1,0.06,0,LINK_NEXT_MORNING,579,1,450.76
3487,594,2026-07-03 19:46:13.274655,2374.29,debit_card,temporary_network_issue,19,4,29.0,3,1,0,1,0.212,0,LINK_NOW,1,1,1950.04
3488,167,2026-07-03 20:37:47.013403,11533.65,upi,card_blocked,20,4,39.3,2,1,0,2,0.079,0,NO_CONTACT,0,1,9585.05
3489,85,2026-07-03 21:29:20.752150,1309.86,credit_card,bank_limit_exceeded,21,4,723.3,0,0,0,4,0.053,0,NO_CONTACT,0,0,0.0
3490,314,2026-07-03 22:20:54.490898,2810.76,credit_card,insufficient_funds,22,4,126.7,3,7,0,0,0.03,0,LINK_NOW,8,0,0.0
3491,233,2026-07-03 23:12:28.229646,4305.79,debit_card,card_blocked,23,4,189.5,4,2,0,1,0.304,0,HUMAN_REVIEW,57,0,0.0
3492,416,2026-07-04 00:04:01.968394,4986.4,debit_card,insufficient_funds,0,5,63.0,1,2,0,2,0.096,0,NO_CONTACT,0,0,0.0
3493,11,2026-07-04 00:55:35.707141,3000.22,credit_card,insufficient_funds,0,5,55.1,2,1,0,1,0.393,0,LINK_NOW,29,0,0.0
3494,459,2026-07-04 01:47:09.445889,3528.18,credit_card,temporary_network_issue,1,5,17.7,3,2,1,0,0.013,0,LINK_AFTER_2H,118,1,3130.22
3495,71,2026-07-04 02:38:43.184637,792.31,credit_card,card_blocked,2,5,98.3,1,1,0,1,0.305,0,LINK_NOW,18,0,0.0
3496,83,2026-07-04 03:30:16.923385,499.81,debit_card,risk_declined,3,5,208.1,4,0,0,1,0.092,0,HUMAN_REVIEW,85,1,414.51
3497,233,2026-07-04 04:21:50.662132,3985.33,credit_card,card_blocked,4,5,189.5,4,2,0,0,0.251,0,LINK_AFTER_2H,114,0,0.0
3498,193,2026-07-04 05:13:24.400880,1527.31,net_banking,insufficient_funds,5,5,318.6,1,3,0,0,0.153,0,LINK_NEXT_MORNING,572,0,0.0
3499,193,2026-07-04 06:04:58.139628,3563.09,net_banking,card_blocked,6,5,318.6,1,3,0,1,0.088,0,LINK_NOW,22,0,0.0
3500,711,2026-07-04 06:56:31.878376,2431.09,debit_card,risk_declined,6,5,464.0,2,4,0,1,0.193,0,LINK_NOW,24,1,2004.6
3501,233,2026-07-04 07:48:05.617123,1036.46,debit_card,temporary_network_issue,7,5,189.5,4,2,0,0,0.65,0,LINK_NOW,9,1,972.5
3502,314,2026-07-04 08:39:39.355871,1268.19,net_banking,bank_limit_exceeded,8,5,126.7,3,7,0,0,0.164,0,LINK_NOW,8,0,0.0
3503,408,2026-07-04 09:31:13.094619,297.56,wallet,insufficient_funds,9,5,55.7,2,0,0,2,0.293,0,HUMAN_REVIEW,34,0,0.0
3504,459,2026-07-04 10:22:46.833367,2161.17,upi,risk_declined,10,5,17.7,3,2,1,4,0.119,0,NO_CONTACT,0,0,0.0
3505,233,2026-07-04 11:14:20.572114,764.06,debit_card,insufficient_funds,11,5,189.5,4,2,0,0,0.203,0,HUMAN_REVIEW,91,1,656.84
3506,747,2026-07-04 12:05:54.310862,4498.91,upi,card_blocked,12,5,19.4,2,2,1,2,0.657,1,LINK_AFTER_2H,144,0,0.0
3507,83,2026-07-04 12:57:28.049610,2316.9,debit_card,card_blocked,12,5,208.1,4,0,0,2,0.239,0,LINK_NEXT_MORNING,596,0,0.0
3508,637,2026-07-04 13:49:01.788358,4011.97,debit_card,insufficient_funds,13,5,26.0,3,2,0,0,0.575,0,HUMAN_REVIEW,91,0,0.0
3509,83,2026-07-04 14:40:35.527105,3211.25,debit_card,bank_limit_exceeded,14,5,208.1,4,0,0,1,0.365,0,LINK_AFTER_2H,144,1,2670.53
3510,71,2026-07-04 15:32:09.265853,5563.04,debit_card,insufficient_funds,15,5,98.3,1,1,0,0,0.062,0,NO_CONTACT,0,0,0.0
3511,233,2026-07-04 16:23:43.004601,5461.82,credit_card,insufficient_funds,16,5,189.5,4,2,0,0,0.244,0,LINK_AFTER_2H,149,0,0.0
3512,691,2026-07-04 17:15:16.743349,1550.69,credit_card,risk_declined,17,5,67.1,0,0,0,3,0.191,0,NO_CONTACT,0,0,0.0
3513,594,2026-07-04 18:06:50.482096,5113.24,credit_card,insufficient_funds,18,5,29.0,3,1,0,1,0.153,0,HUMAN_REVIEW,34,0,0.0
3514,233,2026-07-04 18:58:24.220844,8470.72,wallet,temporary_network_issue,18,5,189.5,4,2,0,0,0.347,0,LINK_NEXT_MORNING,547,1,7066.77
3515,233,2026-07-04 19:49:57.959592,1969.81,credit_card,card_blocked,19,5,189.5,4,2,0,1,0.119,0,LINK_AFTER_2H,126,1,1840.96
3516,193,2026-07-04 20:41:31.698340,5785.88,debit_card,risk_declined,20,5,318.6,1,3,0,2,0.101,0,NO_CONTACT,0,0,0.0
3517,91,2026-07-04 21:33:05.437087,3385.22,upi,bank_limit_exceeded,21,5,286.8,1,3,0,1,0.076,0,HUMAN_REVIEW,97,0,0.0
3518,459,2026-07-04 22:24:39.175835,5120.03,net_banking,risk_declined,22,5,17.7,3,2,1,3,0.282,0,NO_CONTACT,0,0,0.0
3519,91,2026-07-04 23:16:12.914583,5061.31,debit_card,risk_declined,23,5,286.8,1,3,0,2,0.006,0,NO_CONTACT,0,0,0.0
3520,12,2026-07-05 00:07:46.653331,9892.51,net_banking,bank_limit_exceeded,0,6,99.8,2,2,0,1,0.093,0,HUMAN_REVIEW,118,0,0.0
3521,193,2026-07-05 00:59:20.392078,306.04,debit_card,temporary_network_issue,0,6,318.6,1,3,0,2,0.08,0,NO_CONTACT,0,0,0.0
3522,459,2026-07-05 01:50:54.130826,5748.44,credit_card,insufficient_funds,1,6,17.7,3,2,1,0,0.443,0,LINK_NEXT_MORNING,511,1,5611.38
3523,710,2026-07-05 02:42:27.869574,5397.04,upi,risk_declined,2,6,103.4,2,0,0,2,0.205,0,NO_CONTACT,0,0,0.0
3524,710,2026-07-05 03:34:01.608322,12348.83,credit_card,insufficient_funds,3,6,103.4,2,0,0,3,0.196,0,LINK_NEXT_MORNING,493,1,11845.4
3525,233,2026-07-05 04:25:35.347069,3837.38,upi,insufficient_funds,4,6,189.5,4,2,0,1,0.342,0,HUMAN_REVIEW,119,0,0.0
3526,747,2026-07-05 05:17:09.085817,6369.01,credit_card,risk_declined,5,6,19.4,2,2,1,0,0.403,0,LINK_AFTER_2H,149,0,0.0
3527,125,2026-07-05 06:08:42.824565,2088.49,net_banking,bank_limit_exceeded,6,6,176.2,1,4,0,3,0.161,0,LINK_NOW,7,1,1998.12
3528,459,2026-07-05 07:00:16.563313,851.7,debit_card,temporary_network_issue,7,6,17.7,3,2,1,0,0.233,0,HUMAN_REVIEW,59,1,798.48
3529,710,2026-07-05 07:51:50.302060,2585.74,wallet,insufficient_funds,7,6,103.4,2,0,0,1,0.23,0,NO_CONTACT,0,0,0.0
3530,459,2026-07-05 08:43:24.040808,2237.79,debit_card,temporary_network_issue,8,6,17.7,3,2,1,3,0.261,0,LINK_NOW,12,0,0.0
3531,594,2026-07-05 09:34:57.779556,3602.33,wallet,temporary_network_issue,9,6,29.0,3,1,0,2,0.307,0,LINK_NEXT_MORNING,703,0,0.0
3532,528,2026-07-05 10:26:31.518304,38776.04,debit_card,temporary_network_issue,10,6,25.9,3,2,0,0,0.44,0,LINK_NEXT_MORNING,650,0,0.0
3533,193,2026-07-05 11:18:05.257051,3503.81,net_banking,card_blocked,11,6,318.6,1,3,0,0,0.122,0,LINK_AFTER_2H,142,1,3055.96
3534,233,2026-07-05 12:09:38.995799,2605.58,net_banking,insufficient_funds,12,6,189.5,4,2,0,3,0.205,0,HUMAN_REVIEW,82,0,0.0
3535,125,2026-07-05 13:01:12.734547,2593.85,credit_card,temporary_network_issue,13,6,176.2,1,4,0,2,0.236,0,HUMAN_REVIEW,58,0,0.0
3536,233,2026-07-05 13:52:46.473295,4232.98,net_banking,risk_declined,13,6,189.5,4,2,0,4,0.122,0,HUMAN_REVIEW,116,0,0.0
3537,193,2026-07-05 14:44:20.212042,2992.41,credit_card,card_blocked,14,6,318.6,1,3,0,1,0.058,0,NO_CONTACT,0,0,0.0
3538,233,2026-07-05 15:35:53.950790,3170.61,debit_card,insufficient_funds,15,6,189.5,4,2,0,3,0.277,0,LINK_NEXT_MORNING,635,1,3061.9
3539,91,2026-07-05 16:27:27.689538,2119.88,upi,temporary_network_issue,16,6,286.8,1,3,0,1,0.322,0,HUMAN_REVIEW,107,0,0.0
3540,71,2026-07-05 17:19:01.428286,5816.29,upi,insufficient_funds,17,6,98.3,1,1,0,0,0.169,0,NO_CONTACT,0,0,0.0
3541,459,2026-07-05 18:10:35.167033,837.03,net_banking,bank_limit_exceeded,18,6,17.7,3,2,1,1,0.149,0,LINK_NOW,9,0,0.0
3542,634,2026-07-05 19:02:08.905781,1523.6,debit_card,insufficient_funds,19,6,287.4,1,1,0,0,0.165,0,HUMAN_REVIEW,100,0,0.0
3543,233,2026-07-05 19:53:42.644529,10486.72,debit_card,bank_limit_exceeded,19,6,189.5,4,2,0,0,0.311,0,LINK_AFTER_2H,140,1,10026.84
3544,710,2026-07-05 20:45:16.383277,1747.99,upi,risk_declined,20,6,103.4,2,0,0,1,0.047,0,LINK_AFTER_2H,138,0,0.0
3545,193,2026-07-05 21:36:50.122024,914.28,wallet,temporary_network_issue,21,6,318.6,1,3,0,2,0.109,0,LINK_NOW,23,1,863.3
3546,314,2026-07-05 22:28:23.860772,3103.11,net_banking,insufficient_funds,22,6,126.7,3,7,0,1,0.076,0,LINK_AFTER_2H,148,0,0.0
3547,233,2026-07-05 23:19:57.599520,1379.32,debit_card,risk_declined,23,6,189.5,4,2,0,1,0.092,0,HUMAN_REVIEW,119,1,1174.49
3548,193,2026-07-06 00:11:31.338268,689.34,credit_card,insufficient_funds,0,0,318.6,1,3,0,0,0.392,0,LINK_NOW,3,0,0.0
3549,132,2026-07-06 01:03:05.077015,7483.75,credit_card,insufficient_funds,1,0,11.7,3,2,0,0,0.084,0,LINK_NOW,19,1,6827.57
3550,233,2026-07-06 01:54:38.815763,1378.8,upi,insufficient_funds,1,0,189.5,4,2,0,1,0.131,0,LINK_AFTER_2H,116,0,0.0
3551,91,2026-07-06 02:46:12.554511,3066.76,wallet,temporary_network_issue,2,0,286.8,1,3,0,0,0.064,0,LINK_NOW,24,0,0.0
3552,314,2026-07-06 03:37:46.293259,2263.39,net_banking,insufficient_funds,3,0,126.7,3,7,0,0,0.069,0,HUMAN_REVIEW,57,0,0.0
3553,747,2026-07-06 04:29:20.032006,1506.75,wallet,bank_limit_exceeded,4,0,19.4,2,2,1,0,0.463,0,LINK_NEXT_MORNING,589,0,0.0
3554,71,2026-07-06 05:20:53.770754,1571.97,debit_card,insufficient_funds,5,0,98.3,1,1,0,2,0.161,0,LINK_AFTER_2H,119,1,1425.61
3555,233,2026-07-06 06:12:27.509502,2462.79,net_banking,risk_declined,6,0,189.5,4,2,0,0,0.185,0,LINK_NEXT_MORNING,523,0,0.0
3556,775,2026-07-06 07:04:01.248250,10271.19,debit_card,insufficient_funds,7,0,258.6,3,3,0,1,0.155,0,NO_CONTACT,0,1,9777.14
3557,459,2026-07-06 07:55:34.986997,3662.4,debit_card,temporary_network_issue,7,0,17.7,3,2,1,1,0.277,0,LINK_NEXT_MORNING,650,1,3140.81
3558,83,2026-07-06 08:47:08.725745,15275.51,net_banking,insufficient_funds,8,0,208.1,4,0,0,0,0.296,0,LINK_NOW,22,0,0.0
3559,193,2026-07-06 09:38:42.464493,1297.79,debit_card,bank_limit_exceeded,9,0,318.6,1,3,0,4,0.138,0,LINK_NEXT_MORNING,567,0,0.0
3560,193,2026-07-06 10:30:16.203241,2821.71,net_banking,insufficient_funds,10,0,318.6,1,3,0,2,0.172,0,HUMAN_REVIEW,94,0,0.0
3561,257,2026-07-06 11:21:49.941988,599.78,net_banking,card_blocked,11,0,335.3,2,0,0,0,0.392,0,LINK_NOW,8,1,529.73
3562,193,2026-07-06 12:13:23.680736,5502.76,upi,insufficient_funds,12,0,318.6,1,3,0,0,0.055,0,NO_CONTACT,0,1,5203.97
3563,233,2026-07-06 13:04:57.419484,8753.69,net_banking,risk_declined,13,0,189.5,4,2,0,0,0.283,0,NO_CONTACT,0,0,0.0
3564,470,2026-07-06 13:56:31.158232,5941.91,debit_card,insufficient_funds,13,0,75.1,0,2,0,2,0.244,0,HUMAN_REVIEW,56,0,0.0
3565,233,2026-07-06 14:48:04.896979,7471.67,debit_card,insufficient_funds,14,0,189.5,4,2,0,1,0.024,0,LINK_AFTER_2H,90,0,0.0
3566,459,2026-07-06 15:39:38.635727,2450.88,credit_card,card_blocked,15,0,17.7,3,2,1,2,0.224,0,LINK_NEXT_MORNING,489,1,2208.58
3567,193,2026-07-06 16:31:12.374475,4261.69,debit_card,insufficient_funds,16,0,318.6,1,3,0,0,0.317,0,LINK_NEXT_MORNING,605,1,3736.02
3568,67,2026-07-06 17:22:46.113223,7314.3,debit_card,temporary_network_issue,17,0,186.7,0,1,0,2,0.493,0,NO_CONTACT,0,0,0.0
3569,193,2026-07-06 18:14:19.851970,9880.89,credit_card,insufficient_funds,18,0,318.6,1,3,0,0,0.184,0,NO_CONTACT,0,1,8677.75
3570,193,2026-07-06 19:05:53.590718,2486.59,net_banking,card_blocked,19,0,318.6,1,3,0,0,0.104,0,LINK_NOW,10,1,2194.09
3571,459,2026-07-06 19:57:27.329466,1203.77,debit_card,temporary_network_issue,19,0,17.7,3,2,1,1,0.313,0,HUMAN_REVIEW,98,1,1096.29
3572,233,2026-07-06 20:49:01.068214,13136.98,credit_card,insufficient_funds,20,0,189.5,4,2,0,2,0.048,0,LINK_AFTER_2H,98,0,0.0
3573,233,2026-07-06 21:40:34.806961,2804.42,debit_card,card_blocked,21,0,189.5,4,2,0,1,0.046,0,HUMAN_REVIEW,96,1,2752.83
3574,357,2026-07-06 22:32:08.545709,2384.81,debit_card,insufficient_funds,22,0,149.2,0,0,0,0,0.375,0,LINK_NOW,28,1,2085.37
3575,58,2026-07-06 23:23:42.284457,1076.42,credit_card,temporary_network_issue,23,0,17.4,3,0,1,1,0.371,0,LINK_NEXT_MORNING,481,0,0.0
3576,233,2026-07-07 00:15:16.023205,2255.85,debit_card,card_blocked,0,1,189.5,4,2,0,4,0.216,0,NO_CONTACT,0,0,0.0
3577,599,2026-07-07 01:06:49.761952,1639.88,debit_card,bank_limit_exceeded,1,1,166.7,1,3,1,0,0.274,0,NO_CONTACT,0,0,0.0
3578,467,2026-07-07 01:58:23.500700,827.21,debit_card,insufficient_funds,1,1,3.4,1,1,0,1,0.227,0,LINK_AFTER_2H,107,0,0.0
3579,233,2026-07-07 02:49:57.239448,942.35,debit_card,card_blocked,2,1,189.5,4,2,0,1,0.058,1,LINK_NEXT_MORNING,603,1,814.53
3580,193,2026-07-07 03:41:30.978196,5150.84,debit_card,temporary_network_issue,3,1,318.6,1,3,0,3,0.214,0,HUMAN_REVIEW,43,0,0.0
3581,564,2026-07-07 04:33:04.716943,1821.37,credit_card,temporary_network_issue,4,1,86.0,2,1,1,2,0.104,1,NO_CONTACT,0,0,0.0
3582,747,2026-07-07 05:24:38.455691,2988.93,credit_card,temporary_network_issue,5,1,19.4,2,2,1,3,0.092,1,HUMAN_REVIEW,91,0,0.0
3583,710,2026-07-07 06:16:12.194439,1898.04,net_banking,insufficient_funds,6,1,103.4,2,0,0,1,0.204,0,LINK_AFTER_2H,144,0,0.0
3584,83,2026-07-07 07:07:45.933187,829.64,debit_card,temporary_network_issue,7,1,208.1,4,0,0,1,0.034,0,LINK_NEXT_MORNING,508,0,0.0
3585,71,2026-07-07 07:59:19.671934,10421.22,net_banking,card_blocked,7,1,98.3,1,1,0,1,0.206,0,LINK_NEXT_MORNING,484,0,0.0
3586,233,2026-07-07 08:50:53.410682,3434.94,debit_card,temporary_network_issue,8,1,189.5,4,2,0,0,0.29,0,LINK_NOW,23,0,0.0
3587,459,2026-07-07 09:42:27.149430,5747.88,wallet,insufficient_funds,9,1,17.7,3,2,1,1,0.126,0,LINK_NOW,13,0,0.0
3588,472,2026-07-07 10:34:00.888178,4131.07,debit_card,insufficient_funds,10,1,301.6,3,4,1,1,0.169,0,LINK_NEXT_MORNING,676,0,0.0
3589,233,2026-07-07 11:25:34.626925,2247.97,net_banking,temporary_network_issue,11,1,189.5,4,2,0,1,0.097,0,NO_CONTACT,0,0,0.0
3590,594,2026-07-07 12:17:08.365673,1387.61,credit_card,temporary_network_issue,12,1,29.0,3,1,0,0,0.294,0,LINK_NEXT_MORNING,673,1,1252.21
3591,233,2026-07-07 13:08:42.104421,362.16,debit_card,insufficient_funds,13,1,189.5,4,2,0,2,0.139,1,HUMAN_REVIEW,68,0,0.0
3592,233,2026-07-07 14:00:15.843169,230.56,net_banking,temporary_network_issue,14,1,189.5,4,2,0,1,0.289,0,HUMAN_REVIEW,52,0,0.0
3593,459,2026-07-07 14:51:49.581916,6801.8,credit_card,card_blocked,14,1,17.7,3,2,1,0,0.289,0,HUMAN_REVIEW,45,1,6448.45
3594,452,2026-07-07 15:43:23.320664,8485.29,credit_card,insufficient_funds,15,1,73.0,1,1,1,2,0.287,0,LINK_NEXT_MORNING,629,1,8244.15
3595,71,2026-07-07 16:34:57.059412,11504.94,wallet,risk_declined,16,1,98.3,1,1,0,0,0.194,0,LINK_NEXT_MORNING,698,0,0.0
3596,80,2026-07-07 17:26:30.798160,2193.78,upi,bank_limit_exceeded,17,1,58.5,3,1,0,0,0.066,0,LINK_AFTER_2H,118,1,1941.81
3597,710,2026-07-07 18:18:04.536907,1116.43,net_banking,insufficient_funds,18,1,103.4,2,0,0,2,0.113,0,LINK_NOW,4,0,0.0
3598,193,2026-07-07 19:09:38.275655,5185.09,upi,insufficient_funds,19,1,318.6,1,3,0,1,0.297,0,NO_CONTACT,0,0,0.0
3599,459,2026-07-07 20:01:12.014403,10824.91,credit_card,temporary_network_issue,20,1,17.7,3,2,1,1,0.118,0,NO_CONTACT,0,1,8701.59
3600,193,2026-07-07 20:52:45.753151,19707.76,net_banking,insufficient_funds,20,1,318.6,1,3,0,1,0.414,0,NO_CONTACT,0,0,0.0
3601,193,2026-07-07 21:44:19.491898,1748.36,debit_card,risk_declined,21,1,318.6,1,3,0,0,0.321,0,HUMAN_REVIEW,41,0,0.0
3602,233,2026-07-07 22:35:53.230646,7753.75,debit_card,insufficient_funds,22,1,189.5,4,2,0,3,0.276,0,HUMAN_REVIEW,42,0,0.0
3603,193,2026-07-07 23:27:26.969394,4427.68,upi,insufficient_funds,23,1,318.6,1,3,0,3,0.292,0,HUMAN_REVIEW,37,1,4032.24
3604,193,2026-07-08 00:19:00.708142,2656.64,credit_card,insufficient_funds,0,2,318.6,1,3,0,0,0.153,0,HUMAN_REVIEW,53,0,0.0
3605,55,2026-07-08 01:10:34.446889,1153.55,net_banking,insufficient_funds,1,2,111.2,2,0,0,3,0.174,0,NO_CONTACT,0,0,0.0
3606,233,2026-07-08 02:02:08.185637,11521.54,debit_card,insufficient_funds,2,2,189.5,4,2,0,2,0.13,0,NO_CONTACT,0,0,0.0
3607,459,2026-07-08 02:53:41.924385,10100.11,debit_card,insufficient_funds,2,2,17.7,3,2,1,1,0.135,0,LINK_NEXT_MORNING,699,0,0.0
3608,125,2026-07-08 03:45:15.663133,2070.43,upi,insufficient_funds,3,2,176.2,1,4,0,0,0.197,0,NO_CONTACT,0,0,0.0
3609,333,2026-07-08 04:36:49.401880,6155.85,upi,temporary_network_issue,4,2,114.4,3,0,0,0,0.364,0,HUMAN_REVIEW,66,0,0.0
3610,144,2026-07-08 05:28:23.140628,5237.67,credit_card,insufficient_funds,5,2,302.6,4,1,0,2,0.229,0,LINK_AFTER_2H,116,0,0.0
3611,72,2026-07-08 06:19:56.879376,5362.11,net_banking,risk_declined,6,2,125.2,3,1,0,2,0.19,0,HUMAN_REVIEW,65,0,0.0
3612,257,2026-07-08 07:11:30.618124,827.09,debit_card,insufficient_funds,7,2,335.3,2,0,0,2,0.255,0,LINK_NOW,8,0,0.0
3613,233,2026-07-08 08:03:04.356871,829.33,credit_card,insufficient_funds,8,2,189.5,4,2,0,0,0.295,0,LINK_NEXT_MORNING,494,1,735.89
3614,233,2026-07-08 08:54:38.095619,2057.97,upi,insufficient_funds,8,2,189.5,4,2,0,0,0.354,0,LINK_NEXT_MORNING,538,1,1819.12
3615,83,2026-07-08 09:46:11.834367,4083.6,credit_card,card_blocked,9,2,208.1,4,0,0,1,0.283,0,LINK_NOW,13,0,0.0
3616,193,2026-07-08 10:37:45.573115,20870.33,credit_card,temporary_network_issue,10,2,318.6,1,3,0,2,0.083,0,LINK_NOW,4,1,19620.28
3617,193,2026-07-08 11:29:19.311862,435.58,credit_card,insufficient_funds,11,2,318.6,1,3,0,2,0.089,0,LINK_AFTER_2H,117,1,380.26
3618,205,2026-07-08 12:20:53.050610,9571.17,debit_card,insufficient_funds,12,2,181.9,2,1,0,0,0.307,0,LINK_AFTER_2H,104,0,0.0
3619,193,2026-07-08 13:12:26.789358,545.73,credit_card,bank_limit_exceeded,13,2,318.6,1,3,0,0,0.216,0,LINK_AFTER_2H,125,0,0.0
3620,233,2026-07-08 14:04:00.528106,3327.39,net_banking,risk_declined,14,2,189.5,4,2,0,1,0.224,0,LINK_AFTER_2H,107,0,0.0
3621,233,2026-07-08 14:55:34.266853,276.28,debit_card,insufficient_funds,14,2,189.5,4,2,0,2,0.242,0,LINK_NEXT_MORNING,693,0,0.0
3622,459,2026-07-08 15:47:08.005601,12983.29,debit_card,temporary_network_issue,15,2,17.7,3,2,1,1,0.066,0,NO_CONTACT,0,0,0.0
3623,173,2026-07-08 16:38:41.744349,3465.59,credit_card,temporary_network_issue,16,2,204.8,5,0,0,0,0.151,0,HUMAN_REVIEW,34,0,0.0
3624,459,2026-07-08 17:30:15.483097,4126.39,debit_card,insufficient_funds,17,2,17.7,3,2,1,2,0.105,0,NO_CONTACT,0,0,0.0
3625,233,2026-07-08 18:21:49.221844,6752.48,debit_card,risk_declined,18,2,189.5,4,2,0,2,0.072,0,LINK_NOW,21,0,0.0
3626,193,2026-07-08 19:13:22.960592,1804.98,debit_card,card_blocked,19,2,318.6,1,3,0,0,0.201,0,NO_CONTACT,0,0,0.0
3627,193,2026-07-08 20:04:56.699340,314.57,credit_card,temporary_network_issue,20,2,318.6,1,3,0,2,0.413,0,HUMAN_REVIEW,46,1,303.19
3628,459,2026-07-08 20:56:30.438088,298.72,credit_card,risk_declined,20,2,17.7,3,2,1,0,0.367,0,NO_CONTACT,0,0,0.0
3629,233,2026-07-08 21:48:04.176835,4839.14,debit_card,temporary_network_issue,21,2,189.5,4,2,0,2,0.02,0,LINK_NOW,21,1,3910.42
3630,71,2026-07-08 22:39:37.915583,1816.53,net_banking,insufficient_funds,22,2,98.3,1,1,0,0,0.221,0,LINK_AFTER_2H,110,0,0.0
3631,125,2026-07-08 23:31:11.654331,10628.26,credit_card,insufficient_funds,23,2,176.2,1,4,0,7,0.173,0,HUMAN_REVIEW,116,0,0.0
3632,528,2026-07-09 00:22:45.393079,2651.15,debit_card,temporary_network_issue,0,3,25.9,3,2,0,3,0.158,0,LINK_NEXT_MORNING,671,1,2243.3
3633,41,2026-07-09 01:14:19.131826,5584.26,debit_card,insufficient_funds,1,3,58.3,3,2,1,1,0.161,0,NO_CONTACT,0,0,0.0
3634,710,2026-07-09 02:05:52.870574,7602.38,wallet,temporary_network_issue,2,3,103.4,2,0,0,0,0.123,0,LINK_AFTER_2H,117,1,7443.17
3635,213,2026-07-09 02:57:26.609322,7432.22,upi,insufficient_funds,2,3,28.7,3,2,0,0,0.13,0,LINK_NOW,27,0,0.0
3636,83,2026-07-09 03:49:00.348070,1898.13,upi,insufficient_funds,3,3,208.1,4,0,0,2,0.223,0,HUMAN_REVIEW,110,0,0.0
3637,452,2026-07-09 04:40:34.086817,2821.62,upi,risk_declined,4,3,73.0,1,1,1,1,0.144,0,HUMAN_REVIEW,112,0,0.0
3638,233,2026-07-09 05:32:07.825565,6800.1,net_banking,bank_limit_exceeded,5,3,189.5,4,2,0,1,0.161,0,NO_CONTACT,0,0,0.0
3639,594,2026-07-09 06:23:41.564313,3407.36,upi,temporary_network_issue,6,3,29.0,3,1,0,1,0.101,0,LINK_AFTER_2H,102,0,0.0
3640,452,2026-07-09 07:15:15.303061,301.75,net_banking,card_blocked,7,3,73.0,1,1,1,2,0.142,0,LINK_AFTER_2H,134,0,0.0
3641,233,2026-07-09 08:06:49.041808,199.0,debit_card,risk_declined,8,3,189.5,4,2,0,1,0.243,0,HUMAN_REVIEW,74,0,0.0
3642,71,2026-07-09 08:58:22.780556,1214.11,debit_card,card_blocked,8,3,98.3,1,1,0,0,0.4,0,LINK_NEXT_MORNING,513,0,0.0
3643,193,2026-07-09 09:49:56.519304,7759.59,net_banking,insufficient_funds,9,3,318.6,1,3,0,0,0.272,0,HUMAN_REVIEW,83,0,0.0
3644,594,2026-07-09 10:41:30.258052,2580.61,upi,temporary_network_issue,10,3,29.0,3,1,0,0,0.055,0,LINK_NOW,0,1,2075.73
3645,58,2026-07-09 11:33:03.996799,16906.55,credit_card,temporary_network_issue,11,3,17.4,3,0,1,2,0.369,0,LINK_NEXT_MORNING,590,0,0.0
3646,233,2026-07-09 12:24:37.735547,6548.84,credit_card,temporary_network_issue,12,3,189.5,4,2,0,0,0.324,0,LINK_NOW,15,0,0.0
3647,710,2026-07-09 13:16:11.474295,515.18,upi,insufficient_funds,13,3,103.4,2,0,0,1,0.17,0,HUMAN_REVIEW,72,1,439.16
3648,710,2026-07-09 14:07:45.213043,8504.08,net_banking,card_blocked,14,3,103.4,2,0,0,1,0.088,0,HUMAN_REVIEW,90,0,0.0
3649,233,2026-07-09 14:59:18.951790,583.29,upi,insufficient_funds,14,3,189.5,4,2,0,1,0.02,0,LINK_NEXT_MORNING,573,1,500.85
3650,71,2026-07-09 15:50:52.690538,18536.23,wallet,insufficient_funds,15,3,98.3,1,1,0,2,0.198,0,LINK_AFTER_2H,92,1,15464.17
3651,173,2026-07-09 16:42:26.429286,4670.22,debit_card,insufficient_funds,16,3,204.8,5,0,0,1,0.128,0,HUMAN_REVIEW,88,0,0.0
3652,388,2026-07-09 17:34:00.168034,14017.73,credit_card,insufficient_funds,17,3,46.2,2,1,0,0,0.253,0,HUMAN_REVIEW,49,0,0.0
3653,594,2026-07-09 18:25:33.906781,4842.89,debit_card,risk_declined,18,3,29.0,3,1,0,1,0.264,0,NO_CONTACT,0,0,0.0
3654,193,2026-07-09 19:17:07.645529,2471.31,upi,card_blocked,19,3,318.6,1,3,0,2,0.125,0,LINK_NEXT_MORNING,597,1,2362.56
3655,459,2026-07-09 20:08:41.384277,2986.07,credit_card,risk_declined,20,3,17.7,3,2,1,0,0.069,0,LINK_NEXT_MORNING,639,0,0.0
3656,189,2026-07-09 21:00:15.123025,885.71,credit_card,temporary_network_issue,21,3,156.4,3,2,0,3,0.343,0,LINK_NOW,20,0,0.0
3657,710,2026-07-09 21:51:48.861772,3229.67,credit_card,temporary_network_issue,21,3,103.4,2,0,0,1,0.187,0,NO_CONTACT,0,0,0.0
3658,205,2026-07-09 22:43:22.600520,2886.68,debit_card,card_blocked,22,3,181.9,2,1,0,3,0.071,0,LINK_NOW,13,1,2845.7
3659,459,2026-07-09 23:34:56.339268,4897.33,debit_card,temporary_network_issue,23,3,17.7,3,2,1,3,0.199,0,NO_CONTACT,0,0,0.0
3660,125,2026-07-10 00:26:30.078016,1924.44,upi,temporary_network_issue,0,4,176.2,1,4,0,1,0.141,0,LINK_NOW,20,1,1817.45
3661,233,2026-07-10 01:18:03.816763,884.16,net_banking,temporary_network_issue,1,4,189.5,4,2,0,1,0.114,0,HUMAN_REVIEW,98,1,731.28
3662,233,2026-07-10 02:09:37.555511,2483.16,upi,bank_limit_exceeded,2,4,189.5,4,2,0,0,0.313,0,HUMAN_REVIEW,31,0,0.0
3663,513,2026-07-10 03:01:11.294259,909.75,debit_card,risk_declined,3,4,13.1,1,2,0,3,0.175,0,LINK_NOW,21,0,0.0
3664,233,2026-07-10 03:52:45.033007,846.32,net_banking,insufficient_funds,3,4,189.5,4,2,0,2,0.248,0,LINK_NOW,6,0,0.0
3665,233,2026-07-10 04:44:18.771754,551.21,debit_card,insufficient_funds,4,4,189.5,4,2,0,1,0.39,0,LINK_AFTER_2H,131,0,0.0
3666,479,2026-07-10 05:35:52.510502,2132.57,debit_card,card_blocked,5,4,103.5,3,1,1,1,0.047,0,LINK_NEXT_MORNING,681,0,0.0
3667,233,2026-07-10 06:27:26.249250,2906.58,debit_card,insufficient_funds,6,4,189.5,4,2,0,0,0.234,0,NO_CONTACT,0,0,0.0
3668,501,2026-07-10 07:18:59.987998,1293.9,net_banking,insufficient_funds,7,4,36.5,3,1,1,0,0.23,0,HUMAN_REVIEW,81,1,1166.64
3669,58,2026-07-10 08:10:33.726745,3899.13,debit_card,insufficient_funds,8,4,17.4,3,0,1,1,0.043,0,NO_CONTACT,0,0,0.0
3670,233,2026-07-10 09:02:07.465493,2240.6,credit_card,temporary_network_issue,9,4,189.5,4,2,0,1,0.103,0,NO_CONTACT,0,1,2089.88
3671,71,2026-07-10 09:53:41.204241,1652.68,credit_card,temporary_network_issue,9,4,98.3,1,1,0,1,0.066,0,LINK_NEXT_MORNING,711,1,1476.17
3672,125,2026-07-10 10:45:14.942989,9158.78,credit_card,temporary_network_issue,10,4,176.2,1,4,0,1,0.091,0,LINK_NOW,0,1,7921.13
3673,459,2026-07-10 11:36:48.681736,1191.91,credit_card,bank_limit_exceeded,11,4,17.7,3,2,1,1,0.286,0,LINK_NOW,15,0,0.0
3674,710,2026-07-10 12:28:22.420484,1691.64,debit_card,temporary_network_issue,12,4,103.4,2,0,0,1,0.288,0,HUMAN_REVIEW,57,0,0.0
3675,257,2026-07-10 13:19:56.159232,3599.02,debit_card,insufficient_funds,13,4,335.3,2,0,0,1,0.131,0,LINK_AFTER_2H,137,1,3071.4
3676,91,2026-07-10 14:11:29.897980,6074.47,credit_card,temporary_network_issue,14,4,286.8,1,3,0,1,0.224,0,HUMAN_REVIEW,90,0,0.0
3677,459,2026-07-10 15:03:03.636727,708.52,debit_card,insufficient_funds,15,4,17.7,3,2,1,0,0.187,0,NO_CONTACT,0,0,0.0
3678,71,2026-07-10 15:54:37.375475,2889.85,wallet,bank_limit_exceeded,15,4,98.3,1,1,0,2,0.121,0,HUMAN_REVIEW,113,1,2353.29
3679,591,2026-07-10 16:46:11.114223,2312.31,credit_card,insufficient_funds,16,4,71.6,5,2,0,0,0.131,0,HUMAN_REVIEW,55,0,0.0
3680,537,2026-07-10 17:37:44.852971,5737.72,debit_card,bank_limit_exceeded,17,4,23.1,4,5,0,1,0.116,0,LINK_AFTER_2H,104,1,5089.42
3681,314,2026-07-10 18:29:18.591718,1183.46,debit_card,temporary_network_issue,18,4,126.7,3,7,0,1,0.375,0,LINK_NEXT_MORNING,712,0,0.0
3682,71,2026-07-10 19:20:52.330466,2572.05,net_banking,risk_declined,19,4,98.3,1,1,0,2,0.447,0,LINK_AFTER_2H,119,0,0.0
3683,173,2026-07-10 20:12:26.069214,17593.97,net_banking,card_blocked,20,4,204.8,5,0,0,4,0.19,0,LINK_NEXT_MORNING,491,0,0.0
3684,71,2026-07-10 21:03:59.807962,1517.46,debit_card,bank_limit_exceeded,21,4,98.3,1,1,0,2,0.077,0,LINK_NOW,1,1,1356.78
3685,233,2026-07-10 21:55:33.546709,9558.43,net_banking,card_blocked,21,4,189.5,4,2,0,0,0.077,0,HUMAN_REVIEW,103,0,0.0
3686,193,2026-07-10 22:47:07.285457,1635.61,upi,temporary_network_issue,22,4,318.6,1,3,0,0,0.085,0,LINK_NEXT_MORNING,570,1,1401.67
3687,233,2026-07-10 23:38:41.024205,2154.08,wallet,card_blocked,23,4,189.5,4,2,0,0,0.376,0,LINK_NEXT_MORNING,599,1,1839.85
3688,257,2026-07-11 00:30:14.762953,1577.33,debit_card,risk_declined,0,5,335.3,2,0,0,1,0.286,0,HUMAN_REVIEW,50,0,0.0
3689,710,2026-07-11 01:21:48.501700,741.22,wallet,risk_declined,1,5,103.4,2,0,0,0,0.16,0,LINK_AFTER_2H,144,0,0.0
3690,193,2026-07-11 02:13:22.240448,750.28,net_banking,insufficient_funds,2,5,318.6,1,3,0,1,0.14,0,NO_CONTACT,0,0,0.0
3691,778,2026-07-11 03:04:55.979196,5479.79,net_banking,insufficient_funds,3,5,24.3,6,2,0,2,0.078,1,LINK_AFTER_2H,105,1,4740.24
3692,71,2026-07-11 03:56:29.717944,1358.69,net_banking,insufficient_funds,3,5,98.3,1,1,0,1,0.105,0,NO_CONTACT,0,0,0.0
3693,83,2026-07-11 04:48:03.456691,1054.81,upi,temporary_network_issue,4,5,208.1,4,0,0,1,0.213,0,LINK_NOW,4,0,0.0
3694,233,2026-07-11 05:39:37.195439,1121.66,upi,risk_declined,5,5,189.5,4,2,0,1,0.042,0,LINK_NEXT_MORNING,652,0,0.0
3695,233,2026-07-11 06:31:10.934187,363.51,credit_card,insufficient_funds,6,5,189.5,4,2,0,1,0.235,0,HUMAN_REVIEW,115,1,339.3
3696,233,2026-07-11 07:22:44.672935,1175.54,debit_card,temporary_network_issue,7,5,189.5,4,2,0,0,0.343,1,HUMAN_REVIEW,68,0,0.0
3697,459,2026-07-11 08:14:18.411682,1954.27,upi,card_blocked,8,5,17.7,3,2,1,1,0.193,0,LINK_NEXT_MORNING,648,1,1866.22
3698,52,2026-07-11 09:05:52.150430,789.97,debit_card,risk_declined,9,5,64.2,1,1,1,3,0.085,0,HUMAN_REVIEW,51,0,0.0
3699,91,2026-07-11 09:57:25.889178,3610.65,credit_card,temporary_network_issue,9,5,286.8,1,3,0,3,0.066,0,LINK_NOW,16,0,0.0
3700,91,2026-07-11 10:48:59.627926,2095.78,credit_card,insufficient_funds,10,5,286.8,1,3,0,0,0.285,0,LINK_NEXT_MORNING,688,1,1858.98
3701,233,2026-07-11 11:40:33.366673,1049.64,net_banking,bank_limit_exceeded,11,5,189.5,4,2,0,0,0.027,0,HUMAN_REVIEW,46,0,0.0
3702,193,2026-07-11 12:32:07.105421,3064.53,net_banking,insufficient_funds,12,5,318.6,1,3,0,3,0.124,0,LINK_NEXT_MORNING,633,0,0.0
3703,233,2026-07-11 13:23:40.844169,2476.38,credit_card,risk_declined,13,5,189.5,4,2,0,1,0.279,0,LINK_AFTER_2H,126,0,0.0
3704,233,2026-07-11 14:15:14.582917,5950.02,net_banking,insufficient_funds,14,5,189.5,4,2,0,3,0.451,0,LINK_NOW,5,0,0.0
3705,173,2026-07-11 15:06:48.321664,511.6,upi,insufficient_funds,15,5,204.8,5,0,0,1,0.303,0,LINK_NOW,5,0,0.0
3706,233,2026-07-11 15:58:22.060412,15886.46,credit_card,risk_declined,15,5,189.5,4,2,0,0,0.21,0,LINK_NOW,8,0,0.0
3707,193,2026-07-11 16:49:55.799160,1860.53,credit_card,risk_declined,16,5,318.6,1,3,0,1,0.382,0,LINK_NEXT_MORNING,604,0,0.0
3708,657,2026-07-11 17:41:29.537908,6590.23,upi,temporary_network_issue,17,5,13.1,3,1,0,1,0.173,0,LINK_NEXT_MORNING,585,0,0.0
3709,459,2026-07-11 18:33:03.276655,649.55,upi,card_blocked,18,5,17.7,3,2,1,2,0.159,0,LINK_NEXT_MORNING,546,0,0.0
3710,233,2026-07-11 19:24:37.015403,2482.55,credit_card,temporary_network_issue,19,5,189.5,4,2,0,3,0.294,0,LINK_AFTER_2H,141,0,0.0
3711,216,2026-07-11 20:16:10.754151,1575.58,net_banking,insufficient_funds,20,5,69.0,0,1,1,0,0.111,0,NO_CONTACT,0,0,0.0
3712,173,2026-07-11 21:07:44.492899,4126.57,net_banking,card_blocked,21,5,204.8,5,0,0,2,0.162,0,LINK_AFTER_2H,98,0,0.0
3713,193,2026-07-11 21:59:18.231646,14355.37,credit_card,risk_declined,21,5,318.6,1,3,0,0,0.434,0,HUMAN_REVIEW,94,0,0.0
3714,459,2026-07-11 22:50:51.970394,2682.45,upi,risk_declined,22,5,17.7,3,2,1,0,0.13,0,HUMAN_REVIEW,85,1,2555.15
3715,459,2026-07-11 23:42:25.709142,1335.24,debit_card,temporary_network_issue,23,5,17.7,3,2,1,1,0.2,0,NO_CONTACT,0,0,0.0
3716,233,2026-07-12 00:33:59.447890,2658.34,net_banking,card_blocked,0,6,189.5,4,2,0,0,0.151,0,LINK_NOW,18,1,2295.26
3717,459,2026-07-12 01:25:33.186637,199.0,debit_card,temporary_network_issue,1,6,17.7,3,2,1,1,0.108,0,HUMAN_REVIEW,43,1,185.64
3718,747,2026-07-12 02:17:06.925385,1507.52,upi,insufficient_funds,2,6,19.4,2,2,1,3,0.384,0,LINK_AFTER_2H,129,0,0.0
3719,459,2026-07-12 03:08:40.664133,209.6,debit_card,temporary_network_issue,3,6,17.7,3,2,1,0,0.037,0,NO_CONTACT,0,0,0.0
3720,314,2026-07-12 04:00:14.402881,7907.75,debit_card,bank_limit_exceeded,4,6,126.7,3,7,0,1,0.28,0,LINK_NOW,17,1,6531.21
3721,566,2026-07-12 04:51:48.141628,6686.0,debit_card,insufficient_funds,4,6,80.4,2,2,2,3,0.131,0,HUMAN_REVIEW,95,1,6247.45
3722,71,2026-07-12 05:43:21.880376,5188.94,credit_card,insufficient_funds,5,6,98.3,1,1,0,0,0.322,0,LINK_NEXT_MORNING,678,1,4965.97
3723,193,2026-07-12 06:34:55.619124,932.71,upi,card_blocked,6,6,318.6,1,3,0,1,0.218,0,LINK_NOW,5,1,914.92
3724,233,2026-07-12 07:26:29.357872,503.64,credit_card,insufficient_funds,7,6,189.5,4,2,0,2,0.147,0,NO_CONTACT,0,0,0.0
3725,459,2026-07-12 08:18:03.096619,7775.94,net_banking,risk_declined,8,6,17.7,3,2,1,4,0.371,0,NO_CONTACT,0,0,0.0
3726,125,2026-07-12 09:09:36.835367,50000.0,upi,insufficient_funds,9,6,176.2,1,4,0,0,0.046,0,LINK_AFTER_2H,132,1,42889.1
3727,193,2026-07-12 10:01:10.574115,5353.59,net_banking,risk_declined,10,6,318.6,1,3,0,1,0.065,0,LINK_NEXT_MORNING,600,0,0.0
3728,710,2026-07-12 10:52:44.312863,15457.0,debit_card,temporary_network_issue,10,6,103.4,2,0,0,1,0.051,0,LINK_NOW,29,1,12900.75
3729,58,2026-07-12 11:44:18.051610,3148.62,upi,insufficient_funds,11,6,17.4,3,0,1,0,0.1,0,NO_CONTACT,0,0,0.0
3730,193,2026-07-12 12:35:51.790358,1761.77,debit_card,risk_declined,12,6,318.6,1,3,0,0,0.131,0,LINK_AFTER_2H,117,0,0.0
3731,123,2026-07-12 13:27:25.529106,19354.42,credit_card,card_blocked,13,6,183.8,2,1,0,0,0.033,0,LINK_NOW,9,1,16940.19
3732,233,2026-07-12 14:18:59.267854,2331.36,debit_card,insufficient_funds,14,6,189.5,4,2,0,2,0.414,0,NO_CONTACT,0,0,0.0
3733,193,2026-07-12 15:10:33.006601,8155.69,net_banking,insufficient_funds,15,6,318.6,1,3,0,1,0.316,0,LINK_NEXT_MORNING,568,0,0.0
3734,257,2026-07-12 16:02:06.745349,2108.15,net_banking,temporary_network_issue,16,6,335.3,2,0,0,1,0.041,0,LINK_AFTER_2H,111,1,1937.07
3735,233,2026-07-12 16:53:40.484097,1745.1,debit_card,insufficient_funds,16,6,189.5,4,2,0,0,0.426,0,LINK_NOW,10,0,0.0
3736,459,2026-07-12 17:45:14.222845,1962.94,debit_card,temporary_network_issue,17,6,17.7,3,2,1,0,0.055,0,LINK_AFTER_2H,129,1,1619.4
3737,47,2026-07-12 18:36:47.961592,4137.7,net_banking,temporary_network_issue,18,6,51.7,4,2,0,1,0.025,0,LINK_NOW,25,0,0.0
3738,173,2026-07-12 19:28:21.700340,1517.72,debit_card,temporary_network_issue,19,6,204.8,5,0,0,4,0.184,0,LINK_AFTER_2H,134,0,0.0
3739,83,2026-07-12 20:19:55.439088,30244.33,credit_card,insufficient_funds,20,6,208.1,4,0,0,1,0.182,0,LINK_NEXT_MORNING,709,0,0.0
3740,688,2026-07-12 21:11:29.177836,3590.25,upi,temporary_network_issue,21,6,178.3,7,2,0,1,0.243,0,LINK_AFTER_2H,99,1,3369.22
3741,233,2026-07-12 22:03:02.916583,2022.81,debit_card,insufficient_funds,22,6,189.5,4,2,0,2,0.05,0,LINK_AFTER_2H,107,1,1647.15
3742,459,2026-07-12 22:54:36.655331,1110.6,debit_card,card_blocked,22,6,17.7,3,2,1,1,0.339,0,LINK_NOW,14,0,0.0
3743,384,2026-07-12 23:46:10.394079,5014.84,upi,card_blocked,23,6,380.9,2,3,1,1,0.35,0,LINK_NOW,4,1,4316.39
3744,766,2026-07-13 00:37:44.132827,199.0,credit_card,insufficient_funds,0,0,189.7,2,3,0,1,0.257,0,LINK_AFTER_2H,100,0,0.0
3745,459,2026-07-13 01:29:17.871574,1988.55,net_banking,insufficient_funds,1,0,17.7,3,2,1,2,0.032,0,LINK_NOW,26,0,0.0
3746,459,2026-07-13 02:20:51.610322,6384.38,upi,insufficient_funds,2,0,17.7,3,2,1,2,0.286,0,NO_CONTACT,0,0,0.0
3747,233,2026-07-13 03:12:25.349070,638.28,debit_card,temporary_network_issue,3,0,189.5,4,2,0,2,0.223,0,NO_CONTACT,0,0,0.0
3748,193,2026-07-13 04:03:59.087818,3987.87,upi,temporary_network_issue,4,0,318.6,1,3,0,1,0.196,0,HUMAN_REVIEW,56,1,3893.28
3749,91,2026-07-13 04:55:32.826565,4511.06,upi,temporary_network_issue,4,0,286.8,1,3,0,3,0.362,0,LINK_AFTER_2H,149,0,0.0
3750,459,2026-07-13 05:47:06.565313,1776.86,debit_card,bank_limit_exceeded,5,0,17.7,3,2,1,3,0.415,0,HUMAN_REVIEW,65,0,0.0
3751,459,2026-07-13 06:38:40.304061,2978.07,credit_card,temporary_network_issue,6,0,17.7,3,2,1,0,0.262,0,LINK_NEXT_MORNING,664,1,2453.85
3752,193,2026-07-13 07:30:14.042809,2270.29,wallet,card_blocked,7,0,318.6,1,3,0,1,0.153,0,LINK_AFTER_2H,102,0,0.0
3753,770,2026-07-13 08:21:47.781556,829.47,net_banking,insufficient_funds,8,0,78.6,1,3,0,1,0.298,0,LINK_AFTER_2H,136,0,0.0
3754,233,2026-07-13 09:13:21.520304,19430.46,debit_card,insufficient_funds,9,0,189.5,4,2,0,2,0.479,0,LINK_NEXT_MORNING,635,0,0.0
3755,747,2026-07-13 10:04:55.259052,4171.02,upi,insufficient_funds,10,0,19.4,2,2,1,0,0.128,0,LINK_NEXT_MORNING,545,1,4050.09
3756,613,2026-07-13 10:56:28.997800,2192.81,debit_card,temporary_network_issue,10,0,832.2,2,1,0,2,0.485,0,LINK_NEXT_MORNING,486,0,0.0
3757,616,2026-07-13 11:48:02.736547,2402.9,net_banking,insufficient_funds,11,0,125.7,3,3,0,1,0.323,0,HUMAN_REVIEW,99,0,0.0
3758,91,2026-07-13 12:39:36.475295,7243.1,upi,card_blocked,12,0,286.8,1,3,0,2,0.122,0,LINK_NOW,18,1,6027.69
3759,193,2026-07-13 13:31:10.214043,297.58,debit_card,card_blocked,13,0,318.6,1,3,0,3,0.175,0,LINK_NOW,14,0,0.0
3760,71,2026-07-13 14:22:43.952791,2028.48,upi,insufficient_funds,14,0,98.3,1,1,0,3,0.612,0,LINK_NEXT_MORNING,566,1,1716.55
3761,747,2026-07-13 15:14:17.691538,553.99,debit_card,card_blocked,15,0,19.4,2,2,1,1,0.228,0,HUMAN_REVIEW,117,1,538.36
3762,7,2026-07-13 16:05:51.430286,6176.42,net_banking,insufficient_funds,16,0,315.8,4,0,0,2,0.309,0,NO_CONTACT,0,0,0.0
3763,459,2026-07-13 16:57:25.169034,6217.2,debit_card,temporary_network_issue,16,0,17.7,3,2,1,0,0.337,0,HUMAN_REVIEW,75,0,0.0
3764,193,2026-07-13 17:48:58.907782,1723.5,credit_card,card_blocked,17,0,318.6,1,3,0,1,0.128,0,HUMAN_REVIEW,81,1,1630.6
3765,233,2026-07-13 18:40:32.646529,4384.44,credit_card,card_blocked,18,0,189.5,4,2,0,0,0.289,0,LINK_NOW,27,0,0.0
3766,594,2026-07-13 19:32:06.385277,4073.38,debit_card,insufficient_funds,19,0,29.0,3,1,0,3,0.056,0,LINK_NOW,23,0,0.0
3767,710,2026-07-13 20:23:40.124025,18055.73,net_banking,insufficient_funds,20,0,103.4,2,0,0,1,0.02,0,LINK_AFTER_2H,143,0,0.0
3768,91,2026-07-13 21:15:13.862773,4944.63,net_banking,temporary_network_issue,21,0,286.8,1,3,0,4,0.269,0,NO_CONTACT,0,0,0.0
3769,71,2026-07-13 22:06:47.601520,642.57,upi,insufficient_funds,22,0,98.3,1,1,0,3,0.147,1,NO_CONTACT,0,0,0.0
3770,459,2026-07-13 22:58:21.340268,1043.04,debit_card,bank_limit_exceeded,22,0,17.7,3,2,1,1,0.062,0,LINK_NEXT_MORNING,660,0,0.0
3771,412,2026-07-13 23:49:55.079016,2880.73,upi,insufficient_funds,23,0,13.3,1,0,1,1,0.052,0,LINK_NEXT_MORNING,535,1,2401.72
3772,91,2026-07-14 00:41:28.817764,215.93,credit_card,bank_limit_exceeded,0,1,286.8,1,3,0,2,0.069,0,LINK_AFTER_2H,111,0,0.0
3773,193,2026-07-14 01:33:02.556511,10093.22,debit_card,bank_limit_exceeded,1,1,318.6,1,3,0,1,0.224,0,LINK_NOW,9,1,8732.4
3774,233,2026-07-14 02:24:36.295259,3859.82,credit_card,temporary_network_issue,2,1,189.5,4,2,0,2,0.056,0,LINK_AFTER_2H,145,1,3636.38
3775,193,2026-07-14 03:16:10.034007,350.24,upi,insufficient_funds,3,1,318.6,1,3,0,2,0.28,0,LINK_AFTER_2H,95,0,0.0
3776,72,2026-07-14 04:07:43.772755,2396.93,debit_card,risk_declined,4,1,125.2,3,1,0,2,0.204,0,LINK_AFTER_2H,136,1,2008.41
3777,459,2026-07-14 04:59:17.511502,50000.0,debit_card,insufficient_funds,4,1,17.7,3,2,1,2,0.302,0,NO_CONTACT,0,0,0.0
3778,83,2026-07-14 05:50:51.250250,1345.86,debit_card,temporary_network_issue,5,1,208.1,4,0,0,0,0.156,0,HUMAN_REVIEW,33,0,0.0
3779,233,2026-07-14 06:42:24.988998,438.4,debit_card,insufficient_funds,6,1,189.5,4,2,0,2,0.2,0,LINK_NEXT_MORNING,641,1,409.92
3780,459,2026-07-14 07:33:58.727746,1295.98,upi,temporary_network_issue,7,1,17.7,3,2,1,2,0.193,0,LINK_NEXT_MORNING,658,0,0.0
3781,521,2026-07-14 08:25:32.466493,314.42,debit_card,insufficient_funds,8,1,249.5,2,2,1,3,0.107,0,LINK_NEXT_MORNING,710,1,281.61
3782,464,2026-07-14 09:17:06.205241,3466.19,debit_card,insufficient_funds,9,1,17.5,2,0,0,1,0.366,1,LINK_NOW,26,0,0.0
3783,459,2026-07-14 10:08:39.943989,718.56,wallet,card_blocked,10,1,17.7,3,2,1,0,0.112,0,NO_CONTACT,0,0,0.0
3784,459,2026-07-14 11:00:13.682737,5487.65,wallet,bank_limit_exceeded,11,1,17.7,3,2,1,2,0.152,0,LINK_NOW,10,1,5071.75
3785,233,2026-07-14 11:51:47.421484,3361.47,credit_card,insufficient_funds,11,1,189.5,4,2,0,4,0.152,0,LINK_AFTER_2H,111,0,0.0
3786,459,2026-07-14 12:43:21.160232,1132.53,net_banking,temporary_network_issue,12,1,17.7,3,2,1,0,0.318,0,LINK_NEXT_MORNING,718,0,0.0
3787,528,2026-07-14 13:34:54.898980,426.62,debit_card,temporary_network_issue,13,1,25.9,3,2,0,4,0.287,0,NO_CONTACT,0,0,0.0
3788,710,2026-07-14 14:26:28.637728,3624.3,net_banking,insufficient_funds,14,1,103.4,2,0,0,1,0.211,0,HUMAN_REVIEW,83,0,0.0
3789,233,2026-07-14 15:18:02.376475,2752.94,net_banking,card_blocked,15,1,189.5,4,2,0,1,0.14,0,LINK_AFTER_2H,105,0,0.0
3790,459,2026-07-14 16:09:36.115223,395.22,debit_card,card_blocked,16,1,17.7,3,2,1,1,0.285,0,LINK_NEXT_MORNING,575,0,0.0
3791,459,2026-07-14 17:01:09.853971,965.74,wallet,insufficient_funds,17,1,17.7,3,2,1,3,0.067,0,LINK_AFTER_2H,146,0,0.0
3792,233,2026-07-14 17:52:43.592719,386.2,debit_card,risk_declined,17,1,189.5,4,2,0,1,0.367,0,NO_CONTACT,0,0,0.0
3793,594,2026-07-14 18:44:17.331466,833.08,net_banking,card_blocked,18,1,29.0,3,1,0,2,0.084,0,LINK_NEXT_MORNING,676,0,0.0
3794,193,2026-07-14 19:35:51.070214,1867.44,upi,insufficient_funds,19,1,318.6,1,3,0,0,0.204,0,LINK_AFTER_2H,148,1,1519.64
3795,71,2026-07-14 20:27:24.808962,1139.29,credit_card,card_blocked,20,1,98.3,1,1,0,1,0.254,0,LINK_AFTER_2H,130,0,0.0
3796,193,2026-07-14 21:18:58.547710,556.59,debit_card,temporary_network_issue,21,1,318.6,1,3,0,1,0.165,0,LINK_NEXT_MORNING,640,0,0.0
3797,685,2026-07-14 22:10:32.286457,3744.8,credit_card,card_blocked,22,1,581.8,1,2,0,2,0.331,0,LINK_NOW,12,0,0.0
3798,504,2026-07-14 23:02:06.025205,4659.47,upi,temporary_network_issue,23,1,62.3,2,3,0,3,0.172,0,NO_CONTACT,0,0,0.0
3799,58,2026-07-14 23:53:39.763953,6043.27,upi,insufficient_funds,23,1,17.4,3,0,1,1,0.228,0,LINK_NOW,2,0,0.0
3800,459,2026-07-15 00:45:13.502701,17930.66,debit_card,risk_declined,0,2,17.7,3,2,1,2,0.045,0,NO_CONTACT,0,0,0.0
3801,710,2026-07-15 01:36:47.241448,4064.57,credit_card,temporary_network_issue,1,2,103.4,2,0,0,1,0.064,0,LINK_NOW,4,0,0.0
3802,710,2026-07-15 02:28:20.980196,741.27,debit_card,card_blocked,2,2,103.4,2,0,0,0,0.195,0,LINK_NOW,22,0,0.0
3803,459,2026-07-15 03:19:54.718944,1188.91,net_banking,insufficient_funds,3,2,17.7,3,2,1,1,0.155,0,NO_CONTACT,0,0,0.0
3804,233,2026-07-15 04:11:28.457692,3814.2,net_banking,card_blocked,4,2,189.5,4,2,0,1,0.083,0,HUMAN_REVIEW,75,1,3674.5
3805,81,2026-07-15 05:03:02.196439,3934.74,debit_card,temporary_network_issue,5,2,269.0,4,1,0,0,0.165,0,LINK_NOW,4,0,0.0
3806,122,2026-07-15 05:54:35.935187,854.09,debit_card,risk_declined,5,2,23.7,2,1,2,0,0.206,1,LINK_AFTER_2H,121,0,0.0
3807,710,2026-07-15 06:46:09.673935,7072.39,debit_card,temporary_network_issue,6,2,103.4,2,0,0,0,0.157,0,NO_CONTACT,0,0,0.0
3808,71,2026-07-15 07:37:43.412683,612.17,credit_card,temporary_network_issue,7,2,98.3,1,1,0,1,0.198,1,HUMAN_REVIEW,81,1,598.24
3809,336,2026-07-15 08:29:17.151430,396.26,credit_card,insufficient_funds,8,2,50.0,0,0,0,0,0.265,0,LINK_AFTER_2H,103,0,0.0
3810,710,2026-07-15 09:20:50.890178,4952.49,credit_card,risk_declined,9,2,103.4,2,0,0,1,0.164,0,HUMAN_REVIEW,62,1,4064.8
3811,644,2026-07-15 10:12:24.628926,1090.02,net_banking,temporary_network_issue,10,2,5.8,2,0,0,0,0.232,0,NO_CONTACT,0,0,0.0
3812,83,2026-07-15 11:03:58.367674,1291.2,credit_card,bank_limit_exceeded,11,2,208.1,4,0,0,3,0.237,0,NO_CONTACT,0,0,0.0
3813,459,2026-07-15 11:55:32.106421,1182.44,debit_card,temporary_network_issue,11,2,17.7,3,2,1,1,0.095,0,LINK_NOW,10,0,0.0
3814,233,2026-07-15 12:47:05.845169,2942.51,net_banking,card_blocked,12,2,189.5,4,2,0,2,0.161,0,HUMAN_REVIEW,98,0,0.0
3815,314,2026-07-15 13:38:39.583917,1592.82,upi,card_blocked,13,2,126.7,3,7,0,2,0.159,0,LINK_NOW,24,0,0.0
3816,459,2026-07-15 14:30:13.322665,2412.96,debit_card,card_blocked,14,2,17.7,3,2,1,4,0.029,1,NO_CONTACT,0,0,0.0
3817,125,2026-07-15 15:21:47.061412,6376.77,credit_card,card_blocked,15,2,176.2,1,4,0,0,0.331,0,HUMAN_REVIEW,64,1,6181.23
3818,193,2026-07-15 16:13:20.800160,1347.91,wallet,insufficient_funds,16,2,318.6,1,3,0,1,0.262,0,LINK_NOW,9,0,0.0
3819,747,2026-07-15 17:04:54.538908,4323.37,credit_card,temporary_network_issue,17,2,19.4,2,2,1,0,0.127,0,LINK_NOW,21,1,3557.8
3820,117,2026-07-15 17:56:28.277656,15361.85,debit_card,temporary_network_issue,17,2,386.0,2,0,0,2,0.081,0,LINK_NEXT_MORNING,712,1,13778.21
3821,233,2026-07-15 18:48:02.016403,641.98,upi,insufficient_funds,18,2,189.5,4,2,0,1,0.05,0,LINK_AFTER_2H,136,0,0.0
3822,71,2026-07-15 19:39:35.755151,11800.88,net_banking,temporary_network_issue,19,2,98.3,1,1,0,1,0.071,0,NO_CONTACT,0,0,0.0
3823,71,2026-07-15 20:31:09.493899,795.29,net_banking,temporary_network_issue,20,2,98.3,1,1,0,2,0.083,0,HUMAN_REVIEW,87,0,0.0
3824,71,2026-07-15 21:22:43.232647,985.24,debit_card,insufficient_funds,21,2,98.3,1,1,0,2,0.054,0,LINK_NOW,21,0,0.0
3825,233,2026-07-15 22:14:16.971394,395.27,credit_card,insufficient_funds,22,2,189.5,4,2,0,2,0.157,0,LINK_NOW,5,0,0.0
3826,594,2026-07-15 23:05:50.710142,1255.66,debit_card,card_blocked,23,2,29.0,3,1,0,1,0.172,0,NO_CONTACT,0,0,0.0
3827,493,2026-07-15 23:57:24.448890,3794.33,debit_card,insufficient_funds,23,2,160.4,1,0,1,1,0.088,0,NO_CONTACT,0,0,0.0
3828,17,2026-07-16 00:48:58.187638,5730.92,debit_card,insufficient_funds,0,3,12.1,5,2,0,1,0.321,0,LINK_AFTER_2H,144,0,0.0
3829,594,2026-07-16 01:40:31.926385,7655.94,credit_card,card_blocked,1,3,29.0,3,1,0,2,0.268,0,HUMAN_REVIEW,85,0,0.0
3830,71,2026-07-16 02:32:05.665133,199.73,debit_card,insufficient_funds,2,3,98.3,1,1,0,2,0.145,0,LINK_NEXT_MORNING,483,0,0.0
3831,233,2026-07-16 03:23:39.403881,325.88,net_banking,temporary_network_issue,3,3,189.5,4,2,0,1,0.167,0,LINK_NEXT_MORNING,545,0,0.0
3832,71,2026-07-16 04:15:13.142629,3452.7,upi,insufficient_funds,4,3,98.3,1,1,0,2,0.272,0,LINK_AFTER_2H,98,0,0.0
3833,112,2026-07-16 05:06:46.881376,4587.73,net_banking,risk_declined,5,3,45.5,1,2,0,3,0.421,1,HUMAN_REVIEW,48,0,0.0
3834,594,2026-07-16 05:58:20.620124,8086.46,upi,insufficient_funds,5,3,29.0,3,1,0,0,0.247,0,LINK_AFTER_2H,149,0,0.0
3835,459,2026-07-16 06:49:54.358872,3682.66,debit_card,insufficient_funds,6,3,17.7,3,2,1,4,0.135,0,LINK_AFTER_2H,140,0,0.0
3836,473,2026-07-16 07:41:28.097620,574.3,credit_card,temporary_network_issue,7,3,57.0,1,0,2,2,0.218,0,HUMAN_REVIEW,102,0,0.0
3837,718,2026-07-16 08:33:01.836367,782.79,debit_card,insufficient_funds,8,3,277.8,2,2,1,2,0.036,0,LINK_NEXT_MORNING,612,0,0.0
3838,747,2026-07-16 09:24:35.575115,2826.79,debit_card,risk_declined,9,3,19.4,2,2,1,3,0.321,0,HUMAN_REVIEW,45,0,0.0
3839,257,2026-07-16 10:16:09.313863,429.23,net_banking,card_blocked,10,3,335.3,2,0,0,2,0.224,0,LINK_AFTER_2H,115,0,0.0
3840,647,2026-07-16 11:07:43.052611,767.46,upi,risk_declined,11,3,30.8,2,3,0,4,0.246,0,NO_CONTACT,0,0,0.0
3841,193,2026-07-16 11:59:16.791358,2182.53,upi,temporary_network_issue,11,3,318.6,1,3,0,2,0.179,0,HUMAN_REVIEW,36,0,0.0
3842,685,2026-07-16 12:50:50.530106,1821.93,debit_card,risk_declined,12,3,581.8,1,2,0,4,0.153,0,LINK_NEXT_MORNING,481,0,0.0
3843,314,2026-07-16 13:42:24.268854,2414.48,upi,temporary_network_issue,13,3,126.7,3,7,0,1,0.341,0,NO_CONTACT,0,1,2366.33
3844,72,2026-07-16 14:33:58.007602,3505.48,debit_card,insufficient_funds,14,3,125.2,3,1,0,3,0.054,0,LINK_NEXT_MORNING,557,0,0.0
3845,596,2026-07-16 15:25:31.746349,441.31,credit_card,insufficient_funds,15,3,7.4,2,2,0,1,0.25,0,LINK_AFTER_2H,120,0,0.0
3846,233,2026-07-16 16:17:05.485097,2668.29,debit_card,card_blocked,16,3,189.5,4,2,0,0,0.217,0,HUMAN_REVIEW,115,1,2536.14
3847,237,2026-07-16 17:08:39.223845,521.52,net_banking,risk_declined,17,3,68.3,1,4,2,0,0.356,0,LINK_NOW,0,0,0.0
3848,459,2026-07-16 18:00:12.962593,2183.6,upi,insufficient_funds,18,3,17.7,3,2,1,2,0.498,0,HUMAN_REVIEW,69,0,0.0
3849,173,2026-07-16 18:51:46.701340,5109.33,debit_card,risk_declined,18,3,204.8,5,0,0,1,0.055,0,LINK_NOW,16,0,0.0
3850,233,2026-07-16 19:43:20.440088,3942.18,credit_card,risk_declined,19,3,189.5,4,2,0,1,0.254,0,HUMAN_REVIEW,88,0,0.0
3851,125,2026-07-16 20:34:54.178836,743.68,credit_card,temporary_network_issue,20,3,176.2,1,4,0,3,0.076,0,LINK_NEXT_MORNING,702,0,0.0
3852,233,2026-07-16 21:26:27.917584,653.4,credit_card,card_blocked,21,3,189.5,4,2,0,2,0.275,0,HUMAN_REVIEW,112,0,0.0
3853,233,2026-07-16 22:18:01.656331,14325.44,wallet,insufficient_funds,22,3,189.5,4,2,0,2,0.243,0,LINK_NEXT_MORNING,613,0,0.0
3854,193,2026-07-16 23:09:35.395079,5977.04,wallet,risk_declined,23,3,318.6,1,3,0,0,0.143,0,HUMAN_REVIEW,75,0,0.0
3855,193,2026-07-17 00:01:09.133827,1949.99,wallet,card_blocked,0,4,318.6,1,3,0,3,0.196,0,NO_CONTACT,0,0,0.0
3856,698,2026-07-17 00:52:42.872575,10131.0,debit_card,temporary_network_issue,0,4,39.8,5,3,1,1,0.401,1,NO_CONTACT,0,1,9701.12
3857,173,2026-07-17 01:44:16.611322,2077.92,credit_card,risk_declined,1,4,204.8,5,0,0,0,0.243,0,NO_CONTACT,0,1,1926.21
3858,193,2026-07-17 02:35:50.350070,38623.99,wallet,insufficient_funds,2,4,318.6,1,3,0,1,0.236,1,LINK_AFTER_2H,129,0,0.0
3859,214,2026-07-17 03:27:24.088818,1829.56,wallet,risk_declined,3,4,55.7,2,0,1,0,0.273,0,LINK_AFTER_2H,132,0,0.0
3860,71,2026-07-17 04:18:57.827566,48236.7,credit_card,insufficient_funds,4,4,98.3,1,1,0,3,0.241,0,NO_CONTACT,0,0,0.0
3861,257,2026-07-17 05:10:31.566313,3061.44,upi,risk_declined,5,4,335.3,2,0,0,1,0.069,0,NO_CONTACT,0,0,0.0
3862,710,2026-07-17 06:02:05.305061,580.73,debit_card,temporary_network_issue,6,4,103.4,2,0,0,0,0.149,0,LINK_NEXT_MORNING,589,0,0.0
3863,89,2026-07-17 06:53:39.043809,2602.17,upi,card_blocked,6,4,58.1,1,1,0,2,0.125,0,NO_CONTACT,0,0,0.0
3864,594,2026-07-17 07:45:12.782557,5807.34,credit_card,temporary_network_issue,7,4,29.0,3,1,0,2,0.164,0,HUMAN_REVIEW,103,0,0.0
3865,601,2026-07-17 08:36:46.521304,2546.85,upi,risk_declined,8,4,142.1,2,0,0,0,0.063,0,NO_CONTACT,0,0,0.0
3866,521,2026-07-17 09:28:20.260052,1239.29,credit_card,insufficient_funds,9,4,249.5,2,2,1,0,0.224,0,LINK_AFTER_2H,138,0,0.0
3867,173,2026-07-17 10:19:53.998800,3433.36,debit_card,insufficient_funds,10,4,204.8,5,0,0,1,0.212,0,LINK_AFTER_2H,101,1,3239.07
3868,710,2026-07-17 11:11:27.737548,5308.95,debit_card,insufficient_funds,11,4,103.4,2,0,0,1,0.107,0,LINK_NOW,25,1,4928.42
3869,193,2026-07-17 12:03:01.476295,1079.87,debit_card,risk_declined,12,4,318.6,1,3,0,2,0.121,0,LINK_AFTER_2H,93,1,977.76
3870,459,2026-07-17 12:54:35.215043,2326.48,debit_card,temporary_network_issue,12,4,17.7,3,2,1,2,0.127,0,NO_CONTACT,0,0,0.0
3871,459,2026-07-17 13:46:08.953791,752.42,net_banking,temporary_network_issue,13,4,17.7,3,2,1,0,0.235,1,NO_CONTACT,0,0,0.0
3872,88,2026-07-17 14:37:42.692539,3862.85,credit_card,risk_declined,14,4,11.1,2,1,0,2,0.149,0,LINK_NEXT_MORNING,594,1,3484.4
3873,233,2026-07-17 15:29:16.431286,812.16,net_banking,risk_declined,15,4,189.5,4,2,0,0,0.134,0,HUMAN_REVIEW,88,1,666.92
3874,738,2026-07-17 16:20:50.170034,3310.32,credit_card,insufficient_funds,16,4,318.0,3,0,0,4,0.203,0,LINK_NEXT_MORNING,528,0,0.0
3875,596,2026-07-17 17:12:23.908782,9789.27,credit_card,temporary_network_issue,17,4,7.4,2,2,0,1,0.077,1,LINK_NOW,4,1,9127.52
3876,233,2026-07-17 18:03:57.647530,5606.39,net_banking,insufficient_funds,18,4,189.5,4,2,0,3,0.081,0,LINK_AFTER_2H,119,0,0.0
3877,459,2026-07-17 18:55:31.386277,1850.89,credit_card,risk_declined,18,4,17.7,3,2,1,0,0.266,1,LINK_NEXT_MORNING,631,0,0.0
3878,747,2026-07-17 19:47:05.125025,518.55,wallet,risk_declined,19,4,19.4,2,2,1,0,0.16,0,NO_CONTACT,0,0,0.0
3879,637,2026-07-17 20:38:38.863773,2563.45,upi,risk_declined,20,4,26.0,3,2,0,1,0.292,0,NO_CONTACT,0,0,0.0
3880,792,2026-07-17 21:30:12.602521,1602.08,net_banking,card_blocked,21,4,117.4,1,2,0,1,0.167,0,HUMAN_REVIEW,64,1,1564.75
3881,230,2026-07-17 22:21:46.341268,2578.24,debit_card,temporary_network_issue,22,4,556.1,2,3,0,1,0.052,0,LINK_NEXT_MORNING,612,1,2519.04
3882,487,2026-07-17 23:13:20.080016,2855.98,credit_card,temporary_network_issue,23,4,334.2,0,3,0,2,0.158,0,LINK_NEXT_MORNING,484,0,0.0
3883,247,2026-07-18 00:04:53.818764,1544.66,wallet,temporary_network_issue,0,5,90.8,3,3,0,0,0.128,0,NO_CONTACT,0,0,0.0
3884,459,2026-07-18 00:56:27.557512,1097.73,credit_card,insufficient_funds,0,5,17.7,3,2,1,1,0.059,0,LINK_NOW,7,0,0.0
3885,233,2026-07-18 01:48:01.296259,4155.22,upi,bank_limit_exceeded,1,5,189.5,4,2,0,0,0.175,0,LINK_AFTER_2H,143,1,3699.33
3886,417,2026-07-18 02:39:35.035007,15800.21,credit_card,temporary_network_issue,2,5,107.3,2,3,1,2,0.121,1,LINK_NOW,2,0,0.0
3887,193,2026-07-18 03:31:08.773755,3133.89,debit_card,bank_limit_exceeded,3,5,318.6,1,3,0,3,0.181,0,HUMAN_REVIEW,84,0,0.0
3888,233,2026-07-18 04:22:42.512503,2298.78,net_banking,risk_declined,4,5,189.5,4,2,0,1,0.172,0,LINK_NEXT_MORNING,672,0,0.0
3889,46,2026-07-18 05:14:16.251250,8595.56,upi,risk_declined,5,5,249.6,3,1,0,1,0.271,0,LINK_NOW,1,0,0.0
3890,233,2026-07-18 06:05:49.989998,1837.41,credit_card,temporary_network_issue,6,5,189.5,4,2,0,1,0.04,0,LINK_NEXT_MORNING,486,1,1753.94
3891,747,2026-07-18 06:57:23.728746,11785.03,debit_card,insufficient_funds,6,5,19.4,2,2,1,1,0.171,0,LINK_AFTER_2H,104,1,11658.66
3892,71,2026-07-18 07:48:57.467494,6515.24,upi,insufficient_funds,7,5,98.3,1,1,0,2,0.088,0,LINK_NOW,13,0,0.0
3893,594,2026-07-18 08:40:31.206241,199.0,credit_card,card_blocked,8,5,29.0,3,1,0,0,0.397,0,HUMAN_REVIEW,106,1,180.86
3894,528,2026-07-18 09:32:04.944989,4063.47,credit_card,insufficient_funds,9,5,25.9,3,2,0,2,0.094,0,LINK_NOW,11,1,3499.49
3895,193,2026-07-18 10:23:38.683737,1205.47,credit_card,insufficient_funds,10,5,318.6,1,3,0,3,0.132,0,LINK_NEXT_MORNING,636,1,1079.51
3896,193,2026-07-18 11:15:12.422484,6452.77,debit_card,card_blocked,11,5,318.6,1,3,0,1,0.08,0,LINK_NOW,17,0,0.0
3897,193,2026-07-18 12:06:46.161232,359.45,upi,risk_declined,12,5,318.6,1,3,0,1,0.122,0,HUMAN_REVIEW,31,0,0.0
3898,459,2026-07-18 12:58:19.899980,2303.13,wallet,risk_declined,12,5,17.7,3,2,1,1,0.079,0,LINK_AFTER_2H,147,0,0.0
3899,233,2026-07-18 13:49:53.638728,2042.31,debit_card,insufficient_funds,13,5,189.5,4,2,0,1,0.213,0,LINK_NOW,6,0,0.0
3900,193,2026-07-18 14:41:27.377475,1563.15,credit_card,bank_limit_exceeded,14,5,318.6,1,3,0,1,0.189,0,HUMAN_REVIEW,39,1,1457.97
3901,594,2026-07-18 15:33:01.116223,8379.79,debit_card,card_blocked,15,5,29.0,3,1,0,1,0.24,0,LINK_NEXT_MORNING,691,0,0.0
3902,233,2026-07-18 16:24:34.854971,50000.0,credit_card,card_blocked,16,5,189.5,4,2,0,1,0.577,0,HUMAN_REVIEW,118,0,0.0
3903,193,2026-07-18 17:16:08.593719,3378.6,debit_card,insufficient_funds,17,5,318.6,1,3,0,0,0.315,0,LINK_NOW,22,0,0.0
3904,11,2026-07-18 18:07:42.332466,12235.42,net_banking,card_blocked,18,5,55.1,2,1,0,0,0.133,0,LINK_NOW,25,0,0.0
3905,420,2026-07-18 18:59:16.071214,12486.35,credit_card,card_blocked,18,5,82.3,3,1,0,0,0.129,0,NO_CONTACT,0,0,0.0
3906,233,2026-07-18 19:50:49.809962,45824.74,net_banking,temporary_network_issue,19,5,189.5,4,2,0,1,0.158,0,LINK_AFTER_2H,131,1,45128.02
3907,459,2026-07-18 20:42:23.548710,6337.75,wallet,temporary_network_issue,20,5,17.7,3,2,1,0,0.515,0,HUMAN_REVIEW,99,0,0.0
3908,459,2026-07-18 21:33:57.287457,6729.9,upi,risk_declined,21,5,17.7,3,2,1,1,0.396,0,LINK_NEXT_MORNING,675,0,0.0
3909,193,2026-07-18 22:25:31.026205,2173.06,debit_card,bank_limit_exceeded,22,5,318.6,1,3,0,1,0.205,0,LINK_NEXT_MORNING,679,1,2164.01
3910,11,2026-07-18 23:17:04.764953,798.12,debit_card,risk_declined,23,5,55.1,2,1,0,2,0.327,0,LINK_NEXT_MORNING,492,0,0.0
3911,83,2026-07-19 00:08:38.503701,9791.87,debit_card,insufficient_funds,0,6,208.1,4,0,0,4,0.11,0,NO_CONTACT,0,0,0.0
3912,459,2026-07-19 01:00:12.242448,1303.51,upi,temporary_network_issue,1,6,17.7,3,2,1,0,0.334,0,NO_CONTACT,0,1,1148.32
3913,316,2026-07-19 01:51:45.981196,226.89,wallet,insufficient_funds,1,6,295.0,3,0,0,1,0.24,0,NO_CONTACT,0,0,0.0
3914,83,2026-07-19 02:43:19.719944,15620.49,upi,card_blocked,2,6,208.1,4,0,0,1,0.072,0,LINK_NEXT_MORNING,644,0,0.0
3915,710,2026-07-19 03:34:53.458692,2017.94,net_banking,risk_declined,3,6,103.4,2,0,0,1,0.058,0,LINK_AFTER_2H,97,0,0.0
3916,747,2026-07-19 04:26:27.197439,3807.58,credit_card,insufficient_funds,4,6,19.4,2,2,1,0,0.16,0,HUMAN_REVIEW,69,0,0.0
3917,83,2026-07-19 05:18:00.936187,670.02,wallet,bank_limit_exceeded,5,6,208.1,4,0,0,1,0.159,0,LINK_NOW,28,0,0.0
3918,490,2026-07-19 06:09:34.674935,7065.32,upi,card_blocked,6,6,260.1,3,1,0,1,0.253,0,NO_CONTACT,0,1,6401.32
3919,672,2026-07-19 07:01:08.413683,1824.16,upi,insufficient_funds,7,6,238.8,4,2,0,3,0.123,0,HUMAN_REVIEW,38,1,1737.17
3920,710,2026-07-19 07:52:42.152430,3101.39,debit_card,temporary_network_issue,7,6,103.4,2,0,0,1,0.246,0,LINK_AFTER_2H,103,1,2540.12
3921,459,2026-07-19 08:44:15.891178,5276.63,debit_card,insufficient_funds,8,6,17.7,3,2,1,0,0.028,0,HUMAN_REVIEW,89,0,0.0
3922,193,2026-07-19 09:35:49.629926,2342.95,credit_card,temporary_network_issue,9,6,318.6,1,3,0,2,0.171,0,NO_CONTACT,0,1,2307.55
3923,193,2026-07-19 10:27:23.368674,1065.23,upi,insufficient_funds,10,6,318.6,1,3,0,0,0.238,0,LINK_NOW,10,0,0.0
3924,71,2026-07-19 11:18:57.107421,2541.41,upi,card_blocked,11,6,98.3,1,1,0,0,0.156,0,LINK_AFTER_2H,114,0,0.0
3925,91,2026-07-19 12:10:30.846169,1609.11,debit_card,card_blocked,12,6,286.8,1,3,0,1,0.139,0,LINK_AFTER_2H,112,0,0.0
3926,710,2026-07-19 13:02:04.584917,199.0,net_banking,temporary_network_issue,13,6,103.4,2,0,0,0,0.034,0,LINK_NEXT_MORNING,617,1,165.41
3927,193,2026-07-19 13:53:38.323665,2641.67,credit_card,insufficient_funds,13,6,318.6,1,3,0,0,0.185,0,HUMAN_REVIEW,100,1,2365.53
3928,233,2026-07-19 14:45:12.062412,7176.1,debit_card,card_blocked,14,6,189.5,4,2,0,1,0.322,0,LINK_NEXT_MORNING,556,0,0.0
3929,83,2026-07-19 15:36:45.801160,283.58,debit_card,temporary_network_issue,15,6,208.1,4,0,0,2,0.417,0,LINK_NOW,21,1,282.37
3930,193,2026-07-19 16:28:19.539908,5448.36,debit_card,bank_limit_exceeded,16,6,318.6,1,3,0,0,0.059,0,HUMAN_REVIEW,85,0,0.0
3931,173,2026-07-19 17:19:53.278656,5464.78,debit_card,temporary_network_issue,17,6,204.8,5,0,0,1,0.03,0,HUMAN_REVIEW,75,1,4824.71
3932,433,2026-07-19 18:11:27.017403,10677.49,debit_card,insufficient_funds,18,6,160.9,2,3,1,0,0.196,0,LINK_NEXT_MORNING,625,0,0.0
3933,193,2026-07-19 19:03:00.756151,3544.96,upi,card_blocked,19,6,318.6,1,3,0,2,0.151,0,LINK_AFTER_2H,98,0,0.0
3934,459,2026-07-19 19:54:34.494899,1904.95,debit_card,risk_declined,19,6,17.7,3,2,1,1,0.102,0,LINK_AFTER_2H,111,0,0.0
3935,193,2026-07-19 20:46:08.233647,2517.89,upi,insufficient_funds,20,6,318.6,1,3,0,2,0.071,0,LINK_NEXT_MORNING,596,1,2253.23
3936,569,2026-07-19 21:37:41.972394,2128.16,net_banking,temporary_network_issue,21,6,320.7,2,4,0,0,0.106,0,LINK_AFTER_2H,144,1,1732.02
3937,459,2026-07-19 22:29:15.711142,615.96,upi,card_blocked,22,6,17.7,3,2,1,1,0.185,0,HUMAN_REVIEW,88,0,0.0
3938,83,2026-07-19 23:20:49.449890,1597.67,upi,insufficient_funds,23,6,208.1,4,0,0,2,0.21,0,LINK_NEXT_MORNING,540,1,1591.4
3939,383,2026-07-20 00:12:23.188638,4514.91,credit_card,insufficient_funds,0,0,346.1,0,2,1,2,0.139,0,LINK_NOW,14,0,0.0
3940,459,2026-07-20 01:03:56.927385,2257.22,debit_card,card_blocked,1,0,17.7,3,2,1,3,0.283,0,LINK_NEXT_MORNING,719,1,2009.95
3941,747,2026-07-20 01:55:30.666133,1451.04,credit_card,card_blocked,1,0,19.4,2,2,1,0,0.323,0,LINK_AFTER_2H,141,0,0.0
3942,173,2026-07-20 02:47:04.404881,2769.86,debit_card,risk_declined,2,0,204.8,5,0,0,2,0.172,0,NO_CONTACT,0,0,0.0
3943,710,2026-07-20 03:38:38.143629,1036.17,credit_card,temporary_network_issue,3,0,103.4,2,0,0,0,0.252,0,LINK_AFTER_2H,98,1,909.62
3944,461,2026-07-20 04:30:11.882376,3045.38,net_banking,temporary_network_issue,4,0,1291.7,4,0,0,0,0.037,0,HUMAN_REVIEW,92,1,2615.83
3945,410,2026-07-20 05:21:45.621124,4243.76,upi,temporary_network_issue,5,0,55.9,1,1,0,1,0.418,0,NO_CONTACT,0,0,0.0
3946,233,2026-07-20 06:13:19.359872,2991.93,debit_card,risk_declined,6,0,189.5,4,2,0,3,0.284,0,HUMAN_REVIEW,93,0,0.0
3947,38,2026-07-20 07:04:53.098620,741.06,debit_card,card_blocked,7,0,121.0,2,1,0,0,0.339,0,LINK_NEXT_MORNING,493,0,0.0
3948,233,2026-07-20 07:56:26.837367,6986.98,credit_card,insufficient_funds,7,0,189.5,4,2,0,1,0.145,0,LINK_NEXT_MORNING,555,0,0.0
3949,233,2026-07-20 08:48:00.576115,965.77,credit_card,insufficient_funds,8,0,189.5,4,2,0,1,0.19,0,HUMAN_REVIEW,46,1,965.4
3950,577,2026-07-20 09:39:34.314863,2600.93,net_banking,risk_declined,9,0,171.8,1,5,0,2,0.267,0,HUMAN_REVIEW,46,0,0.0
3951,459,2026-07-20 10:31:08.053611,12821.74,credit_card,temporary_network_issue,10,0,17.7,3,2,1,3,0.122,0,LINK_NOW,18,0,0.0
3952,521,2026-07-20 11:22:41.792358,326.19,upi,insufficient_funds,11,0,249.5,2,2,1,0,0.161,0,HUMAN_REVIEW,85,1,307.38
3953,594,2026-07-20 12:14:15.531106,912.1,net_banking,insufficient_funds,12,0,29.0,3,1,0,3,0.174,0,LINK_NOW,23,0,0.0
3954,58,2026-07-20 13:05:49.269854,2696.06,debit_card,risk_declined,13,0,17.4,3,0,1,0,0.251,0,NO_CONTACT,0,0,0.0
3955,233,2026-07-20 13:57:23.008602,1398.59,credit_card,bank_limit_exceeded,13,0,189.5,4,2,0,1,0.14,0,LINK_AFTER_2H,139,0,0.0
3956,498,2026-07-20 14:48:56.747349,418.8,debit_card,insufficient_funds,14,0,110.0,1,2,0,1,0.049,0,HUMAN_REVIEW,106,1,355.71
3957,714,2026-07-20 15:40:30.486097,2642.88,upi,temporary_network_issue,15,0,11.2,1,2,0,1,0.099,0,NO_CONTACT,0,0,0.0
3958,560,2026-07-20 16:32:04.224845,199.0,wallet,insufficient_funds,16,0,79.4,1,2,0,3,0.138,0,LINK_AFTER_2H,138,0,0.0
3959,11,2026-07-20 17:23:37.963593,34126.75,credit_card,insufficient_funds,17,0,55.1,2,1,0,0,0.138,0,LINK_NEXT_MORNING,515,0,0.0
3960,710,2026-07-20 18:15:11.702340,7198.14,upi,temporary_network_issue,18,0,103.4,2,0,0,1,0.229,0,LINK_NEXT_MORNING,541,0,0.0
3961,71,2026-07-20 19:06:45.441088,882.66,debit_card,insufficient_funds,19,0,98.3,1,1,0,2,0.217,0,LINK_AFTER_2H,107,0,0.0
3962,710,2026-07-20 19:58:19.179836,1729.48,debit_card,card_blocked,19,0,103.4,2,0,0,4,0.064,0,LINK_AFTER_2H,142,0,0.0
3963,193,2026-07-20 20:49:52.918584,369.28,debit_card,temporary_network_issue,20,0,318.6,1,3,0,1,0.237,0,LINK_AFTER_2H,119,0,0.0
3964,193,2026-07-20 21:41:26.657331,12790.54,wallet,risk_declined,21,0,318.6,1,3,0,0,0.246,0,LINK_NEXT_MORNING,603,0,0.0
3965,459,2026-07-20 22:33:00.396079,2978.76,credit_card,card_blocked,22,0,17.7,3,2,1,0,0.14,0,LINK_NOW,22,1,2971.72
3966,233,2026-07-20 23:24:34.134827,486.8,credit_card,insufficient_funds,23,0,189.5,4,2,0,0,0.022,0,LINK_NOW,9,0,0.0
3967,83,2026-07-21 00:16:07.873575,1604.19,net_banking,insufficient_funds,0,1,208.1,4,0,0,0,0.565,0,LINK_NOW,26,0,0.0
3968,233,2026-07-21 01:07:41.612322,5901.46,upi,risk_declined,1,1,189.5,4,2,0,2,0.29,0,LINK_NEXT_MORNING,603,0,0.0
3969,640,2026-07-21 01:59:15.351070,4892.64,net_banking,risk_declined,1,1,118.5,1,1,1,1,0.038,0,HUMAN_REVIEW,71,0,0.0
3970,594,2026-07-21 02:50:49.089818,4937.69,debit_card,temporary_network_issue,2,1,29.0,3,1,0,0,0.025,0,LINK_NOW,4,0,0.0
3971,193,2026-07-21 03:42:22.828566,2912.9,wallet,insufficient_funds,3,1,318.6,1,3,0,0,0.099,0,LINK_NOW,0,1,2610.91
3972,233,2026-07-21 04:33:56.567313,199.0,wallet,risk_declined,4,1,189.5,4,2,0,3,0.364,0,LINK_NEXT_MORNING,493,0,0.0
3973,233,2026-07-21 05:25:30.306061,47247.75,upi,insufficient_funds,5,1,189.5,4,2,0,0,0.258,0,NO_CONTACT,0,0,0.0
3974,521,2026-07-21 06:17:04.044809,1648.8,upi,insufficient_funds,6,1,249.5,2,2,1,1,0.021,0,HUMAN_REVIEW,39,1,1516.06
3975,71,2026-07-21 07:08:37.783557,3789.85,upi,bank_limit_exceeded,7,1,98.3,1,1,0,1,0.026,0,LINK_NOW,27,1,3044.72
3976,594,2026-07-21 08:00:11.522304,18374.79,debit_card,risk_declined,8,1,29.0,3,1,0,1,0.09,0,HUMAN_REVIEW,34,0,0.0
3977,233,2026-07-21 08:51:45.261052,3300.68,credit_card,card_blocked,8,1,189.5,4,2,0,2,0.089,0,LINK_NEXT_MORNING,629,1,2882.78
3978,568,2026-07-21 09:43:18.999800,14590.11,net_banking,insufficient_funds,9,1,109.6,1,1,0,1,0.392,0,LINK_NEXT_MORNING,712,0,0.0
3979,193,2026-07-21 10:34:52.738548,10014.0,wallet,temporary_network_issue,10,1,318.6,1,3,0,1,0.071,0,NO_CONTACT,0,0,0.0
3980,205,2026-07-21 11:26:26.477295,16859.42,upi,card_blocked,11,1,181.9,2,1,0,0,0.374,1,LINK_AFTER_2H,118,0,0.0
3981,710,2026-07-21 12:18:00.216043,5240.94,credit_card,risk_declined,12,1,103.4,2,0,0,0,0.193,0,LINK_NOW,16,0,0.0
3982,630,2026-07-21 13:09:33.954791,1715.95,credit_card,temporary_network_issue,13,1,38.7,7,1,0,1,0.252,0,LINK_NEXT_MORNING,703,0,0.0
3983,385,2026-07-21 14:01:07.693539,1394.2,upi,bank_limit_exceeded,14,1,33.3,3,2,1,0,0.072,0,NO_CONTACT,0,1,1182.25
3984,70,2026-07-21 14:52:41.432286,22111.15,net_banking,insufficient_funds,14,1,291.8,1,2,0,4,0.073,0,LINK_NEXT_MORNING,574,1,18617.13
3985,83,2026-07-21 15:44:15.171034,2026.22,debit_card,insufficient_funds,15,1,208.1,4,0,0,1,0.565,0,HUMAN_REVIEW,66,0,0.0
3986,139,2026-07-21 16:35:48.909782,7953.94,net_banking,insufficient_funds,16,1,204.0,2,3,0,0,0.267,0,NO_CONTACT,0,0,0.0
3987,459,2026-07-21 17:27:22.648530,1215.13,credit_card,card_blocked,17,1,17.7,3,2,1,0,0.21,0,LINK_NOW,0,1,1049.28
3988,141,2026-07-21 18:18:56.387277,1576.11,upi,card_blocked,18,1,523.6,1,1,1,1,0.102,1,LINK_NOW,29,0,0.0
3989,459,2026-07-21 19:10:30.126025,3088.01,upi,card_blocked,19,1,17.7,3,2,1,2,0.05,1,HUMAN_REVIEW,39,0,0.0
3990,240,2026-07-21 20:02:03.864773,1484.09,wallet,insufficient_funds,20,1,42.4,2,0,0,2,0.031,0,HUMAN_REVIEW,93,0,0.0
3991,730,2026-07-21 20:53:37.603521,1179.9,credit_card,risk_declined,20,1,29.2,3,3,1,1,0.287,0,NO_CONTACT,0,0,0.0
3992,233,2026-07-21 21:45:11.342268,1756.04,upi,insufficient_funds,21,1,189.5,4,2,0,1,0.064,0,NO_CONTACT,0,0,0.0
3993,233,2026-07-21 22:36:45.081016,6093.3,net_banking,insufficient_funds,22,1,189.5,4,2,0,3,0.318,0,NO_CONTACT,0,0,0.0
3994,233,2026-07-21 23:28:18.819764,1377.47,debit_card,card_blocked,23,1,189.5,4,2,0,0,0.235,0,LINK_AFTER_2H,147,0,0.0
3995,459,2026-07-22 00:19:52.558512,2598.6,debit_card,insufficient_funds,0,2,17.7,3,2,1,1,0.082,0,LINK_NEXT_MORNING,670,0,0.0
3996,459,2026-07-22 01:11:26.297259,19305.29,upi,temporary_network_issue,1,2,17.7,3,2,1,0,0.279,0,LINK_NEXT_MORNING,642,1,16180.94
3997,187,2026-07-22 02:03:00.036007,4840.16,net_banking,temporary_network_issue,2,2,49.8,3,1,0,1,0.2,0,LINK_NOW,26,0,0.0
3998,233,2026-07-22 02:54:33.774755,12304.16,debit_card,insufficient_funds,2,2,189.5,4,2,0,0,0.2,0,LINK_NOW,16,1,10676.07
3999,395,2026-07-22 03:46:07.513503,3498.83,wallet,insufficient_funds,3,2,261.2,1,2,0,1,0.482,0,NO_CONTACT,0,1,3280.26
4000,459,2026-07-22 04:37:41.252250,2176.05,debit_card,temporary_network_issue,4,2,17.7,3,2,1,0,0.135,0,LINK_NEXT_MORNING,635,0,0.0
4001,233,2026-07-22 05:29:14.990998,15697.83,upi,insufficient_funds,5,2,189.5,4,2,0,0,0.046,0,LINK_NOW,22,1,14593.15
4002,459,2026-07-22 06:20:48.729746,506.18,upi,temporary_network_issue,6,2,17.7,3,2,1,2,0.083,0,NO_CONTACT,0,0,0.0
4003,233,2026-07-22 07:12:22.468494,7055.94,net_banking,card_blocked,7,2,189.5,4,2,0,2,0.112,0,LINK_NOW,9,0,0.0
4004,459,2026-07-22 08:03:56.207241,11844.29,net_banking,insufficient_funds,8,2,17.7,3,2,1,1,0.278,0,NO_CONTACT,0,0,0.0
4005,11,2026-07-22 08:55:29.945989,411.46,credit_card,card_blocked,8,2,55.1,2,1,0,0,0.126,0,LINK_AFTER_2H,98,1,354.48
4006,233,2026-07-22 09:47:03.684737,1160.88,wallet,card_blocked,9,2,189.5,4,2,0,1,0.116,0,NO_CONTACT,0,0,0.0
4007,516,2026-07-22 10:38:37.423485,3363.77,credit_card,risk_declined,10,2,4.1,3,1,1,1,0.103,0,HUMAN_REVIEW,104,0,0.0
4008,459,2026-07-22 11:30:11.162232,4427.76,net_banking,risk_declined,11,2,17.7,3,2,1,1,0.263,0,LINK_NOW,12,0,0.0
4009,459,2026-07-22 12:21:44.900980,9455.2,credit_card,insufficient_funds,12,2,17.7,3,2,1,1,0.145,0,LINK_AFTER_2H,116,0,0.0
4010,233,2026-07-22 13:13:18.639728,655.2,credit_card,insufficient_funds,13,2,189.5,4,2,0,1,0.031,0,LINK_NEXT_MORNING,639,1,537.5
4011,207,2026-07-22 14:04:52.378476,1074.02,net_banking,card_blocked,14,2,267.7,2,2,0,2,0.217,0,HUMAN_REVIEW,70,0,0.0
4012,459,2026-07-22 14:56:26.117223,17004.34,upi,risk_declined,14,2,17.7,3,2,1,0,0.356,0,HUMAN_REVIEW,50,1,16948.77
4013,233,2026-07-22 15:47:59.855971,6856.44,debit_card,insufficient_funds,15,2,189.5,4,2,0,1,0.113,0,LINK_AFTER_2H,101,0,0.0
4014,91,2026-07-22 16:39:33.594719,5215.8,credit_card,temporary_network_issue,16,2,286.8,1,3,0,3,0.205,0,LINK_AFTER_2H,96,1,4676.6
4015,710,2026-07-22 17:31:07.333467,2511.82,net_banking,risk_declined,17,2,103.4,2,0,0,0,0.076,0,NO_CONTACT,0,0,0.0
4016,125,2026-07-22 18:22:41.072214,2360.11,upi,risk_declined,18,2,176.2,1,4,0,1,0.119,0,NO_CONTACT,0,0,0.0
4017,193,2026-07-22 19:14:14.810962,7264.8,debit_card,card_blocked,19,2,318.6,1,3,0,0,0.04,0,LINK_NEXT_MORNING,501,0,0.0
4018,193,2026-07-22 20:05:48.549710,6769.71,net_banking,insufficient_funds,20,2,318.6,1,3,0,1,0.182,0,LINK_AFTER_2H,121,0,0.0
4019,71,2026-07-22 20:57:22.288458,2831.36,credit_card,insufficient_funds,20,2,98.3,1,1,0,1,0.174,0,HUMAN_REVIEW,83,1,2556.07
4020,626,2026-07-22 21:48:56.027205,541.44,debit_card,temporary_network_issue,21,2,119.2,2,3,1,1,0.032,0,LINK_AFTER_2H,92,1,439.5
4021,596,2026-07-22 22:40:29.765953,504.58,debit_card,insufficient_funds,22,2,7.4,2,2,0,1,0.433,0,LINK_NOW,11,0,0.0
4022,233,2026-07-22 23:32:03.504701,6670.77,upi,bank_limit_exceeded,23,2,189.5,4,2,0,2,0.082,0,LINK_NEXT_MORNING,665,0,0.0
4023,193,2026-07-23 00:23:37.243449,4068.89,debit_card,insufficient_funds,0,3,318.6,1,3,0,1,0.057,0,LINK_AFTER_2H,102,0,0.0
4024,193,2026-07-23 01:15:10.982196,1784.14,debit_card,insufficient_funds,1,3,318.6,1,3,0,1,0.105,0,HUMAN_REVIEW,115,0,0.0
4025,594,2026-07-23 02:06:44.720944,421.97,net_banking,insufficient_funds,2,3,29.0,3,1,0,2,0.219,0,LINK_AFTER_2H,131,0,0.0
4026,459,2026-07-23 02:58:18.459692,12430.49,net_banking,card_blocked,2,3,17.7,3,2,1,1,0.06,0,LINK_NOW,5,1,10105.61
4027,233,2026-07-23 03:49:52.198440,1197.1,debit_card,temporary_network_issue,3,3,189.5,4,2,0,1,0.283,0,LINK_AFTER_2H,142,1,1147.57
4028,193,2026-07-23 04:41:25.937187,1590.73,debit_card,card_blocked,4,3,318.6,1,3,0,4,0.075,0,HUMAN_REVIEW,57,0,0.0
4029,596,2026-07-23 05:32:59.675935,2076.69,net_banking,risk_declined,5,3,7.4,2,2,0,0,0.142,0,HUMAN_REVIEW,87,1,1889.5
4030,442,2026-07-23 06:24:33.414683,598.01,upi,temporary_network_issue,6,3,136.5,0,0,0,1,0.355,0,HUMAN_REVIEW,34,0,0.0
4031,233,2026-07-23 07:16:07.153431,490.8,credit_card,insufficient_funds,7,3,189.5,4,2,0,4,0.093,0,HUMAN_REVIEW,84,0,0.0
4032,459,2026-07-23 08:07:40.892178,3148.74,debit_card,risk_declined,8,3,17.7,3,2,1,3,0.243,0,LINK_NOW,27,0,0.0
4033,594,2026-07-23 08:59:14.630926,11813.72,net_banking,risk_declined,8,3,29.0,3,1,0,1,0.091,0,LINK_NEXT_MORNING,524,0,0.0
4034,594,2026-07-23 09:50:48.369674,47645.72,upi,insufficient_funds,9,3,29.0,3,1,0,3,0.24,0,LINK_NEXT_MORNING,691,0,0.0
4035,233,2026-07-23 10:42:22.108422,5041.02,upi,insufficient_funds,10,3,189.5,4,2,0,0,0.056,0,HUMAN_REVIEW,49,1,4723.1
4036,193,2026-07-23 11:33:55.847169,23146.87,net_banking,risk_declined,11,3,318.6,1,3,0,0,0.196,0,LINK_AFTER_2H,130,0,0.0
4037,71,2026-07-23 12:25:29.585917,5308.03,debit_card,temporary_network_issue,12,3,98.3,1,1,0,0,0.089,0,LINK_AFTER_2H,147,1,4536.9
4038,71,2026-07-23 13:17:03.324665,10673.21,net_banking,temporary_network_issue,13,3,98.3,1,1,0,2,0.115,0,LINK_NOW,8,1,9700.08
4039,233,2026-07-23 14:08:37.063413,2451.5,credit_card,risk_declined,14,3,189.5,4,2,0,1,0.134,0,LINK_NEXT_MORNING,486,1,2416.12
4040,193,2026-07-23 15:00:10.802160,3755.62,credit_card,insufficient_funds,15,3,318.6,1,3,0,3,0.33,0,LINK_NEXT_MORNING,614,0,0.0
4041,459,2026-07-23 15:51:44.540908,4164.23,upi,card_blocked,15,3,17.7,3,2,1,1,0.113,0,LINK_AFTER_2H,115,0,0.0
4042,124,2026-07-23 16:43:18.279656,2864.29,upi,insufficient_funds,16,3,355.8,0,1,1,1,0.337,0,LINK_NEXT_MORNING,576,1,2343.82
4043,459,2026-07-23 17:34:52.018404,1702.14,net_banking,insufficient_funds,17,3,17.7,3,2,1,1,0.059,0,HUMAN_REVIEW,79,1,1681.78
4044,193,2026-07-23 18:26:25.757151,6223.14,debit_card,card_blocked,18,3,318.6,1,3,0,2,0.336,0,HUMAN_REVIEW,43,0,0.0
4045,193,2026-07-23 19:17:59.495899,1583.98,net_banking,insufficient_funds,19,3,318.6,1,3,0,1,0.416,0,NO_CONTACT,0,0,0.0
4046,710,2026-07-23 20:09:33.234647,4207.37,net_banking,card_blocked,20,3,103.4,2,0,0,2,0.058,0,LINK_NEXT_MORNING,718,1,4187.5
4047,459,2026-07-23 21:01:06.973395,1911.05,debit_card,insufficient_funds,21,3,17.7,3,2,1,1,0.243,0,NO_CONTACT,0,1,1630.56
4048,274,2026-07-23 21:52:40.712142,16278.45,net_banking,insufficient_funds,21,3,17.0,3,1,2,1,0.088,0,NO_CONTACT,0,0,0.0
4049,233,2026-07-23 22:44:14.450890,11058.54,credit_card,insufficient_funds,22,3,189.5,4,2,0,2,0.186,0,LINK_AFTER_2H,124,1,10804.34
4050,747,2026-07-23 23:35:48.189638,1264.9,debit_card,risk_declined,23,3,19.4,2,2,1,1,0.129,1,LINK_NEXT_MORNING,701,0,0.0
4051,193,2026-07-24 00:27:21.928386,1821.75,upi,temporary_network_issue,0,4,318.6,1,3,0,2,0.491,0,NO_CONTACT,0,0,0.0
4052,257,2026-07-24 01:18:55.667133,1710.81,upi,insufficient_funds,1,4,335.3,2,0,0,1,0.266,0,LINK_AFTER_2H,124,1,1690.13
4053,257,2026-07-24 02:10:29.405881,3044.69,upi,temporary_network_issue,2,4,335.3,2,0,0,0,0.087,0,NO_CONTACT,0,0,0.0
4054,710,2026-07-24 03:02:03.144629,202.45,net_banking,card_blocked,3,4,103.4,2,0,0,1,0.176,0,LINK_AFTER_2H,108,0,0.0
4055,233,2026-07-24 03:53:36.883377,4333.56,credit_card,insufficient_funds,3,4,189.5,4,2,0,2,0.134,0,HUMAN_REVIEW,102,0,0.0
4056,125,2026-07-24 04:45:10.622124,478.32,debit_card,risk_declined,4,4,176.2,1,4,0,0,0.054,0,NO_CONTACT,0,0,0.0
4057,193,2026-07-24 05:36:44.360872,1256.72,credit_card,bank_limit_exceeded,5,4,318.6,1,3,0,4,0.036,0,LINK_AFTER_2H,148,1,1231.12
4058,233,2026-07-24 06:28:18.099620,5316.38,net_banking,temporary_network_issue,6,4,189.5,4,2,0,0,0.092,0,LINK_NOW,17,1,4315.9
4059,594,2026-07-24 07:19:51.838368,20247.39,debit_card,temporary_network_issue,7,4,29.0,3,1,0,0,0.248,0,LINK_AFTER_2H,90,1,17570.89
4060,233,2026-07-24 08:11:25.577115,2118.66,net_banking,risk_declined,8,4,189.5,4,2,0,4,0.415,0,HUMAN_REVIEW,46,0,0.0
4061,71,2026-07-24 09:02:59.315863,4198.19,wallet,temporary_network_issue,9,4,98.3,1,1,0,0,0.22,0,LINK_NOW,21,1,4076.76
4062,233,2026-07-24 09:54:33.054611,641.7,debit_card,risk_declined,9,4,189.5,4,2,0,0,0.222,0,LINK_NEXT_MORNING,491,0,0.0
4063,747,2026-07-24 10:46:06.793359,1627.7,debit_card,insufficient_funds,10,4,19.4,2,2,1,0,0.294,0,NO_CONTACT,0,1,1304.78
4064,747,2026-07-24 11:37:40.532106,952.4,credit_card,temporary_network_issue,11,4,19.4,2,2,1,1,0.113,1,LINK_AFTER_2H,144,1,797.53
4065,459,2026-07-24 12:29:14.270854,3261.98,credit_card,bank_limit_exceeded,12,4,17.7,3,2,1,1,0.351,0,LINK_NEXT_MORNING,625,0,0.0
4066,761,2026-07-24 13:20:48.009602,702.63,debit_card,insufficient_funds,13,4,50.5,2,0,0,3,0.08,0,LINK_NEXT_MORNING,673,1,570.7
4067,71,2026-07-24 14:12:21.748350,10008.51,net_banking,insufficient_funds,14,4,98.3,1,1,0,2,0.178,0,LINK_NEXT_MORNING,631,0,0.0
4068,233,2026-07-24 15:03:55.487097,1089.91,net_banking,card_blocked,15,4,189.5,4,2,0,1,0.22,0,LINK_AFTER_2H,128,0,0.0
4069,327,2026-07-24 15:55:29.225845,1872.06,upi,bank_limit_exceeded,15,4,80.4,4,1,0,1,0.254,0,LINK_NEXT_MORNING,611,0,0.0
4070,594,2026-07-24 16:47:02.964593,1034.24,debit_card,insufficient_funds,16,4,29.0,3,1,0,2,0.205,0,LINK_AFTER_2H,112,0,0.0
4071,233,2026-07-24 17:38:36.703341,547.25,net_banking,bank_limit_exceeded,17,4,189.5,4,2,0,1,0.049,0,LINK_NOW,28,0,0.0
4072,222,2026-07-24 18:30:10.442088,354.56,net_banking,card_blocked,18,4,220.2,1,1,0,0,0.236,0,LINK_NOW,3,0,0.0
4073,325,2026-07-24 19:21:44.180836,199.0,debit_card,bank_limit_exceeded,19,4,241.9,2,2,0,3,0.099,0,NO_CONTACT,0,0,0.0
4074,203,2026-07-24 20:13:17.919584,2139.16,debit_card,card_blocked,20,4,105.5,0,2,0,0,0.218,0,LINK_NEXT_MORNING,500,0,0.0
4075,795,2026-07-24 21:04:51.658332,8269.45,net_banking,card_blocked,21,4,139.5,0,3,0,0,0.167,0,NO_CONTACT,0,1,7723.46
4076,233,2026-07-24 21:56:25.397079,1372.44,credit_card,risk_declined,21,4,189.5,4,2,0,0,0.026,1,LINK_NEXT_MORNING,506,1,1221.35
4077,747,2026-07-24 22:47:59.135827,532.01,upi,insufficient_funds,22,4,19.4,2,2,1,3,0.243,1,LINK_NEXT_MORNING,490,1,453.71
4078,193,2026-07-24 23:39:32.874575,941.53,credit_card,bank_limit_exceeded,23,4,318.6,1,3,0,2,0.304,0,LINK_NOW,29,0,0.0
4079,710,2026-07-25 00:31:06.613323,1735.59,credit_card,insufficient_funds,0,5,103.4,2,0,0,1,0.057,0,LINK_AFTER_2H,113,0,0.0
4080,296,2026-07-25 01:22:40.352070,1024.82,credit_card,insufficient_funds,1,5,2.2,1,1,0,1,0.104,0,LINK_NEXT_MORNING,634,0,0.0
4081,233,2026-07-25 02:14:14.090818,7687.05,debit_card,card_blocked,2,5,189.5,4,2,0,2,0.165,0,NO_CONTACT,0,1,7499.56
4082,71,2026-07-25 03:05:47.829566,11747.15,debit_card,insufficient_funds,3,5,98.3,1,1,0,1,0.213,0,LINK_NOW,26,0,0.0
4083,233,2026-07-25 03:57:21.568314,1815.63,debit_card,risk_declined,3,5,189.5,4,2,0,2,0.056,0,LINK_AFTER_2H,125,0,0.0
4084,91,2026-07-25 04:48:55.307061,356.54,credit_card,risk_declined,4,5,286.8,1,3,0,1,0.426,0,HUMAN_REVIEW,91,0,0.0
4085,193,2026-07-25 05:40:29.045809,739.51,credit_card,insufficient_funds,5,5,318.6,1,3,0,0,0.13,0,LINK_AFTER_2H,136,0,0.0
4086,193,2026-07-25 06:32:02.784557,2103.23,credit_card,insufficient_funds,6,5,318.6,1,3,0,1,0.202,0,LINK_AFTER_2H,123,1,2064.02
4087,173,2026-07-25 07:23:36.523305,482.52,credit_card,temporary_network_issue,7,5,204.8,5,0,0,1,0.302,0,LINK_NEXT_MORNING,607,0,0.0
4088,233,2026-07-25 08:15:10.262052,2477.83,net_banking,risk_declined,8,5,189.5,4,2,0,2,0.196,0,LINK_AFTER_2H,91,0,0.0
4089,233,2026-07-25 09:06:44.000800,4020.31,net_banking,risk_declined,9,5,189.5,4,2,0,2,0.084,0,LINK_AFTER_2H,130,1,3596.76
4090,287,2026-07-25 09:58:17.739548,1953.36,debit_card,insufficient_funds,9,5,13.9,1,2,0,1,0.073,0,HUMAN_REVIEW,119,1,1828.75
4091,233,2026-07-25 10:49:51.478296,2440.75,debit_card,bank_limit_exceeded,10,5,189.5,4,2,0,3,0.075,0,HUMAN_REVIEW,74,0,0.0
4092,91,2026-07-25 11:41:25.217043,790.04,wallet,insufficient_funds,11,5,286.8,1,3,0,3,0.123,0,LINK_NEXT_MORNING,558,1,644.46
4093,594,2026-07-25 12:32:58.955791,1017.5,upi,insufficient_funds,12,5,29.0,3,1,0,1,0.053,0,LINK_AFTER_2H,113,0,0.0
4094,11,2026-07-25 13:24:32.694539,2316.84,upi,insufficient_funds,13,5,55.1,2,1,0,1,0.224,0,LINK_NOW,18,0,0.0
4095,459,2026-07-25 14:16:06.433287,1305.13,credit_card,temporary_network_issue,14,5,17.7,3,2,1,1,0.142,0,LINK_AFTER_2H,96,1,1138.11
4096,798,2026-07-25 15:07:40.172034,2527.74,credit_card,card_blocked,15,5,231.4,2,2,0,1,0.091,0,LINK_AFTER_2H,106,0,0.0
4097,233,2026-07-25 15:59:13.910782,648.21,net_banking,temporary_network_issue,15,5,189.5,4,2,0,2,0.442,0,LINK_AFTER_2H,137,1,573.89
4098,233,2026-07-25 16:50:47.649530,414.02,credit_card,risk_declined,16,5,189.5,4,2,0,1,0.213,0,LINK_NOW,3,1,399.14
4099,233,2026-07-25 17:42:21.388278,1862.96,debit_card,card_blocked,17,5,189.5,4,2,0,1,0.176,0,LINK_NEXT_MORNING,707,0,0.0
4100,91,2026-07-25 18:33:55.127025,9808.21,credit_card,insufficient_funds,18,5,286.8,1,3,0,1,0.245,0,LINK_NEXT_MORNING,519,0,0.0
4101,550,2026-07-25 19:25:28.865773,366.17,credit_card,temporary_network_issue,19,5,20.7,3,2,1,1,0.05,0,LINK_NOW,29,0,0.0
4102,710,2026-07-25 20:17:02.604521,13146.46,credit_card,insufficient_funds,20,5,103.4,2,0,0,0,0.18,0,LINK_NOW,19,0,0.0
4103,314,2026-07-25 21:08:36.343269,14432.03,net_banking,temporary_network_issue,21,5,126.7,3,7,0,4,0.16,1,LINK_NOW,10,0,0.0
4104,233,2026-07-25 22:00:10.082016,256.77,net_banking,temporary_network_issue,22,5,189.5,4,2,0,0,0.124,0,NO_CONTACT,0,0,0.0
4105,710,2026-07-25 22:51:43.820764,11301.46,credit_card,insufficient_funds,22,5,103.4,2,0,0,3,0.024,0,HUMAN_REVIEW,91,0,0.0
4106,459,2026-07-25 23:43:17.559512,473.87,debit_card,insufficient_funds,23,5,17.7,3,2,1,0,0.088,0,LINK_NOW,25,0,0.0
4107,459,2026-07-26 00:34:51.298260,4252.7,net_banking,risk_declined,0,6,17.7,3,2,1,1,0.273,0,LINK_NEXT_MORNING,662,0,0.0
4108,91,2026-07-26 01:26:25.037007,16226.65,debit_card,temporary_network_issue,1,6,286.8,1,3,0,3,0.138,0,NO_CONTACT,0,0,0.0
4109,712,2026-07-26 02:17:58.775755,3929.19,net_banking,bank_limit_exceeded,2,6,8.6,1,3,1,0,0.444,0,LINK_NEXT_MORNING,685,1,3561.92
4110,314,2026-07-26 03:09:32.514503,4750.2,upi,temporary_network_issue,3,6,126.7,3,7,0,0,0.142,0,NO_CONTACT,0,1,4531.59
4111,233,2026-07-26 04:01:06.253251,6592.44,credit_card,bank_limit_exceeded,4,6,189.5,4,2,0,2,0.371,0,NO_CONTACT,0,0,0.0
4112,710,2026-07-26 04:52:39.991998,50000.0,debit_card,temporary_network_issue,4,6,103.4,2,0,0,0,0.208,0,HUMAN_REVIEW,71,0,0.0
4113,233,2026-07-26 05:44:13.730746,1212.04,net_banking,risk_declined,5,6,189.5,4,2,0,0,0.183,0,LINK_NOW,26,0,0.0
4114,71,2026-07-26 06:35:47.469494,11092.72,debit_card,insufficient_funds,6,6,98.3,1,1,0,4,0.11,0,NO_CONTACT,0,1,11062.36
4115,58,2026-07-26 07:27:21.208242,544.75,credit_card,insufficient_funds,7,6,17.4,3,0,1,3,0.083,0,LINK_AFTER_2H,137,1,511.44
4116,233,2026-07-26 08:18:54.946989,583.82,debit_card,risk_declined,8,6,189.5,4,2,0,2,0.299,0,NO_CONTACT,0,0,0.0
4117,459,2026-07-26 09:10:28.685737,3854.73,upi,risk_declined,9,6,17.7,3,2,1,0,0.174,0,LINK_NEXT_MORNING,525,1,3725.73
4118,710,2026-07-26 10:02:02.424485,7909.96,wallet,risk_declined,10,6,103.4,2,0,0,0,0.295,0,HUMAN_REVIEW,82,0,0.0
4119,91,2026-07-26 10:53:36.163233,5208.18,net_banking,insufficient_funds,10,6,286.8,1,3,0,0,0.271,0,LINK_NOW,23,0,0.0
4120,594,2026-07-26 11:45:09.901980,1544.43,debit_card,card_blocked,11,6,29.0,3,1,0,0,0.27,0,LINK_NEXT_MORNING,543,0,0.0
4121,594,2026-07-26 12:36:43.640728,1582.17,debit_card,insufficient_funds,12,6,29.0,3,1,0,1,0.268,0,NO_CONTACT,0,0,0.0
4122,193,2026-07-26 13:28:17.379476,905.12,credit_card,insufficient_funds,13,6,318.6,1,3,0,0,0.204,0,LINK_AFTER_2H,109,1,871.24
4123,459,2026-07-26 14:19:51.118224,3612.64,credit_card,risk_declined,14,6,17.7,3,2,1,2,0.358,0,HUMAN_REVIEW,58,0,0.0
4124,314,2026-07-26 15:11:24.856971,4659.22,debit_card,temporary_network_issue,15,6,126.7,3,7,0,1,0.441,0,LINK_AFTER_2H,131,1,4198.11
4125,787,2026-07-26 16:02:58.595719,9624.43,net_banking,bank_limit_exceeded,16,6,226.7,2,0,0,1,0.115,0,LINK_AFTER_2H,148,1,9510.52
4126,459,2026-07-26 16:54:32.334467,454.32,credit_card,temporary_network_issue,16,6,17.7,3,2,1,3,0.326,0,NO_CONTACT,0,0,0.0
4127,233,2026-07-26 17:46:06.073215,50000.0,upi,bank_limit_exceeded,17,6,189.5,4,2,0,0,0.106,0,LINK_NOW,21,0,0.0
4128,193,2026-07-26 18:37:39.811962,647.68,credit_card,card_blocked,18,6,318.6,1,3,0,1,0.112,0,LINK_AFTER_2H,142,1,609.37
4129,233,2026-07-26 19:29:13.550710,773.31,net_banking,temporary_network_issue,19,6,189.5,4,2,0,0,0.24,0,LINK_AFTER_2H,115,0,0.0
4130,459,2026-07-26 20:20:47.289458,2065.87,upi,insufficient_funds,20,6,17.7,3,2,1,0,0.274,1,LINK_AFTER_2H,108,1,1709.84
4131,193,2026-07-26 21:12:21.028206,2500.3,credit_card,risk_declined,21,6,318.6,1,3,0,1,0.146,0,NO_CONTACT,0,0,0.0
4132,459,2026-07-26 22:03:54.766953,5257.18,debit_card,risk_declined,22,6,17.7,3,2,1,0,0.073,0,LINK_AFTER_2H,97,0,0.0
4133,747,2026-07-26 22:55:28.505701,5412.15,credit_card,temporary_network_issue,22,6,19.4,2,2,1,1,0.028,0,LINK_NOW,5,1,4836.79
4134,710,2026-07-26 23:47:02.244449,5462.05,upi,card_blocked,23,6,103.4,2,0,0,3,0.187,0,LINK_AFTER_2H,109,0,0.0
4135,71,2026-07-27 00:38:35.983197,15060.92,debit_card,temporary_network_issue,0,0,98.3,1,1,0,2,0.218,0,HUMAN_REVIEW,94,1,13949.98
4136,193,2026-07-27 01:30:09.721944,8238.52,credit_card,card_blocked,1,0,318.6,1,3,0,1,0.477,0,HUMAN_REVIEW,109,1,7675.99
4137,193,2026-07-27 02:21:43.460692,534.31,upi,bank_limit_exceeded,2,0,318.6,1,3,0,2,0.262,0,LINK_AFTER_2H,147,0,0.0
4138,685,2026-07-27 03:13:17.199440,1575.15,net_banking,insufficient_funds,3,0,581.8,1,2,0,1,0.074,0,NO_CONTACT,0,0,0.0
4139,233,2026-07-27 04:04:50.938188,1211.97,credit_card,card_blocked,4,0,189.5,4,2,0,1,0.061,0,HUMAN_REVIEW,94,1,1171.53
4140,91,2026-07-27 04:56:24.676935,1991.63,debit_card,temporary_network_issue,4,0,286.8,1,3,0,0,0.236,0,LINK_AFTER_2H,124,0,0.0
4141,596,2026-07-27 05:47:58.415683,11416.71,debit_card,temporary_network_issue,5,0,7.4,2,2,0,1,0.068,0,LINK_AFTER_2H,97,0,0.0
4142,233,2026-07-27 06:39:32.154431,6263.23,credit_card,risk_declined,6,0,189.5,4,2,0,1,0.214,0,NO_CONTACT,0,0,0.0
4143,71,2026-07-27 07:31:05.893179,2185.32,debit_card,insufficient_funds,7,0,98.3,1,1,0,1,0.208,0,LINK_NEXT_MORNING,615,0,0.0
4144,244,2026-07-27 08:22:39.631926,10468.94,debit_card,insufficient_funds,8,0,474.1,3,4,0,1,0.122,0,LINK_NEXT_MORNING,673,0,0.0
4145,107,2026-07-27 09:14:13.370674,8287.1,net_banking,risk_declined,9,0,16.3,0,4,1,2,0.17,0,LINK_AFTER_2H,117,0,0.0
4146,747,2026-07-27 10:05:47.109422,480.67,credit_card,temporary_network_issue,10,0,19.4,2,2,1,2,0.088,0,HUMAN_REVIEW,73,0,0.0
4147,482,2026-07-27 10:57:20.848170,820.78,credit_card,temporary_network_issue,10,0,45.3,2,4,3,1,0.248,0,NO_CONTACT,0,1,736.44
4148,118,2026-07-27 11:48:54.586917,4081.51,upi,insufficient_funds,11,0,132.8,2,3,0,0,0.138,0,LINK_NOW,15,0,0.0
4149,233,2026-07-27 12:40:28.325665,2116.43,debit_card,insufficient_funds,12,0,189.5,4,2,0,3,0.373,0,LINK_NOW,10,0,0.0
4150,353,2026-07-27 13:32:02.064413,6271.99,credit_card,insufficient_funds,13,0,3.9,0,5,0,0,0.18,0,LINK_NEXT_MORNING,543,1,5763.75
4151,774,2026-07-27 14:23:35.803161,1530.13,upi,card_blocked,14,0,194.7,0,0,1,1,0.218,0,LINK_NOW,13,0,0.0
4152,193,2026-07-27 15:15:09.541908,6718.53,upi,temporary_network_issue,15,0,318.6,1,3,0,3,0.397,0,LINK_NEXT_MORNING,644,1,5807.28
4153,193,2026-07-27 16:06:43.280656,2480.79,credit_card,temporary_network_issue,16,0,318.6,1,3,0,3,0.369,0,LINK_NEXT_MORNING,603,1,2318.74
4154,596,2026-07-27 16:58:17.019404,5110.33,net_banking,insufficient_funds,16,0,7.4,2,2,0,0,0.211,0,LINK_NEXT_MORNING,512,0,0.0
4155,594,2026-07-27 17:49:50.758152,3999.38,net_banking,insufficient_funds,17,0,29.0,3,1,0,2,0.376,0,NO_CONTACT,0,0,0.0
4156,180,2026-07-27 18:41:24.496899,1778.23,net_banking,insufficient_funds,18,0,701.0,2,1,0,1,0.026,0,HUMAN_REVIEW,37,0,0.0
4157,233,2026-07-27 19:32:58.235647,19383.85,upi,card_blocked,19,0,189.5,4,2,0,1,0.123,0,LINK_NEXT_MORNING,712,1,17612.45
4158,193,2026-07-27 20:24:31.974395,1813.25,net_banking,insufficient_funds,20,0,318.6,1,3,0,1,0.105,0,HUMAN_REVIEW,63,1,1724.17
4159,233,2026-07-27 21:16:05.713143,36180.12,wallet,bank_limit_exceeded,21,0,189.5,4,2,0,3,0.123,0,LINK_NEXT_MORNING,620,1,35234.28
4160,193,2026-07-27 22:07:39.451890,282.53,upi,insufficient_funds,22,0,318.6,1,3,0,2,0.24,0,LINK_AFTER_2H,132,1,278.81
4161,193,2026-07-27 22:59:13.190638,683.29,credit_card,temporary_network_issue,22,0,318.6,1,3,0,5,0.23,1,LINK_NEXT_MORNING,495,0,0.0
4162,365,2026-07-27 23:50:46.929386,3326.21,upi,temporary_network_issue,23,0,334.7,4,2,1,2,0.185,0,LINK_AFTER_2H,125,1,3127.85
4163,459,2026-07-28 00:42:20.668134,394.06,debit_card,insufficient_funds,0,1,17.7,3,2,1,1,0.196,0,LINK_AFTER_2H,143,1,364.88
4164,30,2026-07-28 01:33:54.406881,1319.39,net_banking,risk_declined,1,1,48.4,2,1,2,1,0.325,0,LINK_NEXT_MORNING,582,0,0.0
4165,314,2026-07-28 02:25:28.145629,6809.55,upi,risk_declined,2,1,126.7,3,7,0,0,0.383,0,LINK_NEXT_MORNING,692,0,0.0
4166,596,2026-07-28 03:17:01.884377,2013.46,debit_card,insufficient_funds,3,1,7.4,2,2,0,1,0.15,0,LINK_NEXT_MORNING,560,1,1922.13
4167,459,2026-07-28 04:08:35.623125,6048.21,credit_card,card_blocked,4,1,17.7,3,2,1,0,0.101,0,NO_CONTACT,0,0,0.0
4168,233,2026-07-28 05:00:09.361872,13675.29,upi,card_blocked,5,1,189.5,4,2,0,2,0.366,0,LINK_NOW,6,0,0.0
4169,459,2026-07-28 05:51:43.100620,4539.63,credit_card,bank_limit_exceeded,5,1,17.7,3,2,1,2,0.087,0,LINK_NEXT_MORNING,598,0,0.0
4170,278,2026-07-28 06:43:16.839368,734.53,debit_card,temporary_network_issue,6,1,144.1,2,1,1,2,0.131,0,LINK_AFTER_2H,142,1,619.26
4171,91,2026-07-28 07:34:50.578116,2140.83,net_banking,insufficient_funds,7,1,286.8,1,3,0,2,0.248,0,LINK_NOW,1,0,0.0
4172,710,2026-07-28 08:26:24.316863,2341.14,credit_card,temporary_network_issue,8,1,103.4,2,0,0,1,0.416,0,LINK_NEXT_MORNING,497,0,0.0
4173,193,2026-07-28 09:17:58.055611,2965.89,upi,temporary_network_issue,9,1,318.6,1,3,0,3,0.289,0,LINK_AFTER_2H,130,0,0.0
4174,11,2026-07-28 10:09:31.794359,1514.44,credit_card,risk_declined,10,1,55.1,2,1,0,5,0.14,0,HUMAN_REVIEW,65,0,0.0
4175,109,2026-07-28 11:01:05.533107,2821.6,wallet,bank_limit_exceeded,11,1,93.5,0,3,0,1,0.134,0,LINK_AFTER_2H,144,1,2722.63
4176,447,2026-07-28 11:52:39.271854,7267.14,upi,insufficient_funds,11,1,78.7,4,1,0,1,0.311,1,LINK_AFTER_2H,94,0,0.0
4177,58,2026-07-28 12:44:13.010602,199.0,net_banking,risk_declined,12,1,17.4,3,0,1,2,0.209,0,LINK_NOW,27,0,0.0
4178,594,2026-07-28 13:35:46.749350,5177.96,net_banking,bank_limit_exceeded,13,1,29.0,3,1,0,2,0.145,0,NO_CONTACT,0,0,0.0
4179,459,2026-07-28 14:27:20.488098,1104.2,debit_card,bank_limit_exceeded,14,1,17.7,3,2,1,1,0.104,0,NO_CONTACT,0,0,0.0
4180,233,2026-07-28 15:18:54.226845,262.48,debit_card,risk_declined,15,1,189.5,4,2,0,2,0.147,0,LINK_NEXT_MORNING,656,0,0.0
4181,71,2026-07-28 16:10:27.965593,336.16,debit_card,card_blocked,16,1,98.3,1,1,0,0,0.25,0,NO_CONTACT,0,1,271.67
4182,193,2026-07-28 17:02:01.704341,4088.97,upi,insufficient_funds,17,1,318.6,1,3,0,0,0.075,0,LINK_NOW,4,1,3372.87
4183,173,2026-07-28 17:53:35.443089,1784.72,net_banking,bank_limit_exceeded,17,1,204.8,5,0,0,0,0.332,0,HUMAN_REVIEW,97,1,1564.37
4184,233,2026-07-28 18:45:09.181836,15545.94,upi,temporary_network_issue,18,1,189.5,4,2,0,5,0.191,0,LINK_AFTER_2H,92,1,13989.1
4185,173,2026-07-28 19:36:42.920584,13575.14,debit_card,insufficient_funds,19,1,204.8,5,0,0,2,0.212,0,HUMAN_REVIEW,62,0,0.0
4186,233,2026-07-28 20:28:16.659332,599.16,debit_card,temporary_network_issue,20,1,189.5,4,2,0,1,0.388,0,NO_CONTACT,0,0,0.0
4187,233,2026-07-28 21:19:50.398080,2263.81,credit_card,card_blocked,21,1,189.5,4,2,0,2,0.325,0,HUMAN_REVIEW,86,0,0.0
4188,193,2026-07-28 22:11:24.136827,13417.95,debit_card,temporary_network_issue,22,1,318.6,1,3,0,1,0.257,0,HUMAN_REVIEW,81,1,10941.12
4189,11,2026-07-28 23:02:57.875575,897.36,upi,risk_declined,23,1,55.1,2,1,0,0,0.098,0,HUMAN_REVIEW,96,0,0.0
4190,193,2026-07-28 23:54:31.614323,20600.35,net_banking,temporary_network_issue,23,1,318.6,1,3,0,1,0.012,0,LINK_NOW,7,1,18356.26
4191,412,2026-07-29 00:46:05.353071,2185.76,upi,insufficient_funds,0,2,13.3,1,0,1,1,0.098,0,NO_CONTACT,0,0,0.0
4192,173,2026-07-29 01:37:39.091818,3853.3,upi,insufficient_funds,1,2,204.8,5,0,0,2,0.552,0,HUMAN_REVIEW,52,0,0.0
4193,710,2026-07-29 02:29:12.830566,2721.16,credit_card,temporary_network_issue,2,2,103.4,2,0,0,1,0.086,0,NO_CONTACT,0,0,0.0
4194,314,2026-07-29 03:20:46.569314,3181.77,credit_card,insufficient_funds,3,2,126.7,3,7,0,1,0.043,1,LINK_NEXT_MORNING,549,0,0.0
4195,193,2026-07-29 04:12:20.308062,6649.98,debit_card,temporary_network_issue,4,2,318.6,1,3,0,1,0.279,0,LINK_AFTER_2H,116,0,0.0
4196,233,2026-07-29 05:03:54.046809,900.0,debit_card,insufficient_funds,5,2,189.5,4,2,0,2,0.203,0,HUMAN_REVIEW,115,0,0.0
4197,233,2026-07-29 05:55:27.785557,3026.38,credit_card,risk_declined,5,2,189.5,4,2,0,1,0.299,0,LINK_AFTER_2H,123,1,2969.01
4198,193,2026-07-29 06:47:01.524305,2946.31,credit_card,temporary_network_issue,6,2,318.6,1,3,0,1,0.218,0,LINK_NOW,24,1,2405.33
4199,233,2026-07-29 07:38:35.263053,3548.31,upi,card_blocked,7,2,189.5,4,2,0,1,0.293,0,LINK_AFTER_2H,90,0,0.0
4200,83,2026-07-29 08:30:09.001800,10040.2,net_banking,insufficient_funds,8,2,208.1,4,0,0,0,0.38,0,LINK_AFTER_2H,141,0,0.0
4201,233,2026-07-29 09:21:42.740548,2521.64,debit_card,insufficient_funds,9,2,189.5,4,2,0,1,0.351,0,LINK_AFTER_2H,125,1,2461.25
4202,71,2026-07-29 10:13:16.479296,4321.46,debit_card,card_blocked,10,2,98.3,1,1,0,0,0.18,0,LINK_AFTER_2H,116,0,0.0
4203,11,2026-07-29 11:04:50.218044,18219.6,debit_card,card_blocked,11,2,55.1,2,1,0,1,0.174,0,NO_CONTACT,0,0,0.0
4204,747,2026-07-29 11:56:23.956791,6411.96,net_banking,insufficient_funds,11,2,19.4,2,2,1,0,0.404,0,HUMAN_REVIEW,38,1,5240.23
4205,664,2026-07-29 12:47:57.695539,2725.73,credit_card,insufficient_funds,12,2,2.4,0,1,0,0,0.123,0,LINK_NOW,11,0,0.0
4206,233,2026-07-29 13:39:31.434287,1510.46,upi,bank_limit_exceeded,13,2,189.5,4,2,0,0,0.072,0,LINK_AFTER_2H,140,1,1263.43
4207,58,2026-07-29 14:31:05.173035,11838.5,credit_card,insufficient_funds,14,2,17.4,3,0,1,1,0.417,0,NO_CONTACT,0,0,0.0
4208,233,2026-07-29 15:22:38.911782,601.27,upi,insufficient_funds,15,2,189.5,4,2,0,1,0.123,0,LINK_NOW,24,1,539.29
4209,747,2026-07-29 16:14:12.650530,4576.3,net_banking,insufficient_funds,16,2,19.4,2,2,1,1,0.191,0,LINK_NEXT_MORNING,557,0,0.0
4210,781,2026-07-29 17:05:46.389278,3122.4,debit_card,risk_declined,17,2,397.9,1,2,1,2,0.281,0,LINK_AFTER_2H,107,0,0.0
4211,710,2026-07-29 17:57:20.128026,4094.3,upi,risk_declined,17,2,103.4,2,0,0,0,0.133,0,LINK_NEXT_MORNING,689,0,0.0
4212,233,2026-07-29 18:48:53.866773,7497.13,credit_card,temporary_network_issue,18,2,189.5,4,2,0,2,0.048,0,NO_CONTACT,0,0,0.0
4213,233,2026-07-29 19:40:27.605521,1356.78,credit_card,insufficient_funds,19,2,189.5,4,2,0,1,0.188,0,HUMAN_REVIEW,56,0,0.0
4214,71,2026-07-29 20:32:01.344269,971.79,debit_card,temporary_network_issue,20,2,98.3,1,1,0,1,0.239,0,LINK_AFTER_2H,98,0,0.0
4215,193,2026-07-29 21:23:35.083017,514.48,upi,insufficient_funds,21,2,318.6,1,3,0,1,0.179,0,LINK_AFTER_2H,101,1,486.9
4216,233,2026-07-29 22:15:08.821764,2645.84,credit_card,temporary_network_issue,22,2,189.5,4,2,0,0,0.196,0,LINK_NOW,23,0,0.0
4217,594,2026-07-29 23:06:42.560512,8531.03,credit_card,insufficient_funds,23,2,29.0,3,1,0,2,0.25,0,LINK_NOW,18,0,0.0
4218,324,2026-07-29 23:58:16.299260,1015.17,debit_card,insufficient_funds,23,2,285.0,0,4,0,1,0.105,0,LINK_NEXT_MORNING,526,0,0.0
4219,233,2026-07-30 00:49:50.038008,343.77,net_banking,risk_declined,0,3,189.5,4,2,0,1,0.215,0,LINK_AFTER_2H,107,0,0.0
4220,373,2026-07-30 01:41:23.776755,963.35,debit_card,card_blocked,1,3,218.0,2,3,0,2,0.25,0,LINK_NEXT_MORNING,656,0,0.0
4221,71,2026-07-30 02:32:57.515503,4519.18,debit_card,risk_declined,2,3,98.3,1,1,0,0,0.259,0,LINK_NOW,13,0,0.0
4222,125,2026-07-30 03:24:31.254251,2474.37,debit_card,temporary_network_issue,3,3,176.2,1,4,0,1,0.265,0,LINK_NEXT_MORNING,553,0,0.0
4223,747,2026-07-30 04:16:04.992999,4898.75,credit_card,bank_limit_exceeded,4,3,19.4,2,2,1,0,0.342,0,LINK_NEXT_MORNING,563,0,0.0
4224,497,2026-07-30 05:07:38.731746,6318.74,net_banking,bank_limit_exceeded,5,3,27.2,0,3,0,1,0.296,0,LINK_NOW,21,0,0.0
4225,193,2026-07-30 05:59:12.470494,8436.34,debit_card,insufficient_funds,5,3,318.6,1,3,0,1,0.198,1,NO_CONTACT,0,0,0.0
4226,193,2026-07-30 06:50:46.209242,981.07,upi,temporary_network_issue,6,3,318.6,1,3,0,0,0.301,1,HUMAN_REVIEW,88,1,886.35
4227,91,2026-07-30 07:42:19.947990,20715.26,net_banking,risk_declined,7,3,286.8,1,3,0,0,0.242,0,LINK_NOW,1,0,0.0
4228,233,2026-07-30 08:33:53.686737,2520.79,credit_card,risk_declined,8,3,189.5,4,2,0,1,0.072,0,LINK_NEXT_MORNING,527,0,0.0
4229,233,2026-07-30 09:25:27.425485,5277.7,debit_card,bank_limit_exceeded,9,3,189.5,4,2,0,1,0.094,0,LINK_NOW,5,1,4406.68
4230,314,2026-07-30 10:17:01.164233,2645.05,wallet,card_blocked,10,3,126.7,3,7,0,2,0.248,0,LINK_NEXT_MORNING,676,1,2605.59
4231,233,2026-07-30 11:08:34.902981,5205.36,debit_card,temporary_network_issue,11,3,189.5,4,2,0,1,0.434,0,LINK_NEXT_MORNING,509,0,0.0
4232,349,2026-07-30 12:00:08.641728,1362.11,debit_card,temporary_network_issue,12,3,14.1,2,0,0,1,0.163,0,NO_CONTACT,0,1,1300.94
4233,193,2026-07-30 12:51:42.380476,1151.42,net_banking,temporary_network_issue,12,3,318.6,1,3,0,1,0.209,0,NO_CONTACT,0,1,941.24
4234,173,2026-07-30 13:43:16.119224,3688.65,credit_card,risk_declined,13,3,204.8,5,0,0,2,0.191,0,HUMAN_REVIEW,30,1,3362.84
4235,594,2026-07-30 14:34:49.857972,8033.5,net_banking,bank_limit_exceeded,14,3,29.0,3,1,0,3,0.078,1,HUMAN_REVIEW,55,1,6995.99
4236,743,2026-07-30 15:26:23.596719,12234.43,net_banking,insufficient_funds,15,3,298.9,1,3,0,3,0.229,0,LINK_NOW,6,0,0.0
4237,257,2026-07-30 16:17:57.335467,1587.61,debit_card,temporary_network_issue,16,3,335.3,2,0,0,3,0.102,0,LINK_AFTER_2H,96,1,1366.04
4238,14,2026-07-30 17:09:31.074215,7283.75,debit_card,temporary_network_issue,17,3,155.7,0,1,1,1,0.536,0,HUMAN_REVIEW,34,1,6484.36
4239,205,2026-07-30 18:01:04.812963,3755.93,upi,temporary_network_issue,18,3,181.9,2,1,0,0,0.147,0,LINK_AFTER_2H,109,0,0.0
4240,289,2026-07-30 18:52:38.551710,2698.07,credit_card,risk_declined,18,3,87.1,2,0,1,4,0.212,0,LINK_AFTER_2H,139,1,2177.52
4241,71,2026-07-30 19:44:12.290458,3169.95,debit_card,temporary_network_issue,19,3,98.3,1,1,0,2,0.119,0,NO_CONTACT,0,0,0.0
4242,147,2026-07-30 20:35:46.029206,2410.62,upi,insufficient_funds,20,3,229.6,1,2,0,1,0.285,1,LINK_NEXT_MORNING,671,0,0.0
4243,617,2026-07-30 21:27:19.767954,4459.15,credit_card,temporary_network_issue,21,3,136.1,0,2,1,0,0.451,0,HUMAN_REVIEW,52,0,0.0
4244,83,2026-07-30 22:18:53.506701,326.99,upi,temporary_network_issue,22,3,208.1,4,0,0,1,0.096,0,LINK_AFTER_2H,97,1,269.76
4245,83,2026-07-30 23:10:27.245449,403.03,debit_card,temporary_network_issue,23,3,208.1,4,0,0,0,0.017,0,LINK_NEXT_MORNING,654,0,0.0
4246,71,2026-07-31 00:02:00.984197,1073.4,debit_card,insufficient_funds,0,4,98.3,1,1,0,1,0.134,0,HUMAN_REVIEW,109,0,0.0
4247,91,2026-07-31 00:53:34.722945,6390.92,debit_card,insufficient_funds,0,4,286.8,1,3,0,1,0.387,0,LINK_AFTER_2H,130,0,0.0
4248,11,2026-07-31 01:45:08.461692,4096.21,upi,card_blocked,1,4,55.1,2,1,0,1,0.098,0,LINK_AFTER_2H,137,0,0.0
4249,125,2026-07-31 02:36:42.200440,2938.61,upi,card_blocked,2,4,176.2,1,4,0,0,0.036,0,HUMAN_REVIEW,99,1,2594.62
4250,710,2026-07-31 03:28:15.939188,11638.6,debit_card,card_blocked,3,4,103.4,2,0,0,0,0.391,0,LINK_NOW,10,1,10520.14
4251,268,2026-07-31 04:19:49.677936,1458.29,debit_card,risk_declined,4,4,88.1,2,2,1,1,0.153,0,LINK_NEXT_MORNING,556,0,0.0
4252,193,2026-07-31 05:11:23.416683,4176.97,debit_card,bank_limit_exceeded,5,4,318.6,1,3,0,0,0.134,0,LINK_NEXT_MORNING,673,0,0.0
4253,710,2026-07-31 06:02:57.155431,1615.26,debit_card,risk_declined,6,4,103.4,2,0,0,0,0.405,0,LINK_AFTER_2H,138,0,0.0
4254,459,2026-07-31 06:54:30.894179,1742.91,credit_card,temporary_network_issue,6,4,17.7,3,2,1,2,0.351,0,LINK_NEXT_MORNING,609,0,0.0
4255,747,2026-07-31 07:46:04.632927,15843.66,upi,insufficient_funds,7,4,19.4,2,2,1,1,0.154,0,LINK_NEXT_MORNING,542,1,13525.87
4256,233,2026-07-31 08:37:38.371674,1941.61,wallet,insufficient_funds,8,4,189.5,4,2,0,0,0.283,0,HUMAN_REVIEW,42,1,1859.04
4257,193,2026-07-31 09:29:12.110422,3325.88,upi,temporary_network_issue,9,4,318.6,1,3,0,0,0.082,0,LINK_NEXT_MORNING,690,0,0.0
4258,91,2026-07-31 10:20:45.849170,2448.78,debit_card,risk_declined,10,4,286.8,1,3,0,0,0.163,0,LINK_NOW,0,0,0.0
4259,233,2026-07-31 11:12:19.587918,2378.12,upi,card_blocked,11,4,189.5,4,2,0,2,0.263,0,LINK_AFTER_2H,126,1,2331.39
4260,747,2026-07-31 12:03:53.326665,4552.19,upi,temporary_network_issue,12,4,19.4,2,2,1,0,0.023,0,HUMAN_REVIEW,54,0,0.0
4261,596,2026-07-31 12:55:27.065413,703.38,debit_card,card_blocked,12,4,7.4,2,2,0,2,0.258,0,LINK_NOW,15,0,0.0
4262,233,2026-07-31 13:47:00.804161,677.46,upi,temporary_network_issue,13,4,189.5,4,2,0,0,0.305,0,LINK_NOW,5,0,0.0
4263,459,2026-07-31 14:38:34.542909,2267.84,credit_card,bank_limit_exceeded,14,4,17.7,3,2,1,1,0.232,0,LINK_NEXT_MORNING,717,0,0.0
4264,747,2026-07-31 15:30:08.281656,1913.21,credit_card,risk_declined,15,4,19.4,2,2,1,1,0.193,0,NO_CONTACT,0,0,0.0
4265,233,2026-07-31 16:21:42.020404,5802.64,credit_card,risk_declined,16,4,189.5,4,2,0,0,0.428,0,HUMAN_REVIEW,111,0,0.0
4266,621,2026-07-31 17:13:15.759152,8126.7,credit_card,temporary_network_issue,17,4,323.8,2,0,0,2,0.121,0,HUMAN_REVIEW,58,0,0.0
4267,653,2026-07-31 18:04:49.497900,686.41,debit_card,insufficient_funds,18,4,18.8,2,2,0,0,0.192,0,LINK_NEXT_MORNING,516,0,0.0
4268,71,2026-07-31 18:56:23.236647,708.83,upi,insufficient_funds,18,4,98.3,1,1,0,2,0.163,0,NO_CONTACT,0,0,0.0
4269,193,2026-07-31 19:47:56.975395,1711.94,net_banking,insufficient_funds,19,4,318.6,1,3,0,1,0.376,0,LINK_NOW,10,0,0.0
4270,594,2026-07-31 20:39:30.714143,1493.5,net_banking,insufficient_funds,20,4,29.0,3,1,0,1,0.14,0,NO_CONTACT,0,0,0.0
4271,233,2026-07-31 21:31:04.452891,2736.43,debit_card,bank_limit_exceeded,21,4,189.5,4,2,0,2,0.164,0,LINK_NOW,12,0,0.0
4272,91,2026-07-31 22:22:38.191638,7791.55,debit_card,insufficient_funds,22,4,286.8,1,3,0,1,0.226,0,HUMAN_REVIEW,70,1,6837.89
4273,233,2026-07-31 23:14:11.930386,3704.74,debit_card,insufficient_funds,23,4,189.5,4,2,0,1,0.366,0,LINK_AFTER_2H,136,0,0.0
4274,13,2026-08-01 00:05:45.669134,5568.3,debit_card,temporary_network_issue,0,5,4.7,2,3,1,2,0.228,0,NO_CONTACT,0,0,0.0
4275,710,2026-08-01 00:57:19.407882,1455.53,net_banking,temporary_network_issue,0,5,103.4,2,0,0,0,0.098,0,LINK_NEXT_MORNING,716,1,1178.41
4276,233,2026-08-01 01:48:53.146629,1016.64,net_banking,bank_limit_exceeded,1,5,189.5,4,2,0,1,0.146,0,HUMAN_REVIEW,116,1,859.7
4277,193,2026-08-01 02:40:26.885377,1156.34,debit_card,insufficient_funds,2,5,318.6,1,3,0,1,0.292,0,NO_CONTACT,0,0,0.0
4278,747,2026-08-01 03:32:00.624125,1716.57,upi,bank_limit_exceeded,3,5,19.4,2,2,1,1,0.217,0,LINK_NEXT_MORNING,566,0,0.0
4279,257,2026-08-01 04:23:34.362873,3012.18,debit_card,insufficient_funds,4,5,335.3,2,0,0,3,0.073,0,LINK_NOW,2,0,0.0
4280,594,2026-08-01 05:15:08.101620,2343.08,debit_card,bank_limit_exceeded,5,5,29.0,3,1,0,0,0.059,0,LINK_NOW,2,0,0.0
4281,193,2026-08-01 06:06:41.840368,1270.93,wallet,temporary_network_issue,6,5,318.6,1,3,0,1,0.251,0,LINK_NOW,14,0,0.0
4282,459,2026-08-01 06:58:15.579116,2488.66,wallet,card_blocked,6,5,17.7,3,2,1,1,0.274,0,HUMAN_REVIEW,91,0,0.0
4283,594,2026-08-01 07:49:49.317864,1321.31,credit_card,insufficient_funds,7,5,29.0,3,1,0,1,0.102,1,HUMAN_REVIEW,47,1,1261.79
4284,83,2026-08-01 08:41:23.056611,584.49,debit_card,card_blocked,8,5,208.1,4,0,0,1,0.273,0,LINK_NEXT_MORNING,536,1,482.29
4285,747,2026-08-01 09:32:56.795359,5558.41,debit_card,card_blocked,9,5,19.4,2,2,1,3,0.243,0,NO_CONTACT,0,0,0.0
4286,83,2026-08-01 10:24:30.534107,2338.73,debit_card,insufficient_funds,10,5,208.1,4,0,0,1,0.346,0,HUMAN_REVIEW,81,0,0.0
4287,459,2026-08-01 11:16:04.272855,2732.0,net_banking,insufficient_funds,11,5,17.7,3,2,1,2,0.058,0,LINK_AFTER_2H,98,0,0.0
4288,233,2026-08-01 12:07:38.011602,3362.16,debit_card,bank_limit_exceeded,12,5,189.5,4,2,0,1,0.11,0,LINK_AFTER_2H,137,0,0.0
4289,193,2026-08-01 12:59:11.750350,2070.92,net_banking,temporary_network_issue,12,5,318.6,1,3,0,1,0.276,0,LINK_NEXT_MORNING,499,0,0.0
4290,233,2026-08-01 13:50:45.489098,3571.23,credit_card,bank_limit_exceeded,13,5,189.5,4,2,0,0,0.127,0,LINK_NEXT_MORNING,695,0,0.0
4291,91,2026-08-01 14:42:19.227846,25837.54,upi,card_blocked,14,5,286.8,1,3,0,3,0.177,0,NO_CONTACT,0,1,24322.22
4292,58,2026-08-01 15:33:52.966593,9782.92,net_banking,temporary_network_issue,15,5,17.4,3,0,1,2,0.217,0,NO_CONTACT,0,0,0.0
4293,747,2026-08-01 16:25:26.705341,1056.65,net_banking,insufficient_funds,16,5,19.4,2,2,1,0,0.331,0,LINK_NOW,16,0,0.0
4294,731,2026-08-01 17:17:00.444089,302.68,net_banking,bank_limit_exceeded,17,5,8.4,1,1,0,0,0.186,0,NO_CONTACT,0,0,0.0
4295,125,2026-08-01 18:08:34.182837,8135.5,wallet,temporary_network_issue,18,5,176.2,1,4,0,2,0.08,0,HUMAN_REVIEW,41,1,6731.48
4296,10,2026-08-01 19:00:07.921584,4458.83,wallet,insufficient_funds,19,5,158.6,1,3,0,0,0.156,0,NO_CONTACT,0,0,0.0
4297,338,2026-08-01 19:51:41.660332,4742.38,net_banking,card_blocked,19,5,42.4,1,1,0,0,0.176,0,HUMAN_REVIEW,62,0,0.0
4298,459,2026-08-01 20:43:15.399080,1263.14,net_banking,insufficient_funds,20,5,17.7,3,2,1,3,0.151,0,NO_CONTACT,0,0,0.0
4299,459,2026-08-01 21:34:49.137828,1201.58,net_banking,risk_declined,21,5,17.7,3,2,1,2,0.078,0,HUMAN_REVIEW,99,1,1128.9
4300,233,2026-08-01 22:26:22.876575,3016.16,debit_card,insufficient_funds,22,5,189.5,4,2,0,1,0.056,0,LINK_NOW,29,0,0.0
4301,58,2026-08-01 23:17:56.615323,3806.45,credit_card,insufficient_funds,23,5,17.4,3,0,1,3,0.087,1,LINK_NEXT_MORNING,549,0,0.0
4302,233,2026-08-02 00:09:30.354071,29158.43,debit_card,insufficient_funds,0,6,189.5,4,2,0,0,0.087,0,LINK_AFTER_2H,137,1,27272.54
4303,710,2026-08-02 01:01:04.092819,6649.48,net_banking,insufficient_funds,1,6,103.4,2,0,0,0,0.034,0,NO_CONTACT,0,0,0.0
4304,71,2026-08-02 01:52:37.831566,3390.57,credit_card,temporary_network_issue,1,6,98.3,1,1,0,1,0.107,0,LINK_NEXT_MORNING,502,1,3390.18
4305,125,2026-08-02 02:44:11.570314,199.0,debit_card,card_blocked,2,6,176.2,1,4,0,2,0.281,0,HUMAN_REVIEW,75,1,180.87
4306,272,2026-08-02 03:35:45.309062,3390.23,debit_card,risk_declined,3,6,110.5,1,1,1,3,0.39,0,LINK_NOW,6,0,0.0
4307,747,2026-08-02 04:27:19.047810,2979.73,debit_card,card_blocked,4,6,19.4,2,2,1,4,0.161,0,LINK_NEXT_MORNING,505,0,0.0
4308,125,2026-08-02 05:18:52.786557,648.44,upi,temporary_network_issue,5,6,176.2,1,4,0,1,0.084,1,LINK_AFTER_2H,92,0,0.0
4309,61,2026-08-02 06:10:26.525305,5243.82,credit_card,temporary_network_issue,6,6,248.5,1,2,0,0,0.2,0,LINK_NEXT_MORNING,536,1,4891.45
4310,83,2026-08-02 07:02:00.264053,12078.98,upi,bank_limit_exceeded,7,6,208.1,4,0,0,0,0.36,0,LINK_NEXT_MORNING,504,1,10497.83
4311,233,2026-08-02 07:53:34.002801,25617.6,net_banking,temporary_network_issue,7,6,189.5,4,2,0,0,0.112,0,HUMAN_REVIEW,96,0,0.0
4312,459,2026-08-02 08:45:07.741548,2933.12,credit_card,insufficient_funds,8,6,17.7,3,2,1,1,0.22,0,LINK_NOW,14,0,0.0
4313,33,2026-08-02 09:36:41.480296,1311.13,net_banking,temporary_network_issue,9,6,10.2,3,3,0,0,0.079,0,NO_CONTACT,0,0,0.0
4314,662,2026-08-02 10:28:15.219044,10978.88,debit_card,insufficient_funds,10,6,14.8,1,1,0,0,0.308,0,LINK_NEXT_MORNING,603,0,0.0
4315,459,2026-08-02 11:19:48.957792,993.41,debit_card,insufficient_funds,11,6,17.7,3,2,1,2,0.052,0,HUMAN_REVIEW,68,0,0.0
4316,71,2026-08-02 12:11:22.696539,3109.23,debit_card,risk_declined,12,6,98.3,1,1,0,2,0.191,0,NO_CONTACT,0,0,0.0
4317,91,2026-08-02 13:02:56.435287,614.59,upi,risk_declined,13,6,286.8,1,3,0,1,0.171,0,NO_CONTACT,0,0,0.0
4318,459,2026-08-02 13:54:30.174035,9734.36,upi,temporary_network_issue,13,6,17.7,3,2,1,1,0.337,0,HUMAN_REVIEW,97,0,0.0
4319,193,2026-08-02 14:46:03.912783,1229.61,upi,risk_declined,14,6,318.6,1,3,0,2,0.133,0,LINK_NEXT_MORNING,645,0,0.0
4320,58,2026-08-02 15:37:37.651530,7272.59,upi,insufficient_funds,15,6,17.4,3,0,1,2,0.052,0,LINK_AFTER_2H,134,0,0.0
4321,594,2026-08-02 16:29:11.390278,2734.99,credit_card,temporary_network_issue,16,6,29.0,3,1,0,0,0.149,0,HUMAN_REVIEW,93,1,2478.83
4322,193,2026-08-02 17:20:45.129026,5015.69,debit_card,card_blocked,17,6,318.6,1,3,0,1,0.325,0,LINK_NOW,20,0,0.0
4323,710,2026-08-02 18:12:18.867774,1766.33,upi,temporary_network_issue,18,6,103.4,2,0,0,0,0.051,0,LINK_NOW,21,0,0.0
4324,71,2026-08-02 19:03:52.606521,3715.37,upi,insufficient_funds,19,6,98.3,1,1,0,0,0.079,0,LINK_NEXT_MORNING,701,1,3170.36
4325,459,2026-08-02 19:55:26.345269,7840.58,debit_card,card_blocked,19,6,17.7,3,2,1,0,0.296,0,LINK_AFTER_2H,96,1,6895.9
4326,193,2026-08-02 20:47:00.084017,1410.58,upi,risk_declined,20,6,318.6,1,3,0,0,0.155,0,LINK_NOW,12,0,0.0
4327,558,2026-08-02 21:38:33.822765,3964.64,credit_card,card_blocked,21,6,19.6,3,2,0,1,0.296,0,HUMAN_REVIEW,79,0,0.0
4328,746,2026-08-02 22:30:07.561512,11263.13,net_banking,insufficient_funds,22,6,50.0,3,1,0,1,0.291,0,HUMAN_REVIEW,72,1,9968.17
4329,594,2026-08-02 23:21:41.300260,880.92,debit_card,insufficient_funds,23,6,29.0,3,1,0,3,0.359,0,NO_CONTACT,0,0,0.0
4330,710,2026-08-03 00:13:15.039008,1135.86,net_banking,insufficient_funds,0,0,103.4,2,0,0,1,0.066,0,LINK_NOW,6,0,0.0
4331,125,2026-08-03 01:04:48.777756,1066.34,net_banking,insufficient_funds,1,0,176.2,1,4,0,1,0.029,0,LINK_NEXT_MORNING,694,1,945.09
4332,193,2026-08-03 01:56:22.516503,1917.86,upi,risk_declined,1,0,318.6,1,3,0,2,0.19,0,NO_CONTACT,0,0,0.0
4333,233,2026-08-03 02:47:56.255251,436.94,debit_card,card_blocked,2,0,189.5,4,2,0,2,0.05,0,LINK_AFTER_2H,133,0,0.0
4334,58,2026-08-03 03:39:29.993999,2830.38,upi,temporary_network_issue,3,0,17.4,3,0,1,1,0.113,0,LINK_NOW,6,0,0.0
4335,233,2026-08-03 04:31:03.732747,20631.63,net_banking,risk_declined,4,0,189.5,4,2,0,3,0.111,0,LINK_NEXT_MORNING,489,0,0.0
4336,357,2026-08-03 05:22:37.471494,2911.04,net_banking,insufficient_funds,5,0,149.2,0,0,0,2,0.028,0,LINK_AFTER_2H,103,0,0.0
4337,233,2026-08-03 06:14:11.210242,30636.72,debit_card,card_blocked,6,0,189.5,4,2,0,1,0.084,0,HUMAN_REVIEW,98,1,29660.11
4338,233,2026-08-03 07:05:44.948990,391.76,upi,insufficient_funds,7,0,189.5,4,2,0,3,0.102,0,LINK_AFTER_2H,108,1,314.86
4339,125,2026-08-03 07:57:18.687738,596.1,debit_card,insufficient_funds,7,0,176.2,1,4,0,0,0.157,0,LINK_AFTER_2H,126,1,595.17
4340,91,2026-08-03 08:48:52.426485,332.7,credit_card,insufficient_funds,8,0,286.8,1,3,0,2,0.23,0,HUMAN_REVIEW,62,0,0.0
4341,561,2026-08-03 09:40:26.165233,199.0,net_banking,bank_limit_exceeded,9,0,14.0,3,1,0,2,0.27,0,LINK_NEXT_MORNING,541,0,0.0
4342,83,2026-08-03 10:31:59.903981,2814.7,credit_card,temporary_network_issue,10,0,208.1,4,0,0,1,0.158,0,HUMAN_REVIEW,107,0,0.0
4343,459,2026-08-03 11:23:33.642729,643.57,debit_card,insufficient_funds,11,0,17.7,3,2,1,2,0.229,0,NO_CONTACT,0,1,594.36
4344,173,2026-08-03 12:15:07.381476,199.0,credit_card,temporary_network_issue,12,0,204.8,5,0,0,0,0.085,0,LINK_NEXT_MORNING,674,0,0.0
4345,459,2026-08-03 13:06:41.120224,1662.12,debit_card,insufficient_funds,13,0,17.7,3,2,1,1,0.213,0,LINK_AFTER_2H,96,0,0.0
4346,233,2026-08-03 13:58:14.858972,2580.96,debit_card,insufficient_funds,13,0,189.5,4,2,0,1,0.133,0,HUMAN_REVIEW,59,1,2208.41
4347,710,2026-08-03 14:49:48.597720,3694.69,credit_card,risk_declined,14,0,103.4,2,0,0,0,0.282,0,NO_CONTACT,0,0,0.0
4348,193,2026-08-03 15:41:22.336467,2065.32,upi,insufficient_funds,15,0,318.6,1,3,0,0,0.286,0,HUMAN_REVIEW,65,1,1914.9
4349,656,2026-08-03 16:32:56.075215,4955.09,debit_card,bank_limit_exceeded,16,0,39.6,0,0,0,1,0.181,0,NO_CONTACT,0,0,0.0
4350,233,2026-08-03 17:24:29.813963,811.43,debit_card,temporary_network_issue,17,0,189.5,4,2,0,0,0.277,0,LINK_AFTER_2H,127,0,0.0
4351,459,2026-08-03 18:16:03.552711,743.94,upi,insufficient_funds,18,0,17.7,3,2,1,3,0.036,0,LINK_NEXT_MORNING,597,0,0.0
4352,314,2026-08-03 19:07:37.291458,11240.37,debit_card,insufficient_funds,19,0,126.7,3,7,0,1,0.138,0,LINK_NOW,10,0,0.0
4353,459,2026-08-03 19:59:11.030206,18001.04,net_banking,card_blocked,19,0,17.7,3,2,1,1,0.224,0,NO_CONTACT,0,0,0.0
4354,233,2026-08-03 20:50:44.768954,502.33,debit_card,insufficient_funds,20,0,189.5,4,2,0,1,0.019,0,LINK_NEXT_MORNING,586,1,441.39
4355,91,2026-08-03 21:42:18.507702,3296.76,net_banking,temporary_network_issue,21,0,286.8,1,3,0,3,0.224,0,NO_CONTACT,0,0,0.0
4356,459,2026-08-03 22:33:52.246449,850.29,net_banking,risk_declined,22,0,17.7,3,2,1,1,0.063,0,LINK_AFTER_2H,125,1,758.68
4357,233,2026-08-03 23:25:25.985197,745.68,debit_card,risk_declined,23,0,189.5,4,2,0,1,0.168,0,LINK_NOW,15,0,0.0
4358,142,2026-08-04 00:16:59.723945,3301.43,net_banking,card_blocked,0,1,95.3,3,4,1,4,0.214,0,NO_CONTACT,0,0,0.0
4359,83,2026-08-04 01:08:33.462693,3445.97,net_banking,risk_declined,1,1,208.1,4,0,0,0,0.048,0,NO_CONTACT,0,0,0.0
4360,233,2026-08-04 02:00:07.201440,1473.06,debit_card,insufficient_funds,2,1,189.5,4,2,0,2,0.227,0,NO_CONTACT,0,0,0.0
4361,594,2026-08-04 02:51:40.940188,1608.03,net_banking,insufficient_funds,2,1,29.0,3,1,0,3,0.088,0,LINK_NEXT_MORNING,560,1,1343.25
4362,125,2026-08-04 03:43:14.678936,656.61,debit_card,risk_declined,3,1,176.2,1,4,0,1,0.391,0,LINK_NOW,18,0,0.0
4363,83,2026-08-04 04:34:48.417684,9599.31,net_banking,insufficient_funds,4,1,208.1,4,0,0,5,0.314,0,HUMAN_REVIEW,64,1,8036.88
4364,245,2026-08-04 05:26:22.156431,2262.55,net_banking,temporary_network_issue,5,1,19.3,0,1,0,2,0.346,0,NO_CONTACT,0,0,0.0
4365,71,2026-08-04 06:17:55.895179,822.01,credit_card,card_blocked,6,1,98.3,1,1,0,0,0.356,0,LINK_NEXT_MORNING,517,0,0.0
4366,71,2026-08-04 07:09:29.633927,2354.15,net_banking,temporary_network_issue,7,1,98.3,1,1,0,1,0.1,0,NO_CONTACT,0,0,0.0
4367,233,2026-08-04 08:01:03.372675,1701.1,upi,insufficient_funds,8,1,189.5,4,2,0,2,0.113,0,HUMAN_REVIEW,87,0,0.0
4368,233,2026-08-04 08:52:37.111422,969.3,debit_card,card_blocked,8,1,189.5,4,2,0,0,0.189,0,NO_CONTACT,0,0,0.0
4369,193,2026-08-04 09:44:10.850170,868.33,upi,risk_declined,9,1,318.6,1,3,0,1,0.2,0,NO_CONTACT,0,0,0.0
4370,233,2026-08-04 10:35:44.588918,757.6,debit_card,insufficient_funds,10,1,189.5,4,2,0,1,0.058,0,LINK_NOW,23,0,0.0
4371,233,2026-08-04 11:27:18.327666,663.05,upi,temporary_network_issue,11,1,189.5,4,2,0,2,0.024,0,NO_CONTACT,0,0,0.0
4372,314,2026-08-04 12:18:52.066413,2655.89,credit_card,temporary_network_issue,12,1,126.7,3,7,0,2,0.241,0,HUMAN_REVIEW,92,0,0.0
4373,193,2026-08-04 13:10:25.805161,1653.27,credit_card,insufficient_funds,13,1,318.6,1,3,0,0,0.305,0,NO_CONTACT,0,0,0.0
4374,768,2026-08-04 14:01:59.543909,29075.5,credit_card,insufficient_funds,14,1,13.7,3,1,0,3,0.253,0,NO_CONTACT,0,0,0.0
4375,594,2026-08-04 14:53:33.282657,5449.12,upi,insufficient_funds,14,1,29.0,3,1,0,0,0.181,0,NO_CONTACT,0,1,4652.39
4376,77,2026-08-04 15:45:07.021404,3446.67,debit_card,card_blocked,15,1,9.6,3,1,1,2,0.222,0,HUMAN_REVIEW,77,0,0.0
4377,193,2026-08-04 16:36:40.760152,1717.62,net_banking,temporary_network_issue,16,1,318.6,1,3,0,0,0.342,1,LINK_NEXT_MORNING,716,0,0.0
4378,125,2026-08-04 17:28:14.498900,1706.52,upi,bank_limit_exceeded,17,1,176.2,1,4,0,1,0.071,0,LINK_NEXT_MORNING,545,0,0.0
4379,233,2026-08-04 18:19:48.237648,433.8,credit_card,insufficient_funds,18,1,189.5,4,2,0,4,0.07,0,LINK_NEXT_MORNING,582,0,0.0
4380,436,2026-08-04 19:11:21.976395,598.2,debit_card,bank_limit_exceeded,19,1,195.4,3,1,0,0,0.147,0,HUMAN_REVIEW,92,0,0.0
4381,459,2026-08-04 20:02:55.715143,676.27,net_banking,temporary_network_issue,20,1,17.7,3,2,1,1,0.464,0,LINK_NEXT_MORNING,570,0,0.0
4382,58,2026-08-04 20:54:29.453891,361.4,debit_card,insufficient_funds,20,1,17.4,3,0,1,1,0.431,0,LINK_AFTER_2H,148,0,0.0
4383,83,2026-08-04 21:46:03.192639,2261.67,credit_card,insufficient_funds,21,1,208.1,4,0,0,0,0.238,0,LINK_NOW,18,0,0.0
4384,94,2026-08-04 22:37:36.931386,358.21,net_banking,card_blocked,22,1,109.7,2,1,1,1,0.07,0,LINK_NOW,0,1,336.79
4385,125,2026-08-04 23:29:10.670134,3601.82,debit_card,risk_declined,23,1,176.2,1,4,0,1,0.076,0,LINK_NOW,1,0,0.0
4386,233,2026-08-05 00:20:44.408882,2013.23,credit_card,card_blocked,0,2,189.5,4,2,0,1,0.121,0,NO_CONTACT,0,0,0.0
4387,594,2026-08-05 01:12:18.147630,16586.32,credit_card,card_blocked,1,2,29.0,3,1,0,2,0.07,0,LINK_AFTER_2H,142,1,14716.69
4388,233,2026-08-05 02:03:51.886377,3466.4,credit_card,insufficient_funds,2,2,189.5,4,2,0,0,0.366,0,NO_CONTACT,0,0,0.0
4389,222,2026-08-05 02:55:25.625125,646.56,debit_card,insufficient_funds,2,2,220.2,1,1,0,2,0.248,0,LINK_NOW,16,0,0.0
4390,443,2026-08-05 03:46:59.363873,490.79,credit_card,insufficient_funds,3,2,59.3,1,1,0,1,0.255,0,NO_CONTACT,0,0,0.0
4391,314,2026-08-05 04:38:33.102621,15061.71,debit_card,insufficient_funds,4,2,126.7,3,7,0,0,0.124,0,HUMAN_REVIEW,81,0,0.0
4392,91,2026-08-05 05:30:06.841368,854.15,upi,risk_declined,5,2,286.8,1,3,0,1,0.297,0,LINK_AFTER_2H,104,1,760.35
4393,710,2026-08-05 06:21:40.580116,1120.11,upi,risk_declined,6,2,103.4,2,0,0,2,0.747,0,HUMAN_REVIEW,94,0,0.0
4394,596,2026-08-05 07:13:14.318864,1571.41,upi,insufficient_funds,7,2,7.4,2,2,0,2,0.177,0,LINK_NEXT_MORNING,677,1,1328.4
4395,233,2026-08-05 08:04:48.057612,2355.71,net_banking,risk_declined,8,2,189.5,4,2,0,2,0.106,0,LINK_NEXT_MORNING,637,0,0.0
4396,459,2026-08-05 08:56:21.796359,15139.7,debit_card,insufficient_funds,8,2,17.7,3,2,1,0,0.099,0,NO_CONTACT,0,0,0.0
4397,521,2026-08-05 09:47:55.535107,3036.55,net_banking,insufficient_funds,9,2,249.5,2,2,1,1,0.142,0,NO_CONTACT,0,0,0.0
4398,594,2026-08-05 10:39:29.273855,2718.09,wallet,insufficient_funds,10,2,29.0,3,1,0,1,0.204,0,LINK_NOW,11,0,0.0
4399,3,2026-08-05 11:31:03.012603,2256.66,upi,insufficient_funds,11,2,413.7,2,4,0,1,0.113,0,NO_CONTACT,0,0,0.0
4400,223,2026-08-05 12:22:36.751350,2699.2,net_banking,insufficient_funds,12,2,548.1,2,1,0,2,0.219,0,LINK_NOW,23,1,2198.84
4401,233,2026-08-05 13:14:10.490098,6602.25,debit_card,temporary_network_issue,13,2,189.5,4,2,0,1,0.125,0,LINK_NEXT_MORNING,543,0,0.0
4402,19,2026-08-05 14:05:44.228846,1342.56,net_banking,temporary_network_issue,14,2,6.1,2,2,0,1,0.415,0,LINK_NEXT_MORNING,698,0,0.0
4403,125,2026-08-05 14:57:17.967594,1366.43,credit_card,insufficient_funds,14,2,176.2,1,4,0,2,0.093,0,LINK_NEXT_MORNING,560,1,1188.62
4404,233,2026-08-05 15:48:51.706341,8030.73,upi,temporary_network_issue,15,2,189.5,4,2,0,1,0.107,0,LINK_AFTER_2H,129,0,0.0
4405,193,2026-08-05 16:40:25.445089,1278.79,debit_card,temporary_network_issue,16,2,318.6,1,3,0,1,0.327,0,NO_CONTACT,0,0,0.0
4406,11,2026-08-05 17:31:59.183837,1141.63,debit_card,bank_limit_exceeded,17,2,55.1,2,1,0,5,0.392,0,NO_CONTACT,0,0,0.0
4407,71,2026-08-05 18:23:32.922585,10914.41,debit_card,risk_declined,18,2,98.3,1,1,0,2,0.193,0,NO_CONTACT,0,0,0.0
4408,91,2026-08-05 19:15:06.661332,1735.31,credit_card,bank_limit_exceeded,19,2,286.8,1,3,0,2,0.374,0,HUMAN_REVIEW,117,0,0.0
4409,718,2026-08-05 20:06:40.400080,2173.3,credit_card,temporary_network_issue,20,2,277.8,2,2,1,1,0.097,0,LINK_NOW,26,1,2088.48
4410,233,2026-08-05 20:58:14.138828,1647.8,debit_card,card_blocked,20,2,189.5,4,2,0,2,0.396,0,LINK_AFTER_2H,139,0,0.0
4411,233,2026-08-05 21:49:47.877576,1314.01,debit_card,insufficient_funds,21,2,189.5,4,2,0,2,0.161,0,LINK_NEXT_MORNING,594,0,0.0
4412,233,2026-08-05 22:41:21.616323,1725.14,credit_card,risk_declined,22,2,189.5,4,2,0,1,0.233,0,HUMAN_REVIEW,115,1,1439.43
4413,71,2026-08-05 23:32:55.355071,1787.96,wallet,insufficient_funds,23,2,98.3,1,1,0,0,0.122,0,LINK_NEXT_MORNING,494,1,1723.5
4414,71,2026-08-06 00:24:29.093819,7280.99,debit_card,insufficient_funds,0,3,98.3,1,1,0,1,0.117,0,NO_CONTACT,0,0,0.0
4415,233,2026-08-06 01:16:02.832567,854.67,debit_card,insufficient_funds,1,3,189.5,4,2,0,2,0.389,0,HUMAN_REVIEW,50,0,0.0
4416,450,2026-08-06 02:07:36.571314,26066.89,debit_card,temporary_network_issue,2,3,182.2,0,1,0,2,0.146,0,LINK_NOW,26,0,0.0
4417,521,2026-08-06 02:59:10.310062,1125.37,credit_card,insufficient_funds,2,3,249.5,2,2,1,3,0.08,0,LINK_NEXT_MORNING,495,0,0.0
4418,233,2026-08-06 03:50:44.048810,7093.73,upi,bank_limit_exceeded,3,3,189.5,4,2,0,1,0.361,0,LINK_NEXT_MORNING,526,1,6502.11
4419,233,2026-08-06 04:42:17.787558,451.04,debit_card,insufficient_funds,4,3,189.5,4,2,0,0,0.197,0,LINK_AFTER_2H,103,0,0.0
4420,233,2026-08-06 05:33:51.526305,1123.57,credit_card,risk_declined,5,3,189.5,4,2,0,1,0.151,0,LINK_AFTER_2H,93,0,0.0
4421,58,2026-08-06 06:25:25.265053,1917.53,credit_card,insufficient_funds,6,3,17.4,3,0,1,2,0.194,0,LINK_NOW,19,0,0.0
4422,193,2026-08-06 07:16:59.003801,882.51,debit_card,card_blocked,7,3,318.6,1,3,0,0,0.327,0,LINK_NEXT_MORNING,567,0,0.0
4423,747,2026-08-06 08:08:32.742549,5009.12,net_banking,card_blocked,8,3,19.4,2,2,1,1,0.104,0,HUMAN_REVIEW,106,0,0.0
4424,330,2026-08-06 09:00:06.481296,4916.66,debit_card,temporary_network_issue,9,3,73.0,2,3,0,5,0.351,0,LINK_AFTER_2H,94,0,0.0
4425,58,2026-08-06 09:51:40.220044,1068.67,net_banking,temporary_network_issue,9,3,17.4,3,0,1,2,0.139,0,HUMAN_REVIEW,62,0,0.0
4426,193,2026-08-06 10:43:13.958792,283.1,net_banking,card_blocked,10,3,318.6,1,3,0,0,0.027,0,LINK_NOW,25,1,269.14
4427,233,2026-08-06 11:34:47.697540,5304.35,net_banking,temporary_network_issue,11,3,189.5,4,2,0,3,0.099,0,NO_CONTACT,0,0,0.0
4428,193,2026-08-06 12:26:21.436287,2751.47,debit_card,temporary_network_issue,12,3,318.6,1,3,0,1,0.117,0,HUMAN_REVIEW,101,0,0.0
4429,233,2026-08-06 13:17:55.175035,1396.33,net_banking,temporary_network_issue,13,3,189.5,4,2,0,2,0.027,0,LINK_AFTER_2H,145,1,1192.31
4430,91,2026-08-06 14:09:28.913783,1248.53,credit_card,insufficient_funds,14,3,286.8,1,3,0,0,0.268,0,HUMAN_REVIEW,68,0,0.0
4431,222,2026-08-06 15:01:02.652531,1074.36,debit_card,insufficient_funds,15,3,220.2,1,1,0,1,0.297,0,NO_CONTACT,0,0,0.0
4432,233,2026-08-06 15:52:36.391278,6911.54,credit_card,insufficient_funds,15,3,189.5,4,2,0,2,0.252,1,LINK_NEXT_MORNING,562,0,0.0
4433,125,2026-08-06 16:44:10.130026,1670.03,credit_card,risk_declined,16,3,176.2,1,4,0,0,0.266,0,NO_CONTACT,0,0,0.0
4434,11,2026-08-06 17:35:43.868774,13092.26,net_banking,risk_declined,17,3,55.1,2,1,0,0,0.147,0,LINK_AFTER_2H,99,0,0.0
4435,233,2026-08-06 18:27:17.607522,43026.63,net_banking,insufficient_funds,18,3,189.5,4,2,0,1,0.1,0,LINK_NEXT_MORNING,713,1,41820.8
4436,452,2026-08-06 19:18:51.346269,5538.52,credit_card,temporary_network_issue,19,3,73.0,1,1,1,0,0.202,0,LINK_NEXT_MORNING,646,1,4511.61
4437,747,2026-08-06 20:10:25.085017,37507.9,credit_card,temporary_network_issue,20,3,19.4,2,2,1,2,0.088,0,LINK_NEXT_MORNING,690,1,35366.08
4438,233,2026-08-06 21:01:58.823765,5819.16,wallet,insufficient_funds,21,3,189.5,4,2,0,4,0.303,0,LINK_NOW,21,0,0.0
4439,459,2026-08-06 21:53:32.562513,1617.74,debit_card,risk_declined,21,3,17.7,3,2,1,2,0.372,0,LINK_NEXT_MORNING,557,1,1390.73
4440,710,2026-08-06 22:45:06.301260,17872.35,debit_card,card_blocked,22,3,103.4,2,0,0,0,0.256,0,HUMAN_REVIEW,118,1,14688.65
4441,233,2026-08-06 23:36:40.040008,2067.53,credit_card,risk_declined,23,3,189.5,4,2,0,1,0.278,0,LINK_AFTER_2H,97,1,2007.19
4442,668,2026-08-07 00:28:13.778756,46266.43,net_banking,bank_limit_exceeded,0,4,119.2,2,8,1,3,0.08,0,LINK_AFTER_2H,93,0,0.0
4443,459,2026-08-07 01:19:47.517504,1358.62,debit_card,temporary_network_issue,1,4,17.7,3,2,1,0,0.089,0,HUMAN_REVIEW,34,0,0.0
4444,233,2026-08-07 02:11:21.256251,7648.72,credit_card,card_blocked,2,4,189.5,4,2,0,1,0.185,0,NO_CONTACT,0,0,0.0
4445,173,2026-08-07 03:02:54.994999,2516.68,net_banking,card_blocked,3,4,204.8,5,0,0,3,0.172,1,LINK_NEXT_MORNING,643,0,0.0
4446,681,2026-08-07 03:54:28.733747,693.76,debit_card,card_blocked,3,4,60.1,1,1,0,0,0.076,0,LINK_AFTER_2H,133,1,591.13
4447,233,2026-08-07 04:46:02.472494,855.42,net_banking,risk_declined,4,4,189.5,4,2,0,0,0.196,1,LINK_AFTER_2H,95,0,0.0
4448,193,2026-08-07 05:37:36.211242,199.0,wallet,risk_declined,5,4,318.6,1,3,0,2,0.188,0,LINK_AFTER_2H,149,0,0.0
4449,233,2026-08-07 06:29:09.949990,2310.0,credit_card,insufficient_funds,6,4,189.5,4,2,0,0,0.179,0,LINK_NEXT_MORNING,701,1,2032.19
4450,173,2026-08-07 07:20:43.688738,4672.76,upi,bank_limit_exceeded,7,4,204.8,5,0,0,1,0.217,0,HUMAN_REVIEW,84,0,0.0
4451,710,2026-08-07 08:12:17.427485,199.0,upi,card_blocked,8,4,103.4,2,0,0,1,0.197,0,LINK_NEXT_MORNING,601,1,198.82
4452,233,2026-08-07 09:03:51.166233,199.0,debit_card,insufficient_funds,9,4,189.5,4,2,0,3,0.188,0,LINK_NOW,18,0,0.0
4453,747,2026-08-07 09:55:24.904981,854.59,upi,risk_declined,9,4,19.4,2,2,1,1,0.173,0,NO_CONTACT,0,0,0.0
4454,594,2026-08-07 10:46:58.643729,2823.23,net_banking,temporary_network_issue,10,4,29.0,3,1,0,2,0.049,0,HUMAN_REVIEW,72,0,0.0
4455,314,2026-08-07 11:38:32.382476,754.72,upi,risk_declined,11,4,126.7,3,7,0,1,0.132,0,LINK_NOW,17,0,0.0
4456,222,2026-08-07 12:30:06.121224,3009.61,net_banking,bank_limit_exceeded,12,4,220.2,1,1,0,0,0.356,0,LINK_AFTER_2H,110,1,2422.6
4457,71,2026-08-07 13:21:39.859972,1237.45,credit_card,insufficient_funds,13,4,98.3,1,1,0,0,0.118,0,NO_CONTACT,0,1,1091.93
4458,233,2026-08-07 14:13:13.598720,467.01,net_banking,risk_declined,14,4,189.5,4,2,0,0,0.173,0,HUMAN_REVIEW,89,1,461.86
4459,193,2026-08-07 15:04:47.337467,5937.59,credit_card,risk_declined,15,4,318.6,1,3,0,1,0.21,0,HUMAN_REVIEW,72,1,5727.83
4460,193,2026-08-07 15:56:21.076215,3621.31,credit_card,card_blocked,15,4,318.6,1,3,0,1,0.269,0,LINK_NEXT_MORNING,661,1,3570.58
4461,233,2026-08-07 16:47:54.814963,1589.22,net_banking,temporary_network_issue,16,4,189.5,4,2,0,0,0.088,0,LINK_NOW,16,1,1306.69
4462,233,2026-08-07 17:39:28.553711,262.51,upi,insufficient_funds,17,4,189.5,4,2,0,1,0.203,0,LINK_AFTER_2H,120,1,229.47
4463,233,2026-08-07 18:31:02.292458,1297.25,net_banking,temporary_network_issue,18,4,189.5,4,2,0,1,0.184,0,LINK_AFTER_2H,110,1,1181.79
4464,71,2026-08-07 19:22:36.031206,839.52,upi,insufficient_funds,19,4,98.3,1,1,0,1,0.159,0,LINK_AFTER_2H,144,0,0.0
4465,222,2026-08-07 20:14:09.769954,1274.8,credit_card,temporary_network_issue,20,4,220.2,1,1,0,3,0.201,0,NO_CONTACT,0,0,0.0
4466,193,2026-08-07 21:05:43.508702,880.94,net_banking,risk_declined,21,4,318.6,1,3,0,1,0.38,0,LINK_NOW,10,0,0.0
4467,710,2026-08-07 21:57:17.247449,1640.8,net_banking,bank_limit_exceeded,21,4,103.4,2,0,0,1,0.074,0,LINK_NOW,28,0,0.0
4468,173,2026-08-07 22:48:50.986197,1633.0,credit_card,insufficient_funds,22,4,204.8,5,0,0,2,0.33,0,NO_CONTACT,0,0,0.0
4469,789,2026-08-07 23:40:24.724945,7036.03,credit_card,insufficient_funds,23,4,37.8,5,0,0,1,0.054,0,LINK_AFTER_2H,105,1,6166.13
4470,314,2026-08-08 00:31:58.463693,1033.78,upi,risk_declined,0,5,126.7,3,7,0,2,0.036,0,HUMAN_REVIEW,102,0,0.0
4471,459,2026-08-08 01:23:32.202440,2752.81,debit_card,temporary_network_issue,1,5,17.7,3,2,1,1,0.352,0,LINK_AFTER_2H,140,0,0.0
4472,173,2026-08-08 02:15:05.941188,823.78,debit_card,bank_limit_exceeded,2,5,204.8,5,0,0,0,0.374,0,NO_CONTACT,0,1,685.61
4473,594,2026-08-08 03:06:39.679936,1036.46,upi,risk_declined,3,5,29.0,3,1,0,1,0.555,0,LINK_NEXT_MORNING,502,0,0.0
4474,710,2026-08-08 03:58:13.418684,1133.17,wallet,card_blocked,3,5,103.4,2,0,0,0,0.13,0,NO_CONTACT,0,0,0.0
4475,233,2026-08-08 04:49:47.157431,7332.09,upi,insufficient_funds,4,5,189.5,4,2,0,1,0.178,0,NO_CONTACT,0,0,0.0
4476,314,2026-08-08 05:41:20.896179,1574.53,upi,insufficient_funds,5,5,126.7,3,7,0,1,0.236,0,LINK_NEXT_MORNING,582,0,0.0
4477,729,2026-08-08 06:32:54.634927,1997.76,credit_card,insufficient_funds,6,5,93.8,2,3,0,0,0.091,0,LINK_NEXT_MORNING,502,0,0.0
4478,584,2026-08-08 07:24:28.373675,1384.36,credit_card,insufficient_funds,7,5,32.0,0,2,0,1,0.135,0,LINK_NOW,19,0,0.0
4479,459,2026-08-08 08:16:02.112422,2083.46,wallet,card_blocked,8,5,17.7,3,2,1,1,0.201,0,LINK_NOW,2,0,0.0
4480,83,2026-08-08 09:07:35.851170,2004.08,net_banking,temporary_network_issue,9,5,208.1,4,0,0,2,0.415,0,NO_CONTACT,0,0,0.0
4481,594,2026-08-08 09:59:09.589918,1289.0,net_banking,temporary_network_issue,9,5,29.0,3,1,0,1,0.331,0,LINK_NOW,16,1,1102.59
4482,747,2026-08-08 10:50:43.328666,239.47,debit_card,risk_declined,10,5,19.4,2,2,1,4,0.174,0,HUMAN_REVIEW,99,0,0.0
4483,173,2026-08-08 11:42:17.067413,1207.44,upi,temporary_network_issue,11,5,204.8,5,0,0,0,0.143,1,LINK_AFTER_2H,109,1,1195.87
4484,350,2026-08-08 12:33:50.806161,2853.54,credit_card,temporary_network_issue,12,5,107.2,1,0,0,2,0.267,0,LINK_NOW,14,1,2562.23
4485,233,2026-08-08 13:25:24.544909,5617.36,debit_card,risk_declined,13,5,189.5,4,2,0,3,0.336,0,LINK_NEXT_MORNING,589,0,0.0
4486,710,2026-08-08 14:16:58.283657,394.77,credit_card,temporary_network_issue,14,5,103.4,2,0,0,0,0.34,0,HUMAN_REVIEW,59,0,0.0
4487,83,2026-08-08 15:08:32.022404,490.11,net_banking,insufficient_funds,15,5,208.1,4,0,0,0,0.087,1,LINK_AFTER_2H,121,0,0.0
4488,43,2026-08-08 16:00:05.761152,1186.11,net_banking,temporary_network_issue,16,5,31.3,0,2,0,3,0.116,0,NO_CONTACT,0,0,0.0
4489,802,2026-08-08 16:51:39.499900,1406.77,debit_card,temporary_network_issue,16,5,324.1,5,5,1,2,0.213,0,LINK_NEXT_MORNING,549,1,1323.17
4490,71,2026-08-08 17:43:13.238648,199.0,credit_card,temporary_network_issue,17,5,98.3,1,1,0,1,0.108,0,HUMAN_REVIEW,60,1,179.15
4491,233,2026-08-08 18:34:46.977395,2421.41,upi,insufficient_funds,18,5,189.5,4,2,0,1,0.117,0,LINK_NEXT_MORNING,623,1,2174.66
4492,233,2026-08-08 19:26:20.716143,7597.17,wallet,insufficient_funds,19,5,189.5,4,2,0,0,0.315,0,LINK_AFTER_2H,118,0,0.0
4493,233,2026-08-08 20:17:54.454891,959.78,credit_card,temporary_network_issue,20,5,189.5,4,2,0,1,0.197,0,LINK_NOW,21,0,0.0
4494,793,2026-08-08 21:09:28.193639,1948.17,upi,insufficient_funds,21,5,123.7,1,1,0,0,0.258,1,LINK_AFTER_2H,129,0,0.0
4495,71,2026-08-08 22:01:01.932386,3408.08,wallet,card_blocked,22,5,98.3,1,1,0,2,0.191,0,LINK_AFTER_2H,117,0,0.0
4496,222,2026-08-08 22:52:35.671134,1965.01,debit_card,card_blocked,22,5,220.2,1,1,0,3,0.479,0,HUMAN_REVIEW,108,0,0.0
4497,71,2026-08-08 23:44:09.409882,1106.41,credit_card,card_blocked,23,5,98.3,1,1,0,0,0.281,0,NO_CONTACT,0,0,0.0
4498,233,2026-08-09 00:35:43.148630,1163.21,wallet,insufficient_funds,0,6,189.5,4,2,0,0,0.058,0,LINK_AFTER_2H,110,0,0.0
4499,594,2026-08-09 01:27:16.887377,2256.44,credit_card,insufficient_funds,1,6,29.0,3,1,0,1,0.104,0,LINK_NOW,7,1,1967.41
4500,205,2026-08-09 02:18:50.626125,5343.61,debit_card,risk_declined,2,6,181.9,2,1,0,1,0.092,0,HUMAN_REVIEW,94,0,0.0
4501,459,2026-08-09 03:10:24.364873,2377.0,net_banking,card_blocked,3,6,17.7,3,2,1,2,0.176,0,NO_CONTACT,0,0,0.0
4502,710,2026-08-09 04:01:58.103621,6723.78,net_banking,risk_declined,4,6,103.4,2,0,0,3,0.385,0,LINK_NOW,29,0,0.0
4503,233,2026-08-09 04:53:31.842368,1884.03,net_banking,temporary_network_issue,4,6,189.5,4,2,0,1,0.148,0,HUMAN_REVIEW,87,1,1717.52
4504,58,2026-08-09 05:45:05.581116,1942.79,net_banking,temporary_network_issue,5,6,17.4,3,0,1,1,0.229,0,NO_CONTACT,0,0,0.0
4505,594,2026-08-09 06:36:39.319864,9995.41,net_banking,card_blocked,6,6,29.0,3,1,0,1,0.248,0,LINK_NEXT_MORNING,481,1,8518.58
4506,125,2026-08-09 07:28:13.058612,802.0,debit_card,bank_limit_exceeded,7,6,176.2,1,4,0,0,0.065,0,LINK_AFTER_2H,113,1,679.41
4507,125,2026-08-09 08:19:46.797359,5602.98,debit_card,bank_limit_exceeded,8,6,176.2,1,4,0,3,0.304,0,HUMAN_REVIEW,78,0,0.0
4508,233,2026-08-09 09:11:20.536107,3161.33,debit_card,bank_limit_exceeded,9,6,189.5,4,2,0,2,0.146,0,HUMAN_REVIEW,98,1,2938.42
4509,91,2026-08-09 10:02:54.274855,1145.59,upi,risk_declined,10,6,286.8,1,3,0,3,0.369,0,LINK_NEXT_MORNING,491,0,0.0
4510,193,2026-08-09 10:54:28.013603,632.53,upi,card_blocked,10,6,318.6,1,3,0,1,0.045,0,LINK_AFTER_2H,94,1,575.7
4511,193,2026-08-09 11:46:01.752350,2337.95,debit_card,insufficient_funds,11,6,318.6,1,3,0,2,0.043,0,NO_CONTACT,0,0,0.0
4512,83,2026-08-09 12:37:35.491098,2817.65,credit_card,card_blocked,12,6,208.1,4,0,0,7,0.189,1,NO_CONTACT,0,0,0.0
4513,459,2026-08-09 13:29:09.229846,12458.34,upi,insufficient_funds,13,6,17.7,3,2,1,2,0.068,0,LINK_NEXT_MORNING,705,0,0.0
4514,233,2026-08-09 14:20:42.968594,2866.5,credit_card,insufficient_funds,14,6,189.5,4,2,0,1,0.076,0,LINK_NEXT_MORNING,493,1,2704.39
4515,540,2026-08-09 15:12:16.707341,350.56,credit_card,card_blocked,15,6,88.1,1,1,1,0,0.151,0,LINK_NEXT_MORNING,683,0,0.0
4516,783,2026-08-09 16:03:50.446089,3178.94,upi,risk_declined,16,6,52.5,2,1,0,2,0.133,0,NO_CONTACT,0,0,0.0
4517,233,2026-08-09 16:55:24.184837,10687.79,net_banking,card_blocked,16,6,189.5,4,2,0,0,0.156,0,HUMAN_REVIEW,56,1,8669.61
4518,83,2026-08-09 17:46:57.923585,2652.6,debit_card,temporary_network_issue,17,6,208.1,4,0,0,4,0.173,0,NO_CONTACT,0,0,0.0
4519,459,2026-08-09 18:38:31.662332,3504.51,upi,temporary_network_issue,18,6,17.7,3,2,1,1,0.328,0,HUMAN_REVIEW,95,0,0.0
4520,710,2026-08-09 19:30:05.401080,243.13,wallet,bank_limit_exceeded,19,6,103.4,2,0,0,0,0.436,0,NO_CONTACT,0,0,0.0
4521,594,2026-08-09 20:21:39.139828,7694.55,debit_card,card_blocked,20,6,29.0,3,1,0,0,0.282,0,LINK_NOW,16,1,6881.07
4522,594,2026-08-09 21:13:12.878576,876.03,upi,temporary_network_issue,21,6,29.0,3,1,0,2,0.412,0,HUMAN_REVIEW,74,0,0.0
4523,545,2026-08-09 22:04:46.617323,521.5,net_banking,temporary_network_issue,22,6,23.5,3,3,0,1,0.164,0,LINK_AFTER_2H,127,1,444.4
4524,193,2026-08-09 22:56:20.356071,1098.56,debit_card,bank_limit_exceeded,22,6,318.6,1,3,0,0,0.066,0,LINK_NEXT_MORNING,674,0,0.0
4525,83,2026-08-09 23:47:54.094819,2661.39,upi,temporary_network_issue,23,6,208.1,4,0,0,1,0.21,0,HUMAN_REVIEW,87,0,0.0
4526,594,2026-08-10 00:39:27.833567,958.98,credit_card,insufficient_funds,0,0,29.0,3,1,0,4,0.273,0,LINK_NOW,3,0,0.0
4527,125,2026-08-10 01:31:01.572314,5181.01,debit_card,insufficient_funds,1,0,176.2,1,4,0,2,0.299,0,NO_CONTACT,0,1,4253.31
4528,594,2026-08-10 02:22:35.311062,488.4,debit_card,temporary_network_issue,2,0,29.0,3,1,0,0,0.072,0,LINK_AFTER_2H,97,1,405.64
4529,233,2026-08-10 03:14:09.049810,2692.58,net_banking,insufficient_funds,3,0,189.5,4,2,0,1,0.111,0,LINK_AFTER_2H,91,0,0.0
4530,459,2026-08-10 04:05:42.788558,801.07,credit_card,temporary_network_issue,4,0,17.7,3,2,1,2,0.113,0,LINK_NEXT_MORNING,584,0,0.0
4531,314,2026-08-10 04:57:16.527305,1646.01,upi,insufficient_funds,4,0,126.7,3,7,0,1,0.105,0,NO_CONTACT,0,1,1365.94
4532,314,2026-08-10 05:48:50.266053,10786.18,net_banking,insufficient_funds,5,0,126.7,3,7,0,2,0.119,0,LINK_NEXT_MORNING,585,1,8892.05
4533,233,2026-08-10 06:40:24.004801,3218.89,debit_card,insufficient_funds,6,0,189.5,4,2,0,2,0.24,0,LINK_AFTER_2H,143,0,0.0
4534,71,2026-08-10 07:31:57.743549,2643.66,net_banking,bank_limit_exceeded,7,0,98.3,1,1,0,2,0.261,0,HUMAN_REVIEW,58,1,2359.52
4535,710,2026-08-10 08:23:31.482296,696.98,debit_card,card_blocked,8,0,103.4,2,0,0,1,0.31,0,LINK_AFTER_2H,134,1,679.24
4536,747,2026-08-10 09:15:05.221044,1651.2,debit_card,insufficient_funds,9,0,19.4,2,2,1,1,0.117,0,HUMAN_REVIEW,118,0,0.0
4537,233,2026-08-10 10:06:38.959792,1094.9,credit_card,temporary_network_issue,10,0,189.5,4,2,0,0,0.149,0,NO_CONTACT,0,0,0.0
4538,710,2026-08-10 10:58:12.698540,199.0,net_banking,temporary_network_issue,10,0,103.4,2,0,0,1,0.157,0,LINK_AFTER_2H,138,0,0.0
4539,233,2026-08-10 11:49:46.437287,3423.9,credit_card,card_blocked,11,0,189.5,4,2,0,0,0.17,0,HUMAN_REVIEW,33,1,3392.18
4540,459,2026-08-10 12:41:20.176035,504.06,upi,temporary_network_issue,12,0,17.7,3,2,1,0,0.061,0,HUMAN_REVIEW,84,0,0.0
4541,233,2026-08-10 13:32:53.914783,1546.66,credit_card,bank_limit_exceeded,13,0,189.5,4,2,0,0,0.071,0,LINK_NOW,9,1,1477.15
4542,193,2026-08-10 14:24:27.653531,2874.23,debit_card,card_blocked,14,0,318.6,1,3,0,0,0.396,0,HUMAN_REVIEW,73,1,2536.73
4543,233,2026-08-10 15:16:01.392278,995.84,debit_card,bank_limit_exceeded,15,0,189.5,4,2,0,3,0.438,1,HUMAN_REVIEW,110,1,992.41
4544,233,2026-08-10 16:07:35.131026,616.13,net_banking,insufficient_funds,16,0,189.5,4,2,0,1,0.31,0,HUMAN_REVIEW,94,0,0.0
4545,193,2026-08-10 16:59:08.869774,4286.7,credit_card,risk_declined,16,0,318.6,1,3,0,1,0.265,0,LINK_AFTER_2H,92,0,0.0
4546,91,2026-08-10 17:50:42.608522,372.13,credit_card,card_blocked,17,0,286.8,1,3,0,1,0.036,0,LINK_AFTER_2H,127,0,0.0
4547,594,2026-08-10 18:42:16.347269,806.44,credit_card,insufficient_funds,18,0,29.0,3,1,0,1,0.25,0,LINK_NEXT_MORNING,573,1,742.88
4548,193,2026-08-10 19:33:50.086017,2342.77,net_banking,insufficient_funds,19,0,318.6,1,3,0,4,0.286,0,HUMAN_REVIEW,34,1,2197.47
4549,71,2026-08-10 20:25:23.824765,1871.69,debit_card,temporary_network_issue,20,0,98.3,1,1,0,3,0.035,0,LINK_NOW,11,0,0.0
4550,521,2026-08-10 21:16:57.563513,1527.18,credit_card,insufficient_funds,21,0,249.5,2,2,1,0,0.206,0,LINK_NEXT_MORNING,618,0,0.0
4551,233,2026-08-10 22:08:31.302260,11893.32,credit_card,risk_declined,22,0,189.5,4,2,0,3,0.315,0,LINK_NEXT_MORNING,552,0,0.0
4552,193,2026-08-10 23:00:05.041008,4288.93,upi,risk_declined,23,0,318.6,1,3,0,2,0.041,0,HUMAN_REVIEW,76,0,0.0
4553,91,2026-08-10 23:51:38.779756,5462.46,wallet,insufficient_funds,23,0,286.8,1,3,0,2,0.12,0,LINK_NEXT_MORNING,493,0,0.0
4554,354,2026-08-11 00:43:12.518504,963.18,net_banking,insufficient_funds,0,1,166.1,3,2,1,3,0.219,0,LINK_AFTER_2H,108,0,0.0
4555,459,2026-08-11 01:34:46.257251,14514.61,debit_card,bank_limit_exceeded,1,1,17.7,3,2,1,0,0.134,0,LINK_NOW,12,0,0.0
4556,594,2026-08-11 02:26:19.995999,1049.49,credit_card,insufficient_funds,2,1,29.0,3,1,0,0,0.111,0,HUMAN_REVIEW,50,0,0.0
4557,747,2026-08-11 03:17:53.734747,3351.55,debit_card,insufficient_funds,3,1,19.4,2,2,1,0,0.106,0,LINK_NOW,6,0,0.0
4558,233,2026-08-11 04:09:27.473495,3172.91,debit_card,insufficient_funds,4,1,189.5,4,2,0,0,0.289,0,LINK_NOW,10,0,0.0
4559,193,2026-08-11 05:01:01.212242,1044.46,debit_card,bank_limit_exceeded,5,1,318.6,1,3,0,1,0.096,0,LINK_NEXT_MORNING,545,0,0.0
4560,459,2026-08-11 05:52:34.950990,524.93,debit_card,risk_declined,5,1,17.7,3,2,1,1,0.222,0,LINK_AFTER_2H,119,0,0.0
4561,459,2026-08-11 06:44:08.689738,1688.31,debit_card,temporary_network_issue,6,1,17.7,3,2,1,1,0.11,0,NO_CONTACT,0,0,0.0
4562,233,2026-08-11 07:35:42.428486,1212.35,credit_card,insufficient_funds,7,1,189.5,4,2,0,1,0.102,0,LINK_NOW,22,1,1006.41
4563,521,2026-08-11 08:27:16.167233,479.95,credit_card,temporary_network_issue,8,1,249.5,2,2,1,0,0.158,0,LINK_NOW,26,0,0.0
4564,91,2026-08-11 09:18:49.905981,1008.07,credit_card,insufficient_funds,9,1,286.8,1,3,0,1,0.072,0,LINK_NOW,0,0,0.0
4565,441,2026-08-11 10:10:23.644729,5292.17,credit_card,card_blocked,10,1,103.2,1,2,0,2,0.155,0,NO_CONTACT,0,0,0.0
4566,83,2026-08-11 11:01:57.383477,860.31,debit_card,insufficient_funds,11,1,208.1,4,0,0,2,0.305,0,LINK_NEXT_MORNING,550,0,0.0
4567,193,2026-08-11 11:53:31.122224,4897.03,credit_card,temporary_network_issue,11,1,318.6,1,3,0,0,0.208,0,LINK_NOW,1,0,0.0
4568,594,2026-08-11 12:45:04.860972,3773.74,debit_card,temporary_network_issue,12,1,29.0,3,1,0,2,0.121,0,NO_CONTACT,0,0,0.0
4569,233,2026-08-11 13:36:38.599720,3279.25,credit_card,insufficient_funds,13,1,189.5,4,2,0,1,0.116,0,LINK_NEXT_MORNING,630,0,0.0
4570,193,2026-08-11 14:28:12.338468,28238.27,credit_card,bank_limit_exceeded,14,1,318.6,1,3,0,2,0.142,0,LINK_NOW,18,0,0.0
4571,594,2026-08-11 15:19:46.077215,936.89,debit_card,insufficient_funds,15,1,29.0,3,1,0,1,0.296,0,NO_CONTACT,0,0,0.0
4572,193,2026-08-11 16:11:19.815963,3504.51,debit_card,insufficient_funds,16,1,318.6,1,3,0,1,0.071,0,HUMAN_REVIEW,58,1,3094.84
4573,125,2026-08-11 17:02:53.554711,2078.72,net_banking,risk_declined,17,1,176.2,1,4,0,3,0.221,0,NO_CONTACT,0,0,0.0
4574,459,2026-08-11 17:54:27.293459,2157.09,wallet,insufficient_funds,17,1,17.7,3,2,1,3,0.189,1,LINK_AFTER_2H,103,0,0.0
4575,193,2026-08-11 18:46:01.032206,199.0,upi,insufficient_funds,18,1,318.6,1,3,0,1,0.345,0,LINK_NEXT_MORNING,539,1,185.08
4576,193,2026-08-11 19:37:34.770954,963.65,debit_card,temporary_network_issue,19,1,318.6,1,3,0,1,0.135,0,HUMAN_REVIEW,72,1,948.31
4577,233,2026-08-11 20:29:08.509702,1189.02,debit_card,insufficient_funds,20,1,189.5,4,2,0,0,0.338,0,NO_CONTACT,0,0,0.0
4578,193,2026-08-11 21:20:42.248450,2120.62,credit_card,bank_limit_exceeded,21,1,318.6,1,3,0,0,0.109,0,HUMAN_REVIEW,34,0,0.0
4579,257,2026-08-11 22:12:15.987197,390.72,wallet,insufficient_funds,22,1,335.3,2,0,0,0,0.076,0,HUMAN_REVIEW,104,0,0.0
4580,71,2026-08-11 23:03:49.725945,1722.03,upi,insufficient_funds,23,1,98.3,1,1,0,0,0.29,0,LINK_NEXT_MORNING,589,1,1664.59
4581,459,2026-08-11 23:55:23.464693,749.3,upi,risk_declined,23,1,17.7,3,2,1,2,0.145,0,NO_CONTACT,0,0,0.0
4582,193,2026-08-12 00:46:57.203441,647.0,credit_card,insufficient_funds,0,2,318.6,1,3,0,2,0.457,0,LINK_NOW,8,0,0.0
4583,459,2026-08-12 01:38:30.942188,230.16,debit_card,bank_limit_exceeded,1,2,17.7,3,2,1,0,0.222,0,LINK_NOW,0,0,0.0
4584,91,2026-08-12 02:30:04.680936,355.51,credit_card,insufficient_funds,2,2,286.8,1,3,0,2,0.109,0,LINK_NEXT_MORNING,572,0,0.0
4585,314,2026-08-12 03:21:38.419684,1273.61,upi,insufficient_funds,3,2,126.7,3,7,0,2,0.133,0,NO_CONTACT,0,0,0.0
4586,233,2026-08-12 04:13:12.158432,6312.36,debit_card,insufficient_funds,4,2,189.5,4,2,0,2,0.408,0,HUMAN_REVIEW,99,0,0.0
4587,239,2026-08-12 05:04:45.897179,1839.85,net_banking,insufficient_funds,5,2,673.1,5,1,0,2,0.139,0,LINK_NEXT_MORNING,486,0,0.0
4588,233,2026-08-12 05:56:19.635927,2068.59,credit_card,temporary_network_issue,5,2,189.5,4,2,0,1,0.196,0,HUMAN_REVIEW,74,0,0.0
4589,381,2026-08-12 06:47:53.374675,3564.51,upi,insufficient_funds,6,2,192.0,1,0,0,3,0.124,0,LINK_NOW,9,0,0.0
4590,91,2026-08-12 07:39:27.113423,720.95,credit_card,temporary_network_issue,7,2,286.8,1,3,0,1,0.266,0,LINK_NEXT_MORNING,691,0,0.0
4591,193,2026-08-12 08:31:00.852170,524.42,upi,insufficient_funds,8,2,318.6,1,3,0,2,0.491,0,HUMAN_REVIEW,102,0,0.0
4592,71,2026-08-12 09:22:34.590918,3299.49,debit_card,temporary_network_issue,9,2,98.3,1,1,0,1,0.248,0,NO_CONTACT,0,0,0.0
4593,71,2026-08-12 10:14:08.329666,1660.54,net_banking,insufficient_funds,10,2,98.3,1,1,0,2,0.076,0,LINK_AFTER_2H,106,1,1552.84
4594,193,2026-08-12 11:05:42.068414,4584.27,debit_card,temporary_network_issue,11,2,318.6,1,3,0,1,0.117,0,LINK_NEXT_MORNING,707,0,0.0
4595,233,2026-08-12 11:57:15.807161,908.46,upi,insufficient_funds,11,2,189.5,4,2,0,2,0.232,0,LINK_AFTER_2H,135,1,830.59
4596,233,2026-08-12 12:48:49.545909,6093.36,upi,insufficient_funds,12,2,189.5,4,2,0,0,0.23,0,LINK_NOW,5,0,0.0
4597,487,2026-08-12 13:40:23.284657,675.48,debit_card,risk_declined,13,2,334.2,0,3,0,1,0.326,0,NO_CONTACT,0,0,0.0
4598,371,2026-08-12 14:31:57.023405,2529.79,net_banking,temporary_network_issue,14,2,61.8,1,1,1,0,0.251,0,LINK_AFTER_2H,144,1,2031.47
4599,784,2026-08-12 15:23:30.762152,4448.67,credit_card,insufficient_funds,15,2,83.4,3,0,0,1,0.295,0,LINK_NEXT_MORNING,608,1,3962.35
4600,233,2026-08-12 16:15:04.500900,737.55,credit_card,insufficient_funds,16,2,189.5,4,2,0,2,0.148,0,LINK_NEXT_MORNING,490,0,0.0
4601,193,2026-08-12 17:06:38.239648,408.5,debit_card,insufficient_funds,17,2,318.6,1,3,0,0,0.106,0,NO_CONTACT,0,1,334.71
4602,646,2026-08-12 17:58:11.978396,807.99,net_banking,risk_declined,17,2,71.6,1,2,0,1,0.182,0,LINK_AFTER_2H,132,1,702.04
4603,125,2026-08-12 18:49:45.717143,1761.85,net_banking,insufficient_funds,18,2,176.2,1,4,0,0,0.216,0,LINK_NOW,16,0,0.0
4604,299,2026-08-12 19:41:19.455891,1477.14,net_banking,temporary_network_issue,19,2,281.5,2,1,0,2,0.064,0,LINK_NOW,24,0,0.0
4605,233,2026-08-12 20:32:53.194639,10026.87,net_banking,temporary_network_issue,20,2,189.5,4,2,0,2,0.098,0,LINK_NOW,27,0,0.0
4606,521,2026-08-12 21:24:26.933387,770.45,upi,bank_limit_exceeded,21,2,249.5,2,2,1,2,0.508,0,LINK_NOW,6,0,0.0
4607,146,2026-08-12 22:16:00.672134,7638.84,debit_card,insufficient_funds,22,2,14.2,1,0,0,0,0.158,0,LINK_NEXT_MORNING,680,1,7394.17
4608,233,2026-08-12 23:07:34.410882,6699.02,debit_card,card_blocked,23,2,189.5,4,2,0,0,0.147,0,LINK_AFTER_2H,105,1,6352.41
4609,105,2026-08-12 23:59:08.149630,1734.06,upi,insufficient_funds,23,2,523.2,1,3,0,0,0.233,0,NO_CONTACT,0,1,1651.81
4610,557,2026-08-13 00:50:41.888378,263.28,debit_card,temporary_network_issue,0,3,137.3,5,1,1,0,0.281,0,LINK_NOW,20,1,244.52
4611,233,2026-08-13 01:42:15.627125,791.17,debit_card,temporary_network_issue,1,3,189.5,4,2,0,1,0.206,0,NO_CONTACT,0,0,0.0
4612,193,2026-08-13 02:33:49.365873,5620.0,upi,insufficient_funds,2,3,318.6,1,3,0,0,0.07,0,LINK_NOW,26,0,0.0
4613,233,2026-08-13 03:25:23.104621,1702.59,upi,temporary_network_issue,3,3,189.5,4,2,0,1,0.219,0,NO_CONTACT,0,0,0.0
4614,233,2026-08-13 04:16:56.843369,8320.07,net_banking,temporary_network_issue,4,3,189.5,4,2,0,5,0.183,0,HUMAN_REVIEW,34,1,7068.81
4615,110,2026-08-13 05:08:30.582116,1954.81,credit_card,insufficient_funds,5,3,156.7,7,3,0,1,0.549,0,HUMAN_REVIEW,37,0,0.0
4616,459,2026-08-13 06:00:04.320864,548.68,debit_card,insufficient_funds,6,3,17.7,3,2,1,1,0.37,0,LINK_NEXT_MORNING,680,0,0.0
4617,233,2026-08-13 06:51:38.059612,2531.85,credit_card,insufficient_funds,6,3,189.5,4,2,0,1,0.039,0,LINK_NOW,25,0,0.0
4618,308,2026-08-13 07:43:11.798360,21191.45,debit_card,insufficient_funds,7,3,48.2,2,0,1,0,0.177,0,NO_CONTACT,0,0,0.0
4619,233,2026-08-13 08:34:45.537107,1023.75,debit_card,insufficient_funds,8,3,189.5,4,2,0,0,0.242,0,HUMAN_REVIEW,42,0,0.0
4620,743,2026-08-13 09:26:19.275855,13144.0,credit_card,temporary_network_issue,9,3,298.9,1,3,0,1,0.147,0,NO_CONTACT,0,0,0.0
4621,596,2026-08-13 10:17:53.014603,48782.74,debit_card,insufficient_funds,10,3,7.4,2,2,0,2,0.358,0,LINK_NEXT_MORNING,482,0,0.0
4622,670,2026-08-13 11:09:26.753351,835.13,net_banking,insufficient_funds,11,3,132.1,3,2,0,1,0.164,0,LINK_NOW,26,1,682.25
4623,193,2026-08-13 12:01:00.492098,319.11,upi,card_blocked,12,3,318.6,1,3,0,1,0.121,1,LINK_AFTER_2H,139,0,0.0
4624,106,2026-08-13 12:52:34.230846,675.96,credit_card,temporary_network_issue,12,3,77.2,1,2,0,1,0.302,0,LINK_NEXT_MORNING,580,0,0.0
4625,193,2026-08-13 13:44:07.969594,685.92,debit_card,bank_limit_exceeded,13,3,318.6,1,3,0,1,0.398,0,NO_CONTACT,0,0,0.0
4626,56,2026-08-13 14:35:41.708342,1072.42,debit_card,risk_declined,14,3,86.9,3,2,0,1,0.35,0,NO_CONTACT,0,0,0.0
4627,233,2026-08-13 15:27:15.447089,2665.78,credit_card,card_blocked,15,3,189.5,4,2,0,3,0.082,0,LINK_NEXT_MORNING,533,1,2281.68
4628,189,2026-08-13 16:18:49.185837,219.2,debit_card,insufficient_funds,16,3,156.4,3,2,0,1,0.148,0,HUMAN_REVIEW,85,1,180.1
4629,91,2026-08-13 17:10:22.924585,1930.0,upi,card_blocked,17,3,286.8,1,3,0,1,0.185,0,LINK_NOW,19,1,1709.96
4630,71,2026-08-13 18:01:56.663333,4235.4,credit_card,card_blocked,18,3,98.3,1,1,0,1,0.379,0,NO_CONTACT,0,0,0.0
4631,710,2026-08-13 18:53:30.402080,2403.09,debit_card,risk_declined,18,3,103.4,2,0,0,2,0.082,0,HUMAN_REVIEW,42,0,0.0
4632,459,2026-08-13 19:45:04.140828,5278.87,debit_card,insufficient_funds,19,3,17.7,3,2,1,1,0.13,0,HUMAN_REVIEW,117,0,0.0
4633,173,2026-08-13 20:36:37.879576,4117.04,credit_card,card_blocked,20,3,204.8,5,0,0,0,0.209,0,HUMAN_REVIEW,79,0,0.0
4634,83,2026-08-13 21:28:11.618324,14114.7,credit_card,card_blocked,21,3,208.1,4,0,0,2,0.268,0,NO_CONTACT,0,1,11449.83
4635,387,2026-08-13 22:19:45.357071,848.32,upi,temporary_network_issue,22,3,124.1,2,2,0,2,0.065,0,HUMAN_REVIEW,117,0,0.0
4636,193,2026-08-13 23:11:19.095819,41647.29,upi,card_blocked,23,3,318.6,1,3,0,1,0.052,0,LINK_NEXT_MORNING,563,1,39173.48
4637,233,2026-08-14 00:02:52.834567,859.63,net_banking,insufficient_funds,0,4,189.5,4,2,0,2,0.244,0,LINK_NEXT_MORNING,506,0,0.0
4638,233,2026-08-14 00:54:26.573315,696.25,debit_card,card_blocked,0,4,189.5,4,2,0,1,0.143,0,LINK_AFTER_2H,107,0,0.0
4639,71,2026-08-14 01:46:00.312062,2015.78,upi,card_blocked,1,4,98.3,1,1,0,0,0.145,0,LINK_NOW,27,0,0.0
4640,233,2026-08-14 02:37:34.050810,2825.37,credit_card,insufficient_funds,2,4,189.5,4,2,0,0,0.192,0,NO_CONTACT,0,0,0.0
4641,125,2026-08-14 03:29:07.789558,3259.3,upi,risk_declined,3,4,176.2,1,4,0,1,0.17,0,LINK_NOW,3,1,3021.19
4642,710,2026-08-14 04:20:41.528306,11130.13,debit_card,risk_declined,4,4,103.4,2,0,0,0,0.418,0,LINK_NEXT_MORNING,576,0,0.0
4643,233,2026-08-14 05:12:15.267053,29605.48,upi,insufficient_funds,5,4,189.5,4,2,0,1,0.191,0,LINK_NOW,25,0,0.0
4644,193,2026-08-14 06:03:49.005801,3407.45,credit_card,insufficient_funds,6,4,318.6,1,3,0,1,0.459,0,NO_CONTACT,0,0,0.0
4645,422,2026-08-14 06:55:22.744549,20841.05,upi,card_blocked,6,4,10.7,4,3,0,1,0.121,0,LINK_NEXT_MORNING,606,0,0.0
4646,459,2026-08-14 07:46:56.483297,9354.43,net_banking,temporary_network_issue,7,4,17.7,3,2,1,1,0.228,0,LINK_AFTER_2H,121,0,0.0
4647,747,2026-08-14 08:38:30.222044,221.13,credit_card,temporary_network_issue,8,4,19.4,2,2,1,1,0.335,0,NO_CONTACT,0,0,0.0
4648,459,2026-08-14 09:30:03.960792,5011.03,debit_card,risk_declined,9,4,17.7,3,2,1,0,0.293,0,LINK_NEXT_MORNING,486,0,0.0
4649,311,2026-08-14 10:21:37.699540,199.0,debit_card,bank_limit_exceeded,10,4,3.4,1,2,0,2,0.389,0,HUMAN_REVIEW,44,0,0.0
4650,710,2026-08-14 11:13:11.438288,8816.29,credit_card,temporary_network_issue,11,4,103.4,2,0,0,0,0.117,1,HUMAN_REVIEW,107,0,0.0
4651,24,2026-08-14 12:04:45.177035,4888.61,debit_card,insufficient_funds,12,4,137.7,2,4,0,0,0.156,0,HUMAN_REVIEW,64,0,0.0
4652,233,2026-08-14 12:56:18.915783,7737.09,debit_card,temporary_network_issue,12,4,189.5,4,2,0,3,0.456,0,LINK_NOW,19,0,0.0
4653,83,2026-08-14 13:47:52.654531,453.04,credit_card,card_blocked,13,4,208.1,4,0,0,3,0.13,0,NO_CONTACT,0,0,0.0
4654,233,2026-08-14 14:39:26.393279,4840.65,debit_card,risk_declined,14,4,189.5,4,2,0,0,0.095,0,LINK_NEXT_MORNING,519,1,4672.24
4655,58,2026-08-14 15:31:00.132026,3387.16,credit_card,insufficient_funds,15,4,17.4,3,0,1,2,0.217,0,HUMAN_REVIEW,79,1,2794.67
4656,710,2026-08-14 16:22:33.870774,1149.45,debit_card,temporary_network_issue,16,4,103.4,2,0,0,0,0.307,0,LINK_NOW,25,0,0.0
4657,71,2026-08-14 17:14:07.609522,3466.23,credit_card,temporary_network_issue,17,4,98.3,1,1,0,1,0.084,0,LINK_NOW,24,0,0.0
4658,710,2026-08-14 18:05:41.348270,886.34,credit_card,card_blocked,18,4,103.4,2,0,0,1,0.242,0,LINK_NEXT_MORNING,717,0,0.0
4659,594,2026-08-14 18:57:15.087017,1211.79,upi,insufficient_funds,18,4,29.0,3,1,0,3,0.043,0,LINK_NEXT_MORNING,677,1,1017.05
4660,233,2026-08-14 19:48:48.825765,7556.86,upi,risk_declined,19,4,189.5,4,2,0,2,0.116,0,HUMAN_REVIEW,56,1,6841.45
4661,790,2026-08-14 20:40:22.564513,2072.55,upi,temporary_network_issue,20,4,6.4,3,0,0,2,0.144,0,LINK_NEXT_MORNING,639,0,0.0
4662,459,2026-08-14 21:31:56.303261,3370.78,credit_card,risk_declined,21,4,17.7,3,2,1,0,0.437,0,LINK_AFTER_2H,101,0,0.0
4663,521,2026-08-14 22:23:30.042008,2607.03,net_banking,insufficient_funds,22,4,249.5,2,2,1,0,0.229,0,LINK_AFTER_2H,149,0,0.0
4664,594,2026-08-14 23:15:03.780756,3811.78,net_banking,card_blocked,23,4,29.0,3,1,0,0,0.324,0,HUMAN_REVIEW,59,0,0.0
4665,594,2026-08-15 00:06:37.519504,2640.65,credit_card,bank_limit_exceeded,0,5,29.0,3,1,0,1,0.426,0,LINK_NOW,23,0,0.0
4666,193,2026-08-15 00:58:11.258252,199.0,upi,bank_limit_exceeded,0,5,318.6,1,3,0,0,0.114,0,NO_CONTACT,0,0,0.0
4667,173,2026-08-15 01:49:44.996999,849.03,wallet,bank_limit_exceeded,1,5,204.8,5,0,0,1,0.214,0,LINK_NOW,23,1,836.91
4668,710,2026-08-15 02:41:18.735747,1183.48,net_banking,insufficient_funds,2,5,103.4,2,0,0,0,0.213,0,LINK_AFTER_2H,111,0,0.0
4669,747,2026-08-15 03:32:52.474495,252.53,credit_card,temporary_network_issue,3,5,19.4,2,2,1,1,0.332,0,LINK_AFTER_2H,93,0,0.0
4670,233,2026-08-15 04:24:26.213243,2610.57,net_banking,insufficient_funds,4,5,189.5,4,2,0,2,0.078,0,NO_CONTACT,0,0,0.0
4671,71,2026-08-15 05:15:59.951990,878.66,credit_card,insufficient_funds,5,5,98.3,1,1,0,0,0.428,0,LINK_NOW,18,0,0.0
4672,459,2026-08-15 06:07:33.690738,736.34,debit_card,insufficient_funds,6,5,17.7,3,2,1,0,0.09,0,LINK_NEXT_MORNING,696,1,619.02
4673,193,2026-08-15 06:59:07.429486,222.61,net_banking,card_blocked,6,5,318.6,1,3,0,2,0.34,0,HUMAN_REVIEW,34,0,0.0
4674,600,2026-08-15 07:50:41.168234,1423.17,debit_card,risk_declined,7,5,148.1,2,4,0,1,0.156,0,NO_CONTACT,0,0,0.0
4675,594,2026-08-15 08:42:14.906981,3191.93,credit_card,temporary_network_issue,8,5,29.0,3,1,0,1,0.299,0,LINK_AFTER_2H,93,1,2715.47
4676,233,2026-08-15 09:33:48.645729,2582.82,credit_card,risk_declined,9,5,189.5,4,2,0,3,0.016,0,NO_CONTACT,0,0,0.0
4677,233,2026-08-15 10:25:22.384477,4889.65,net_banking,insufficient_funds,10,5,189.5,4,2,0,2,0.2,0,LINK_NEXT_MORNING,700,1,4344.7
4678,710,2026-08-15 11:16:56.123225,1398.03,wallet,risk_declined,11,5,103.4,2,0,0,2,0.2,1,NO_CONTACT,0,0,0.0
4679,594,2026-08-15 12:08:29.861972,7398.31,debit_card,insufficient_funds,12,5,29.0,3,1,0,0,0.069,0,NO_CONTACT,0,0,0.0
4680,459,2026-08-15 13:00:03.600720,5267.62,credit_card,temporary_network_issue,13,5,17.7,3,2,1,0,0.383,0,LINK_AFTER_2H,98,0,0.0
4681,125,2026-08-15 13:51:37.339468,1772.01,debit_card,temporary_network_issue,13,5,176.2,1,4,0,0,0.27,0,NO_CONTACT,0,0,0.0
4682,710,2026-08-15 14:43:11.078216,1692.2,net_banking,risk_declined,14,5,103.4,2,0,0,1,0.13,0,HUMAN_REVIEW,80,1,1574.06
4683,459,2026-08-15 15:34:44.816963,24054.19,upi,bank_limit_exceeded,15,5,17.7,3,2,1,1,0.082,0,HUMAN_REVIEW,69,0,0.0
4684,173,2026-08-15 16:26:18.555711,1333.58,debit_card,insufficient_funds,16,5,204.8,5,0,0,5,0.143,0,LINK_AFTER_2H,142,1,1312.22
4685,193,2026-08-15 17:17:52.294459,19136.19,credit_card,insufficient_funds,17,5,318.6,1,3,0,2,0.245,1,LINK_NEXT_MORNING,577,0,0.0
4686,594,2026-08-15 18:09:26.033207,5698.3,credit_card,card_blocked,18,5,29.0,3,1,0,2,0.318,0,NO_CONTACT,0,0,0.0
4687,271,2026-08-15 19:00:59.771954,829.41,upi,temporary_network_issue,19,5,64.6,4,1,0,1,0.441,0,LINK_NOW,7,1,807.49
4688,71,2026-08-15 19:52:33.510702,2322.3,credit_card,temporary_network_issue,19,5,98.3,1,1,0,0,0.354,0,NO_CONTACT,0,0,0.0
4689,710,2026-08-15 20:44:07.249450,1301.06,net_banking,insufficient_funds,20,5,103.4,2,0,0,0,0.159,0,LINK_NOW,10,0,0.0
4690,233,2026-08-15 21:35:40.988198,948.44,debit_card,risk_declined,21,5,189.5,4,2,0,2,0.065,0,LINK_AFTER_2H,123,1,890.75
4691,71,2026-08-15 22:27:14.726945,2273.54,net_banking,insufficient_funds,22,5,98.3,1,1,0,1,0.186,0,LINK_NEXT_MORNING,717,0,0.0
4692,173,2026-08-15 23:18:48.465693,952.3,credit_card,insufficient_funds,23,5,204.8,5,0,0,1,0.167,0,LINK_NEXT_MORNING,575,0,0.0
4693,713,2026-08-16 00:10:22.204441,884.6,credit_card,insufficient_funds,0,6,92.3,0,0,0,1,0.056,1,LINK_AFTER_2H,121,0,0.0
4694,233,2026-08-16 01:01:55.943189,2596.36,debit_card,bank_limit_exceeded,1,6,189.5,4,2,0,2,0.198,0,LINK_NOW,16,0,0.0
4695,173,2026-08-16 01:53:29.681936,8102.62,debit_card,insufficient_funds,1,6,204.8,5,0,0,2,0.351,0,HUMAN_REVIEW,34,0,0.0
4696,594,2026-08-16 02:45:03.420684,1532.74,debit_card,card_blocked,2,6,29.0,3,1,0,2,0.033,0,LINK_AFTER_2H,121,0,0.0
4697,710,2026-08-16 03:36:37.159432,3016.18,net_banking,insufficient_funds,3,6,103.4,2,0,0,1,0.453,0,LINK_NEXT_MORNING,612,0,0.0
4698,459,2026-08-16 04:28:10.898180,2985.14,debit_card,temporary_network_issue,4,6,17.7,3,2,1,2,0.033,0,LINK_NOW,0,1,2808.36
4699,233,2026-08-16 05:19:44.636927,824.1,net_banking,bank_limit_exceeded,5,6,189.5,4,2,0,1,0.262,0,NO_CONTACT,0,1,797.57
4700,551,2026-08-16 06:11:18.375675,12147.38,debit_card,insufficient_funds,6,6,231.9,1,2,2,0,0.481,0,NO_CONTACT,0,1,10229.83
4701,193,2026-08-16 07:02:52.114423,1515.84,net_banking,risk_declined,7,6,318.6,1,3,0,1,0.198,0,LINK_NEXT_MORNING,677,0,0.0
4702,71,2026-08-16 07:54:25.853171,1041.31,debit_card,bank_limit_exceeded,7,6,98.3,1,1,0,1,0.435,0,LINK_NOW,6,0,0.0
4703,459,2026-08-16 08:45:59.591918,10843.54,upi,card_blocked,8,6,17.7,3,2,1,1,0.042,0,NO_CONTACT,0,0,0.0
4704,710,2026-08-16 09:37:33.330666,3660.31,debit_card,insufficient_funds,9,6,103.4,2,0,0,2,0.18,0,LINK_NEXT_MORNING,632,1,3122.34
4705,594,2026-08-16 10:29:07.069414,7202.95,debit_card,risk_declined,10,6,29.0,3,1,0,0,0.117,0,LINK_AFTER_2H,116,0,0.0
4706,302,2026-08-16 11:20:40.808162,763.98,net_banking,risk_declined,11,6,25.0,6,0,2,1,0.158,0,NO_CONTACT,0,0,0.0
4707,222,2026-08-16 12:12:14.546909,23807.5,debit_card,bank_limit_exceeded,12,6,220.2,1,1,0,0,0.253,0,HUMAN_REVIEW,107,1,20152.76
4708,521,2026-08-16 13:03:48.285657,531.7,debit_card,risk_declined,13,6,249.5,2,2,1,0,0.292,0,LINK_AFTER_2H,137,0,0.0
4709,253,2026-08-16 13:55:22.024405,6469.42,upi,temporary_network_issue,13,6,310.8,2,1,0,0,0.493,0,LINK_NEXT_MORNING,552,0,0.0
4710,412,2026-08-16 14:46:55.763153,5388.97,net_banking,card_blocked,14,6,13.3,1,0,1,2,0.21,0,HUMAN_REVIEW,57,0,0.0
4711,193,2026-08-16 15:38:29.501900,2028.82,upi,temporary_network_issue,15,6,318.6,1,3,0,1,0.069,0,LINK_NEXT_MORNING,567,0,0.0
4712,233,2026-08-16 16:30:03.240648,6880.57,net_banking,temporary_network_issue,16,6,189.5,4,2,0,3,0.375,0,LINK_NOW,8,0,0.0
4713,83,2026-08-16 17:21:36.979396,426.14,credit_card,card_blocked,17,6,208.1,4,0,0,1,0.04,0,LINK_AFTER_2H,125,0,0.0
4714,594,2026-08-16 18:13:10.718144,2388.33,upi,risk_declined,18,6,29.0,3,1,0,1,0.287,0,NO_CONTACT,0,0,0.0
4715,434,2026-08-16 19:04:44.456891,6848.92,upi,card_blocked,19,6,197.7,1,2,0,1,0.27,0,NO_CONTACT,0,0,0.0
4716,233,2026-08-16 19:56:18.195639,8989.1,credit_card,risk_declined,19,6,189.5,4,2,0,0,0.034,0,LINK_NOW,6,0,0.0
4717,710,2026-08-16 20:47:51.934387,6840.15,credit_card,insufficient_funds,20,6,103.4,2,0,0,0,0.313,0,NO_CONTACT,0,0,0.0
4718,134,2026-08-16 21:39:25.673135,199.0,net_banking,temporary_network_issue,21,6,90.5,1,1,0,0,0.117,0,NO_CONTACT,0,0,0.0
4719,91,2026-08-16 22:30:59.411882,6506.25,credit_card,insufficient_funds,22,6,286.8,1,3,0,0,0.158,0,HUMAN_REVIEW,85,1,6370.62
4720,749,2026-08-16 23:22:33.150630,3320.21,debit_card,insufficient_funds,23,6,27.7,2,2,1,1,0.33,0,LINK_NOW,1,0,0.0
4721,233,2026-08-17 00:14:06.889378,12595.98,wallet,temporary_network_issue,0,0,189.5,4,2,0,0,0.213,0,LINK_NOW,2,0,0.0
4722,83,2026-08-17 01:05:40.628126,2322.13,credit_card,bank_limit_exceeded,1,0,208.1,4,0,0,3,0.289,0,NO_CONTACT,0,0,0.0
4723,747,2026-08-17 01:57:14.366873,255.83,credit_card,temporary_network_issue,1,0,19.4,2,2,1,0,0.136,0,LINK_AFTER_2H,110,0,0.0
4724,23,2026-08-17 02:48:48.105621,2387.71,net_banking,insufficient_funds,2,0,171.9,0,4,0,2,0.225,0,LINK_NEXT_MORNING,518,0,0.0
4725,58,2026-08-17 03:40:21.844369,416.75,credit_card,temporary_network_issue,3,0,17.4,3,0,1,3,0.25,0,HUMAN_REVIEW,66,0,0.0
4726,233,2026-08-17 04:31:55.583117,3130.1,upi,card_blocked,4,0,189.5,4,2,0,2,0.295,0,LINK_AFTER_2H,131,0,0.0
4727,596,2026-08-17 05:23:29.321864,710.81,credit_card,temporary_network_issue,5,0,7.4,2,2,0,0,0.271,0,LINK_NOW,3,0,0.0
4728,71,2026-08-17 06:15:03.060612,12426.6,debit_card,temporary_network_issue,6,0,98.3,1,1,0,1,0.126,0,LINK_AFTER_2H,91,0,0.0
4729,747,2026-08-17 07:06:36.799360,2803.91,credit_card,insufficient_funds,7,0,19.4,2,2,1,2,0.32,0,NO_CONTACT,0,0,0.0
4730,233,2026-08-17 07:58:10.538108,210.38,net_banking,insufficient_funds,7,0,189.5,4,2,0,1,0.117,0,LINK_NEXT_MORNING,496,1,171.03
4731,233,2026-08-17 08:49:44.276855,12691.4,net_banking,card_blocked,8,0,189.5,4,2,0,2,0.242,0,LINK_NOW,18,0,0.0
4732,193,2026-08-17 09:41:18.015603,41584.38,upi,temporary_network_issue,9,0,318.6,1,3,0,1,0.061,0,HUMAN_REVIEW,83,1,38706.55
4733,594,2026-08-17 10:32:51.754351,1012.71,debit_card,insufficient_funds,10,0,29.0,3,1,0,3,0.151,0,LINK_NEXT_MORNING,584,1,948.82
4734,459,2026-08-17 11:24:25.493099,528.9,upi,bank_limit_exceeded,11,0,17.7,3,2,1,0,0.099,0,LINK_AFTER_2H,118,1,449.04
4735,57,2026-08-17 12:15:59.231846,573.41,net_banking,insufficient_funds,12,0,478.5,3,0,0,1,0.233,0,LINK_NOW,24,0,0.0
4736,125,2026-08-17 13:07:32.970594,199.0,upi,insufficient_funds,13,0,176.2,1,4,0,2,0.175,0,NO_CONTACT,0,0,0.0
4737,314,2026-08-17 13:59:06.709342,4393.89,debit_card,card_blocked,13,0,126.7,3,7,0,0,0.138,0,NO_CONTACT,0,0,0.0
4738,193,2026-08-17 14:50:40.448090,1071.83,debit_card,card_blocked,14,0,318.6,1,3,0,0,0.149,0,LINK_AFTER_2H,110,1,1024.88
4739,401,2026-08-17 15:42:14.186837,989.69,debit_card,insufficient_funds,15,0,186.8,3,1,0,1,0.222,0,LINK_AFTER_2H,108,0,0.0
4740,58,2026-08-17 16:33:47.925585,1650.12,credit_card,card_blocked,16,0,17.4,3,0,1,1,0.232,0,NO_CONTACT,0,0,0.0
4741,459,2026-08-17 17:25:21.664333,12040.75,net_banking,insufficient_funds,17,0,17.7,3,2,1,1,0.094,0,LINK_NEXT_MORNING,636,0,0.0
4742,83,2026-08-17 18:16:55.403081,1633.17,upi,bank_limit_exceeded,18,0,208.1,4,0,0,1,0.451,0,NO_CONTACT,0,0,0.0
4743,193,2026-08-17 19:08:29.141828,1331.67,net_banking,card_blocked,19,0,318.6,1,3,0,4,0.161,0,NO_CONTACT,0,0,0.0
4744,71,2026-08-17 20:00:02.880576,712.71,debit_card,insufficient_funds,20,0,98.3,1,1,0,2,0.155,0,LINK_NEXT_MORNING,610,1,627.26
4745,222,2026-08-17 20:51:36.619324,4263.38,debit_card,insufficient_funds,20,0,220.2,1,1,0,0,0.552,0,LINK_NEXT_MORNING,710,0,0.0
4746,193,2026-08-17 21:43:10.358072,741.28,credit_card,temporary_network_issue,21,0,318.6,1,3,0,1,0.162,0,LINK_NOW,11,0,0.0
4747,233,2026-08-17 22:34:44.096819,1348.01,wallet,card_blocked,22,0,189.5,4,2,0,1,0.009,0,LINK_NEXT_MORNING,534,0,0.0
4748,193,2026-08-17 23:26:17.835567,8956.93,debit_card,risk_declined,23,0,318.6,1,3,0,3,0.41,0,NO_CONTACT,0,0,0.0
4749,193,2026-08-18 00:17:51.574315,458.76,debit_card,bank_limit_exceeded,0,1,318.6,1,3,0,0,0.246,0,LINK_NOW,11,1,453.86
4750,589,2026-08-18 01:09:25.313063,300.85,debit_card,temporary_network_issue,1,1,57.5,1,1,0,0,0.252,0,LINK_NEXT_MORNING,658,1,246.1
4751,83,2026-08-18 02:00:59.051810,1194.47,credit_card,risk_declined,2,1,208.1,4,0,0,2,0.249,0,LINK_AFTER_2H,115,1,1033.0
4752,173,2026-08-18 02:52:32.790558,2095.11,credit_card,temporary_network_issue,2,1,204.8,5,0,0,4,0.14,0,HUMAN_REVIEW,68,1,1746.45
4753,83,2026-08-18 03:44:06.529306,3922.99,debit_card,temporary_network_issue,3,1,208.1,4,0,0,3,0.274,0,NO_CONTACT,0,0,0.0
4754,233,2026-08-18 04:35:40.268054,2118.87,upi,card_blocked,4,1,189.5,4,2,0,1,0.31,0,HUMAN_REVIEW,60,0,0.0
4755,91,2026-08-18 05:27:14.006801,2569.11,upi,insufficient_funds,5,1,286.8,1,3,0,2,0.302,0,LINK_AFTER_2H,97,0,0.0
4756,459,2026-08-18 06:18:47.745549,17012.79,upi,insufficient_funds,6,1,17.7,3,2,1,0,0.13,0,NO_CONTACT,0,0,0.0
4757,91,2026-08-18 07:10:21.484297,4339.83,upi,risk_declined,7,1,286.8,1,3,0,2,0.265,0,NO_CONTACT,0,0,0.0
4758,233,2026-08-18 08:01:55.223045,1549.68,credit_card,temporary_network_issue,8,1,189.5,4,2,0,0,0.399,0,NO_CONTACT,0,0,0.0
4759,520,2026-08-18 08:53:28.961792,2249.54,credit_card,bank_limit_exceeded,8,1,129.4,0,0,0,1,0.076,0,LINK_NEXT_MORNING,642,0,0.0
4760,233,2026-08-18 09:45:02.700540,1829.62,credit_card,insufficient_funds,9,1,189.5,4,2,0,2,0.529,0,LINK_NOW,4,0,0.0
4761,233,2026-08-18 10:36:36.439288,6362.23,net_banking,insufficient_funds,10,1,189.5,4,2,0,1,0.101,0,NO_CONTACT,0,0,0.0
4762,71,2026-08-18 11:28:10.178036,12663.67,net_banking,temporary_network_issue,11,1,98.3,1,1,0,0,0.128,0,LINK_AFTER_2H,149,1,11902.49
4763,83,2026-08-18 12:19:43.916783,2097.89,net_banking,temporary_network_issue,12,1,208.1,4,0,0,0,0.512,0,LINK_AFTER_2H,149,1,1689.59
4764,459,2026-08-18 13:11:17.655531,544.18,debit_card,bank_limit_exceeded,13,1,17.7,3,2,1,0,0.389,0,LINK_AFTER_2H,116,0,0.0
4765,149,2026-08-18 14:02:51.394279,10167.0,debit_card,insufficient_funds,14,1,349.7,0,1,0,0,0.161,0,NO_CONTACT,0,0,0.0
4766,228,2026-08-18 14:54:25.133027,852.02,debit_card,temporary_network_issue,14,1,185.0,5,0,1,1,0.219,0,LINK_NOW,25,0,0.0
4767,193,2026-08-18 15:45:58.871774,2784.4,credit_card,temporary_network_issue,15,1,318.6,1,3,0,1,0.029,0,NO_CONTACT,0,0,0.0
4768,125,2026-08-18 16:37:32.610522,199.0,upi,risk_declined,16,1,176.2,1,4,0,2,0.025,0,LINK_NOW,26,1,191.93
4769,666,2026-08-18 17:29:06.349270,1077.14,upi,temporary_network_issue,17,1,317.0,2,1,0,2,0.482,0,LINK_NOW,28,1,1076.78
4770,594,2026-08-18 18:20:40.088018,5975.45,debit_card,card_blocked,18,1,29.0,3,1,0,1,0.144,0,LINK_NEXT_MORNING,492,0,0.0
4771,717,2026-08-18 19:12:13.826765,5319.22,net_banking,risk_declined,19,1,127.8,4,2,1,2,0.243,0,HUMAN_REVIEW,52,0,0.0
4772,193,2026-08-18 20:03:47.565513,730.94,debit_card,insufficient_funds,20,1,318.6,1,3,0,2,0.118,1,HUMAN_REVIEW,94,0,0.0
4773,233,2026-08-18 20:55:21.304261,3807.9,credit_card,bank_limit_exceeded,20,1,189.5,4,2,0,2,0.164,0,LINK_NOW,17,0,0.0
4774,233,2026-08-18 21:46:55.043009,199.0,credit_card,risk_declined,21,1,189.5,4,2,0,2,0.094,1,HUMAN_REVIEW,108,1,184.44
4775,459,2026-08-18 22:38:28.781756,635.95,credit_card,temporary_network_issue,22,1,17.7,3,2,1,1,0.237,0,LINK_NOW,12,1,548.98
4776,91,2026-08-18 23:30:02.520504,840.48,net_banking,card_blocked,23,1,286.8,1,3,0,0,0.036,0,NO_CONTACT,0,0,0.0
4777,459,2026-08-19 00:21:36.259252,7777.56,credit_card,risk_declined,0,2,17.7,3,2,1,2,0.043,0,LINK_NEXT_MORNING,711,0,0.0
4778,514,2026-08-19 01:13:09.998000,1691.04,upi,risk_declined,1,2,3.3,2,2,1,1,0.166,0,LINK_AFTER_2H,94,1,1536.6
4779,233,2026-08-19 02:04:43.736747,4194.34,wallet,insufficient_funds,2,2,189.5,4,2,0,0,0.149,0,LINK_NEXT_MORNING,710,0,0.0
4780,598,2026-08-19 02:56:17.475495,5684.67,credit_card,card_blocked,2,2,20.9,2,1,0,3,0.392,0,LINK_NOW,25,0,0.0
4781,594,2026-08-19 03:47:51.214243,2425.23,credit_card,insufficient_funds,3,2,29.0,3,1,0,0,0.299,0,LINK_NOW,14,1,2419.71
4782,605,2026-08-19 04:39:24.952991,11494.73,net_banking,insufficient_funds,4,2,310.1,1,0,1,3,0.464,0,HUMAN_REVIEW,100,0,0.0
4783,233,2026-08-19 05:30:58.691738,879.97,upi,risk_declined,5,2,189.5,4,2,0,1,0.338,0,HUMAN_REVIEW,51,0,0.0
4784,71,2026-08-19 06:22:32.430486,3116.75,debit_card,risk_declined,6,2,98.3,1,1,0,1,0.1,0,NO_CONTACT,0,0,0.0
4785,799,2026-08-19 07:14:06.169234,201.69,debit_card,temporary_network_issue,7,2,78.2,3,1,1,2,0.227,0,LINK_NEXT_MORNING,680,0,0.0
4786,710,2026-08-19 08:05:39.907982,5360.13,upi,temporary_network_issue,8,2,103.4,2,0,0,1,0.055,0,LINK_NOW,27,0,0.0
4787,710,2026-08-19 08:57:13.646729,4877.23,debit_card,card_blocked,8,2,103.4,2,0,0,1,0.333,0,LINK_AFTER_2H,90,0,0.0
4788,193,2026-08-19 09:48:47.385477,1491.12,credit_card,bank_limit_exceeded,9,2,318.6,1,3,0,1,0.377,0,LINK_NOW,14,0,0.0
4789,125,2026-08-19 10:40:21.124225,1194.43,wallet,temporary_network_issue,10,2,176.2,1,4,0,1,0.24,0,LINK_NEXT_MORNING,660,0,0.0
4790,481,2026-08-19 11:31:54.862973,8955.73,credit_card,insufficient_funds,11,2,62.9,0,1,1,2,0.273,0,LINK_NOW,29,1,7310.27
4791,233,2026-08-19 12:23:28.601720,1261.05,credit_card,risk_declined,12,2,189.5,4,2,0,0,0.081,0,LINK_NEXT_MORNING,546,1,1126.73
4792,92,2026-08-19 13:15:02.340468,7848.83,debit_card,insufficient_funds,13,2,24.6,4,1,0,1,0.136,0,NO_CONTACT,0,0,0.0
4793,71,2026-08-19 14:06:36.079216,1333.27,credit_card,insufficient_funds,14,2,98.3,1,1,0,3,0.229,0,NO_CONTACT,0,0,0.0
4794,459,2026-08-19 14:58:09.817964,4274.03,wallet,card_blocked,14,2,17.7,3,2,1,1,0.26,0,LINK_NOW,5,0,0.0
4795,747,2026-08-19 15:49:43.556711,523.82,debit_card,temporary_network_issue,15,2,19.4,2,2,1,2,0.03,0,HUMAN_REVIEW,34,0,0.0
4796,193,2026-08-19 16:41:17.295459,1246.19,upi,temporary_network_issue,16,2,318.6,1,3,0,2,0.101,0,HUMAN_REVIEW,97,1,1113.83
4797,71,2026-08-19 17:32:51.034207,2832.68,credit_card,risk_declined,17,2,98.3,1,1,0,1,0.234,0,LINK_NEXT_MORNING,663,0,0.0
4798,257,2026-08-19 18:24:24.772955,25746.66,credit_card,insufficient_funds,18,2,335.3,2,0,0,1,0.012,1,LINK_NOW,24,0,0.0
4799,193,2026-08-19 19:15:58.511702,10611.8,net_banking,insufficient_funds,19,2,318.6,1,3,0,2,0.368,0,NO_CONTACT,0,0,0.0
4800,747,2026-08-19 20:07:32.250450,1636.91,upi,insufficient_funds,20,2,19.4,2,2,1,0,0.16,1,LINK_NEXT_MORNING,554,1,1586.8
4801,459,2026-08-19 20:59:05.989198,11811.18,credit_card,insufficient_funds,20,2,17.7,3,2,1,1,0.279,0,LINK_NOW,29,0,0.0
4802,233,2026-08-19 21:50:39.727946,1917.1,net_banking,temporary_network_issue,21,2,189.5,4,2,0,0,0.144,0,LINK_AFTER_2H,132,0,0.0
4803,222,2026-08-19 22:42:13.466693,5858.79,credit_card,temporary_network_issue,22,2,220.2,1,1,0,1,0.449,0,LINK_AFTER_2H,103,0,0.0
4804,710,2026-08-19 23:33:47.205441,1926.24,upi,risk_declined,23,2,103.4,2,0,0,0,0.33,0,NO_CONTACT,0,0,0.0
4805,71,2026-08-20 00:25:20.944189,976.28,upi,risk_declined,0,3,98.3,1,1,0,0,0.333,0,HUMAN_REVIEW,118,0,0.0
4806,91,2026-08-20 01:16:54.682937,1357.61,net_banking,temporary_network_issue,1,3,286.8,1,3,0,2,0.149,0,HUMAN_REVIEW,81,1,1200.8
4807,459,2026-08-20 02:08:28.421684,274.74,net_banking,insufficient_funds,2,3,17.7,3,2,1,2,0.208,0,NO_CONTACT,0,0,0.0
4808,359,2026-08-20 03:00:02.160432,1345.87,credit_card,temporary_network_issue,3,3,102.4,2,1,0,4,0.205,0,HUMAN_REVIEW,56,0,0.0
4809,233,2026-08-20 03:51:35.899180,595.38,credit_card,card_blocked,3,3,189.5,4,2,0,0,0.2,1,LINK_AFTER_2H,118,0,0.0
4810,326,2026-08-20 04:43:09.637928,3654.86,credit_card,insufficient_funds,4,3,720.0,2,2,0,2,0.044,0,NO_CONTACT,0,0,0.0
4811,71,2026-08-20 05:34:43.376675,6543.16,debit_card,risk_declined,5,3,98.3,1,1,0,6,0.045,0,LINK_NEXT_MORNING,531,0,0.0
4812,615,2026-08-20 06:26:17.115423,1474.7,upi,insufficient_funds,6,3,403.1,2,2,1,0,0.401,1,HUMAN_REVIEW,30,0,0.0
4813,747,2026-08-20 07:17:50.854171,481.79,debit_card,bank_limit_exceeded,7,3,19.4,2,2,1,0,0.127,0,HUMAN_REVIEW,75,0,0.0
4814,573,2026-08-20 08:09:24.592919,8418.75,credit_card,temporary_network_issue,8,3,72.3,2,2,0,0,0.34,0,LINK_NEXT_MORNING,612,0,0.0
4815,233,2026-08-20 09:00:58.331666,1573.59,upi,risk_declined,9,3,189.5,4,2,0,1,0.095,0,LINK_AFTER_2H,145,1,1510.7
4816,521,2026-08-20 09:52:32.070414,9866.27,wallet,card_blocked,9,3,249.5,2,2,1,1,0.21,0,NO_CONTACT,0,0,0.0
4817,314,2026-08-20 10:44:05.809162,3528.63,debit_card,temporary_network_issue,10,3,126.7,3,7,0,2,0.554,0,LINK_AFTER_2H,110,1,2936.86
4818,193,2026-08-20 11:35:39.547910,23523.12,debit_card,card_blocked,11,3,318.6,1,3,0,0,0.256,0,LINK_NEXT_MORNING,583,0,0.0
4819,459,2026-08-20 12:27:13.286657,1955.07,credit_card,risk_declined,12,3,17.7,3,2,1,0,0.019,0,NO_CONTACT,0,0,0.0
4820,83,2026-08-20 13:18:47.025405,212.96,debit_card,card_blocked,13,3,208.1,4,0,0,2,0.215,0,LINK_NOW,4,0,0.0
4821,233,2026-08-20 14:10:20.764153,2954.87,debit_card,risk_declined,14,3,189.5,4,2,0,1,0.216,0,LINK_NOW,1,0,0.0
4822,91,2026-08-20 15:01:54.502901,784.18,wallet,insufficient_funds,15,3,286.8,1,3,0,0,0.266,0,HUMAN_REVIEW,95,1,669.53
4823,71,2026-08-20 15:53:28.241648,770.89,net_banking,insufficient_funds,15,3,98.3,1,1,0,1,0.027,0,LINK_NEXT_MORNING,652,1,645.38
4824,233,2026-08-20 16:45:01.980396,11765.31,upi,insufficient_funds,16,3,189.5,4,2,0,2,0.29,0,LINK_NOW,18,1,11223.02
4825,233,2026-08-20 17:36:35.719144,3478.05,credit_card,risk_declined,17,3,189.5,4,2,0,3,0.112,0,LINK_NOW,27,0,0.0
4826,706,2026-08-20 18:28:09.457892,1064.11,debit_card,insufficient_funds,18,3,40.0,1,5,0,1,0.269,0,NO_CONTACT,0,0,0.0
4827,29,2026-08-20 19:19:43.196639,2598.6,credit_card,risk_declined,19,3,275.0,6,1,0,1,0.256,0,NO_CONTACT,0,0,0.0
4828,459,2026-08-20 20:11:16.935387,2579.99,upi,temporary_network_issue,20,3,17.7,3,2,1,0,0.182,0,LINK_AFTER_2H,107,0,0.0
4829,710,2026-08-20 21:02:50.674135,259.35,credit_card,insufficient_funds,21,3,103.4,2,0,0,1,0.164,0,NO_CONTACT,0,0,0.0
4830,193,2026-08-20 21:54:24.412883,7004.01,debit_card,temporary_network_issue,21,3,318.6,1,3,0,1,0.119,0,HUMAN_REVIEW,44,0,0.0
4831,91,2026-08-20 22:45:58.151630,6068.55,credit_card,insufficient_funds,22,3,286.8,1,3,0,1,0.366,0,LINK_NEXT_MORNING,653,0,0.0
4832,91,2026-08-20 23:37:31.890378,1611.66,net_banking,temporary_network_issue,23,3,286.8,1,3,0,3,0.042,0,LINK_NEXT_MORNING,512,0,0.0
4833,193,2026-08-21 00:29:05.629126,3286.01,debit_card,temporary_network_issue,0,4,318.6,1,3,0,1,0.38,0,LINK_NEXT_MORNING,490,0,0.0
4834,233,2026-08-21 01:20:39.367874,573.16,debit_card,insufficient_funds,1,4,189.5,4,2,0,2,0.288,0,LINK_NEXT_MORNING,658,0,0.0
4835,233,2026-08-21 02:12:13.106621,24719.1,credit_card,risk_declined,2,4,189.5,4,2,0,3,0.171,0,NO_CONTACT,0,0,0.0
4836,459,2026-08-21 03:03:46.845369,7574.78,debit_card,temporary_network_issue,3,4,17.7,3,2,1,2,0.218,0,LINK_AFTER_2H,118,1,6170.09
4837,710,2026-08-21 03:55:20.584117,1330.17,net_banking,temporary_network_issue,3,4,103.4,2,0,0,2,0.184,0,LINK_NOW,28,1,1117.92
4838,222,2026-08-21 04:46:54.322865,666.94,wallet,risk_declined,4,4,220.2,1,1,0,2,0.09,0,LINK_NOW,7,1,606.17
4839,747,2026-08-21 05:38:28.061612,1386.61,credit_card,insufficient_funds,5,4,19.4,2,2,1,1,0.196,0,LINK_AFTER_2H,90,0,0.0
4840,710,2026-08-21 06:30:01.800360,996.09,upi,temporary_network_issue,6,4,103.4,2,0,0,0,0.143,0,LINK_NOW,29,0,0.0
4841,193,2026-08-21 07:21:35.539108,4097.84,debit_card,temporary_network_issue,7,4,318.6,1,3,0,2,0.241,0,LINK_NEXT_MORNING,586,0,0.0
4842,91,2026-08-21 08:13:09.277856,1405.13,credit_card,temporary_network_issue,8,4,286.8,1,3,0,3,0.034,0,NO_CONTACT,0,1,1325.25
4843,193,2026-08-21 09:04:43.016603,294.77,net_banking,insufficient_funds,9,4,318.6,1,3,0,2,0.294,0,LINK_AFTER_2H,142,0,0.0
4844,233,2026-08-21 09:56:16.755351,1481.9,debit_card,insufficient_funds,9,4,189.5,4,2,0,0,0.091,0,HUMAN_REVIEW,103,0,0.0
4845,83,2026-08-21 10:47:50.494099,1035.79,credit_card,temporary_network_issue,10,4,208.1,4,0,0,3,0.083,0,LINK_NOW,5,0,0.0
4846,91,2026-08-21 11:39:24.232847,6672.4,net_banking,insufficient_funds,11,4,286.8,1,3,0,0,0.114,0,LINK_NEXT_MORNING,524,0,0.0
4847,193,2026-08-21 12:30:57.971594,28161.74,debit_card,insufficient_funds,12,4,318.6,1,3,0,1,0.072,0,LINK_NEXT_MORNING,542,1,23828.23
4848,233,2026-08-21 13:22:31.710342,2210.44,net_banking,insufficient_funds,13,4,189.5,4,2,0,2,0.135,0,LINK_AFTER_2H,90,0,0.0
4849,233,2026-08-21 14:14:05.449090,2813.15,net_banking,temporary_network_issue,14,4,189.5,4,2,0,1,0.205,1,NO_CONTACT,0,0,0.0
4850,685,2026-08-21 15:05:39.187838,954.78,debit_card,insufficient_funds,15,4,581.8,1,2,0,2,0.156,0,HUMAN_REVIEW,38,0,0.0
4851,459,2026-08-21 15:57:12.926585,5560.52,debit_card,card_blocked,15,4,17.7,3,2,1,2,0.273,0,LINK_AFTER_2H,139,0,0.0
4852,35,2026-08-21 16:48:46.665333,1916.42,credit_card,risk_declined,16,4,1.5,0,0,0,2,0.143,0,LINK_AFTER_2H,141,0,0.0
4853,193,2026-08-21 17:40:20.404081,2611.89,debit_card,card_blocked,17,4,318.6,1,3,0,1,0.273,0,HUMAN_REVIEW,84,1,2197.12
4854,71,2026-08-21 18:31:54.142829,6776.91,credit_card,risk_declined,18,4,98.3,1,1,0,3,0.218,0,NO_CONTACT,0,0,0.0
4855,193,2026-08-21 19:23:27.881576,5209.66,credit_card,card_blocked,19,4,318.6,1,3,0,0,0.168,0,LINK_AFTER_2H,132,0,0.0
4856,71,2026-08-21 20:15:01.620324,1786.28,debit_card,temporary_network_issue,20,4,98.3,1,1,0,1,0.181,0,LINK_NEXT_MORNING,600,0,0.0
4857,747,2026-08-21 21:06:35.359072,6436.92,credit_card,insufficient_funds,21,4,19.4,2,2,1,2,0.341,0,LINK_NEXT_MORNING,495,1,6204.49
4858,233,2026-08-21 21:58:09.097820,19188.13,net_banking,insufficient_funds,21,4,189.5,4,2,0,3,0.316,0,NO_CONTACT,0,0,0.0
4859,314,2026-08-21 22:49:42.836567,3623.33,debit_card,insufficient_funds,22,4,126.7,3,7,0,0,0.133,0,LINK_NEXT_MORNING,482,0,0.0
4860,234,2026-08-21 23:41:16.575315,4683.03,upi,insufficient_funds,23,4,223.6,1,3,1,1,0.231,0,HUMAN_REVIEW,71,0,0.0
4861,710,2026-08-22 00:32:50.314063,5093.82,debit_card,bank_limit_exceeded,0,5,103.4,2,0,0,3,0.117,0,LINK_NEXT_MORNING,481,1,4305.44
4862,537,2026-08-22 01:24:24.052811,713.1,debit_card,bank_limit_exceeded,1,5,23.1,4,5,0,2,0.338,0,LINK_AFTER_2H,149,0,0.0
4863,233,2026-08-22 02:15:57.791558,4457.84,net_banking,insufficient_funds,2,5,189.5,4,2,0,2,0.254,0,HUMAN_REVIEW,101,1,3815.63
4864,71,2026-08-22 03:07:31.530306,2117.84,wallet,temporary_network_issue,3,5,98.3,1,1,0,0,0.231,0,HUMAN_REVIEW,47,0,0.0
4865,233,2026-08-22 03:59:05.269054,11281.67,upi,temporary_network_issue,3,5,189.5,4,2,0,4,0.322,0,LINK_NEXT_MORNING,540,0,0.0
4866,293,2026-08-22 04:50:39.007802,2963.83,debit_card,card_blocked,4,5,602.6,4,1,0,2,0.16,0,LINK_NEXT_MORNING,538,1,2562.52
4867,459,2026-08-22 05:42:12.746549,1363.05,net_banking,card_blocked,5,5,17.7,3,2,1,2,0.184,0,LINK_NOW,2,0,0.0
4868,71,2026-08-22 06:33:46.485297,1703.14,debit_card,insufficient_funds,6,5,98.3,1,1,0,4,0.196,0,LINK_NOW,5,0,0.0
4869,314,2026-08-22 07:25:20.224045,19845.95,debit_card,card_blocked,7,5,126.7,3,7,0,0,0.081,0,LINK_NEXT_MORNING,716,1,17548.83
4870,173,2026-08-22 08:16:53.962793,50000.0,net_banking,card_blocked,8,5,204.8,5,0,0,0,0.165,0,NO_CONTACT,0,1,44534.18
4871,233,2026-08-22 09:08:27.701540,4043.44,debit_card,temporary_network_issue,9,5,189.5,4,2,0,3,0.108,0,HUMAN_REVIEW,42,0,0.0
4872,459,2026-08-22 10:00:01.440288,1084.71,debit_card,temporary_network_issue,10,5,17.7,3,2,1,1,0.146,0,HUMAN_REVIEW,44,0,0.0
4873,459,2026-08-22 10:51:35.179036,484.99,net_banking,bank_limit_exceeded,10,5,17.7,3,2,1,3,0.186,0,NO_CONTACT,0,0,0.0
4874,173,2026-08-22 11:43:08.917784,1406.1,upi,risk_declined,11,5,204.8,5,0,0,2,0.337,0,LINK_NEXT_MORNING,565,1,1199.21
4875,412,2026-08-22 12:34:42.656531,2681.09,debit_card,temporary_network_issue,12,5,13.3,1,0,1,1,0.239,0,NO_CONTACT,0,0,0.0
4876,193,2026-08-22 13:26:16.395279,1346.34,net_banking,insufficient_funds,13,5,318.6,1,3,0,1,0.106,0,LINK_AFTER_2H,108,0,0.0
4877,233,2026-08-22 14:17:50.134027,584.8,debit_card,temporary_network_issue,14,5,189.5,4,2,0,0,0.16,0,LINK_NEXT_MORNING,651,1,475.21
4878,233,2026-08-22 15:09:23.872775,3931.81,debit_card,card_blocked,15,5,189.5,4,2,0,0,0.234,0,LINK_NOW,7,0,0.0
4879,193,2026-08-22 16:00:57.611522,1663.44,net_banking,insufficient_funds,16,5,318.6,1,3,0,1,0.193,0,HUMAN_REVIEW,107,0,0.0
4880,91,2026-08-22 16:52:31.350270,1851.99,upi,temporary_network_issue,16,5,286.8,1,3,0,3,0.149,0,HUMAN_REVIEW,116,0,0.0
4881,594,2026-08-22 17:44:05.089018,3866.1,debit_card,insufficient_funds,17,5,29.0,3,1,0,1,0.139,0,LINK_AFTER_2H,114,0,0.0
4882,193,2026-08-22 18:35:38.827766,1703.39,upi,insufficient_funds,18,5,318.6,1,3,0,0,0.097,0,LINK_NEXT_MORNING,640,1,1579.7
4883,233,2026-08-22 19:27:12.566513,50000.0,debit_card,insufficient_funds,19,5,189.5,4,2,0,6,0.167,0,NO_CONTACT,0,0,0.0
4884,443,2026-08-22 20:18:46.305261,4997.42,upi,insufficient_funds,20,5,59.3,1,1,0,1,0.102,0,LINK_NOW,0,0,0.0
4885,233,2026-08-22 21:10:20.044009,451.06,upi,temporary_network_issue,21,5,189.5,4,2,0,3,0.061,0,LINK_NEXT_MORNING,544,1,429.17
4886,233,2026-08-22 22:01:53.782757,6293.11,upi,risk_declined,22,5,189.5,4,2,0,0,0.434,0,HUMAN_REVIEW,46,1,5652.82
4887,83,2026-08-22 22:53:27.521504,5297.43,wallet,temporary_network_issue,22,5,208.1,4,0,0,1,0.198,0,HUMAN_REVIEW,111,0,0.0
4888,71,2026-08-22 23:45:01.260252,3878.88,credit_card,temporary_network_issue,23,5,98.3,1,1,0,1,0.035,0,NO_CONTACT,0,1,3234.2
4889,596,2026-08-23 00:36:34.999000,13836.18,debit_card,risk_declined,0,6,7.4,2,2,0,1,0.381,1,LINK_AFTER_2H,141,1,12990.09
4890,193,2026-08-23 01:28:08.737748,4257.68,net_banking,insufficient_funds,1,6,318.6,1,3,0,0,0.207,0,NO_CONTACT,0,0,0.0
4891,594,2026-08-23 02:19:42.476495,791.61,net_banking,insufficient_funds,2,6,29.0,3,1,0,0,0.036,0,HUMAN_REVIEW,118,1,635.21
4892,233,2026-08-23 03:11:16.215243,820.67,upi,insufficient_funds,3,6,189.5,4,2,0,5,0.233,0,LINK_NEXT_MORNING,494,0,0.0
4893,459,2026-08-23 04:02:49.953991,1633.15,credit_card,risk_declined,4,6,17.7,3,2,1,1,0.115,0,HUMAN_REVIEW,80,0,0.0
4894,357,2026-08-23 04:54:23.692739,7246.13,net_banking,card_blocked,4,6,149.2,0,0,0,0,0.214,0,LINK_AFTER_2H,116,0,0.0
4895,314,2026-08-23 05:45:57.431486,928.91,net_banking,insufficient_funds,5,6,126.7,3,7,0,0,0.273,0,NO_CONTACT,0,0,0.0
4896,687,2026-08-23 06:37:31.170234,649.25,credit_card,card_blocked,6,6,97.2,3,1,1,1,0.117,0,LINK_AFTER_2H,149,0,0.0
4897,173,2026-08-23 07:29:04.908982,50000.0,debit_card,bank_limit_exceeded,7,6,204.8,5,0,0,2,0.063,1,HUMAN_REVIEW,85,0,0.0
4898,747,2026-08-23 08:20:38.647730,2548.95,credit_card,insufficient_funds,8,6,19.4,2,2,1,2,0.265,0,NO_CONTACT,0,0,0.0
4899,71,2026-08-23 09:12:12.386477,1181.34,upi,card_blocked,9,6,98.3,1,1,0,1,0.262,0,HUMAN_REVIEW,59,1,956.77
4900,267,2026-08-23 10:03:46.125225,199.0,credit_card,temporary_network_issue,10,6,122.0,1,1,0,0,0.102,0,LINK_NEXT_MORNING,680,0,0.0
4901,747,2026-08-23 10:55:19.863973,853.31,credit_card,temporary_network_issue,10,6,19.4,2,2,1,1,0.058,0,NO_CONTACT,0,0,0.0
4902,71,2026-08-23 11:46:53.602721,956.38,credit_card,temporary_network_issue,11,6,98.3,1,1,0,0,0.219,0,LINK_NEXT_MORNING,568,1,767.25
4903,193,2026-08-23 12:38:27.341468,2430.41,credit_card,risk_declined,12,6,318.6,1,3,0,3,0.408,0,NO_CONTACT,0,0,0.0
4904,710,2026-08-23 13:30:01.080216,1996.88,net_banking,temporary_network_issue,13,6,103.4,2,0,0,2,0.141,0,NO_CONTACT,0,0,0.0
4905,125,2026-08-23 14:21:34.818964,4129.58,upi,temporary_network_issue,14,6,176.2,1,4,0,2,0.52,0,NO_CONTACT,0,0,0.0
4906,233,2026-08-23 15:13:08.557712,542.93,debit_card,insufficient_funds,15,6,189.5,4,2,0,2,0.434,0,LINK_NEXT_MORNING,513,0,0.0
4907,71,2026-08-23 16:04:42.296459,13038.56,credit_card,insufficient_funds,16,6,98.3,1,1,0,0,0.213,0,LINK_NOW,7,0,0.0
4908,233,2026-08-23 16:56:16.035207,10521.74,debit_card,card_blocked,16,6,189.5,4,2,0,0,0.504,0,LINK_NOW,7,0,0.0
4909,125,2026-08-23 17:47:49.773955,832.97,debit_card,insufficient_funds,17,6,176.2,1,4,0,1,0.128,0,LINK_NEXT_MORNING,590,0,0.0
4910,594,2026-08-23 18:39:23.512703,22742.83,debit_card,insufficient_funds,18,6,29.0,3,1,0,1,0.286,0,NO_CONTACT,0,0,0.0
4911,83,2026-08-23 19:30:57.251450,531.82,debit_card,insufficient_funds,19,6,208.1,4,0,0,3,0.243,0,LINK_NEXT_MORNING,490,0,0.0
4912,233,2026-08-23 20:22:30.990198,805.47,net_banking,temporary_network_issue,20,6,189.5,4,2,0,3,0.48,0,LINK_NEXT_MORNING,686,0,0.0
4913,193,2026-08-23 21:14:04.728946,840.28,debit_card,insufficient_funds,21,6,318.6,1,3,0,0,0.134,0,HUMAN_REVIEW,58,0,0.0
4914,459,2026-08-23 22:05:38.467694,1173.51,net_banking,card_blocked,22,6,17.7,3,2,1,0,0.267,0,LINK_NEXT_MORNING,701,1,1057.09
4915,233,2026-08-23 22:57:12.206441,796.99,debit_card,insufficient_funds,22,6,189.5,4,2,0,0,0.146,0,LINK_NEXT_MORNING,490,0,0.0
4916,193,2026-08-23 23:48:45.945189,1449.66,credit_card,temporary_network_issue,23,6,318.6,1,3,0,5,0.3,0,LINK_NEXT_MORNING,608,0,0.0
4917,743,2026-08-24 00:40:19.683937,5989.21,upi,temporary_network_issue,0,0,298.9,1,3,0,0,0.315,1,NO_CONTACT,0,1,5183.39
4918,233,2026-08-24 01:31:53.422685,1750.16,credit_card,risk_declined,1,0,189.5,4,2,0,4,0.343,0,LINK_AFTER_2H,106,0,0.0
4919,233,2026-08-24 02:23:27.161432,50000.0,debit_card,temporary_network_issue,2,0,189.5,4,2,0,0,0.323,0,LINK_AFTER_2H,100,0,0.0
4920,710,2026-08-24 03:15:00.900180,13724.12,upi,risk_declined,3,0,103.4,2,0,0,2,0.112,0,LINK_NEXT_MORNING,636,0,0.0
4921,91,2026-08-24 04:06:34.638928,11715.07,credit_card,insufficient_funds,4,0,286.8,1,3,0,1,0.367,0,LINK_NOW,13,0,0.0
4922,459,2026-08-24 04:58:08.377676,812.27,credit_card,card_blocked,4,0,17.7,3,2,1,1,0.034,0,LINK_NEXT_MORNING,683,0,0.0
4923,743,2026-08-24 05:49:42.116423,1661.53,debit_card,insufficient_funds,5,0,298.9,1,3,0,0,0.259,0,LINK_AFTER_2H,119,0,0.0
4924,710,2026-08-24 06:41:15.855171,1415.9,credit_card,card_blocked,6,0,103.4,2,0,0,4,0.05,0,LINK_NEXT_MORNING,538,1,1195.94
4925,459,2026-08-24 07:32:49.593919,678.82,net_banking,insufficient_funds,7,0,17.7,3,2,1,1,0.09,0,NO_CONTACT,0,1,663.78
4926,233,2026-08-24 08:24:23.332667,29601.22,upi,temporary_network_issue,8,0,189.5,4,2,0,1,0.337,0,LINK_NOW,11,1,27530.97
4927,233,2026-08-24 09:15:57.071414,9176.6,debit_card,temporary_network_issue,9,0,189.5,4,2,0,0,0.079,0,HUMAN_REVIEW,65,0,0.0
4928,233,2026-08-24 10:07:30.810162,1992.54,net_banking,risk_declined,10,0,189.5,4,2,0,2,0.111,0,HUMAN_REVIEW,44,0,0.0
4929,233,2026-08-24 10:59:04.548910,4136.71,net_banking,insufficient_funds,10,0,189.5,4,2,0,0,0.136,0,HUMAN_REVIEW,102,0,0.0
4930,193,2026-08-24 11:50:38.287658,2799.86,upi,card_blocked,11,0,318.6,1,3,0,0,0.209,0,LINK_NOW,24,1,2610.6
4931,233,2026-08-24 12:42:12.026405,771.84,net_banking,bank_limit_exceeded,12,0,189.5,4,2,0,2,0.053,0,HUMAN_REVIEW,89,0,0.0
4932,233,2026-08-24 13:33:45.765153,6396.03,wallet,insufficient_funds,13,0,189.5,4,2,0,0,0.231,0,LINK_NEXT_MORNING,494,1,5241.69
4933,162,2026-08-24 14:25:19.503901,2818.19,debit_card,bank_limit_exceeded,14,0,1.2,4,0,1,0,0.253,0,LINK_AFTER_2H,123,1,2679.11
4934,459,2026-08-24 15:16:53.242649,1335.04,credit_card,insufficient_funds,15,0,17.7,3,2,1,1,0.028,0,NO_CONTACT,0,0,0.0
4935,233,2026-08-24 16:08:26.981396,623.3,debit_card,risk_declined,16,0,189.5,4,2,0,0,0.187,0,NO_CONTACT,0,0,0.0
4936,233,2026-08-24 17:00:00.720144,5101.82,upi,bank_limit_exceeded,17,0,189.5,4,2,0,0,0.296,0,LINK_NEXT_MORNING,669,0,0.0
4937,193,2026-08-24 17:51:34.458892,2285.09,credit_card,bank_limit_exceeded,17,0,318.6,1,3,0,0,0.466,0,LINK_NEXT_MORNING,495,0,0.0
4938,459,2026-08-24 18:43:08.197640,892.46,net_banking,temporary_network_issue,18,0,17.7,3,2,1,1,0.045,0,LINK_NOW,22,0,0.0
4939,193,2026-08-24 19:34:41.936387,10614.67,debit_card,risk_declined,19,0,318.6,1,3,0,3,0.166,0,LINK_AFTER_2H,122,0,0.0
4940,233,2026-08-24 20:26:15.675135,2965.96,upi,insufficient_funds,20,0,189.5,4,2,0,0,0.237,0,LINK_NEXT_MORNING,605,1,2614.01
4941,233,2026-08-24 21:17:49.413883,302.59,net_banking,temporary_network_issue,21,0,189.5,4,2,0,1,0.424,0,NO_CONTACT,0,1,251.08
4942,521,2026-08-24 22:09:23.152631,14616.61,net_banking,insufficient_funds,22,0,249.5,2,2,1,1,0.119,0,LINK_NEXT_MORNING,572,0,0.0
4943,233,2026-08-24 23:00:56.891378,415.97,upi,temporary_network_issue,23,0,189.5,4,2,0,0,0.191,0,LINK_AFTER_2H,121,0,0.0
4944,233,2026-08-24 23:52:30.630126,1344.61,upi,card_blocked,23,0,189.5,4,2,0,0,0.303,0,NO_CONTACT,0,0,0.0
4945,233,2026-08-25 00:44:04.368874,2618.29,debit_card,insufficient_funds,0,1,189.5,4,2,0,1,0.152,0,NO_CONTACT,0,0,0.0
4946,710,2026-08-25 01:35:38.107622,617.23,upi,bank_limit_exceeded,1,1,103.4,2,0,0,0,0.35,0,LINK_AFTER_2H,121,0,0.0
4947,133,2026-08-25 02:27:11.846369,2069.4,credit_card,card_blocked,2,1,223.3,1,3,0,0,0.239,0,LINK_NEXT_MORNING,623,0,0.0
4948,193,2026-08-25 03:18:45.585117,16546.62,upi,risk_declined,3,1,318.6,1,3,0,2,0.235,0,LINK_AFTER_2H,104,0,0.0
4949,582,2026-08-25 04:10:19.323865,13126.67,debit_card,risk_declined,4,1,18.8,3,2,1,1,0.075,0,NO_CONTACT,0,0,0.0
4950,604,2026-08-25 05:01:53.062613,6650.1,debit_card,risk_declined,5,1,62.7,3,5,0,3,0.019,0,HUMAN_REVIEW,114,0,0.0
4951,233,2026-08-25 05:53:26.801360,8238.03,upi,insufficient_funds,5,1,189.5,4,2,0,0,0.069,0,LINK_AFTER_2H,117,1,8058.62
4952,233,2026-08-25 06:45:00.540108,9610.27,net_banking,temporary_network_issue,6,1,189.5,4,2,0,1,0.111,0,LINK_NOW,13,0,0.0
4953,394,2026-08-25 07:36:34.278856,7700.3,debit_card,insufficient_funds,7,1,581.4,2,1,2,1,0.084,0,LINK_NEXT_MORNING,601,0,0.0
4954,710,2026-08-25 08:28:08.017604,3158.84,credit_card,insufficient_funds,8,1,103.4,2,0,0,1,0.125,0,LINK_NOW,20,1,2658.95
4955,233,2026-08-25 09:19:41.756351,1651.88,upi,insufficient_funds,9,1,189.5,4,2,0,0,0.087,0,LINK_NOW,23,1,1337.24
4956,193,2026-08-25 10:11:15.495099,1030.57,debit_card,card_blocked,10,1,318.6,1,3,0,1,0.223,0,LINK_NOW,24,1,930.24
4957,459,2026-08-25 11:02:49.233847,1249.02,credit_card,insufficient_funds,11,1,17.7,3,2,1,1,0.08,0,LINK_NOW,2,0,0.0
4958,233,2026-08-25 11:54:22.972595,226.38,net_banking,temporary_network_issue,11,1,189.5,4,2,0,1,0.119,0,LINK_NOW,5,0,0.0
4959,210,2026-08-25 12:45:56.711342,5981.42,debit_card,temporary_network_issue,12,1,181.2,0,4,1,1,0.529,0,HUMAN_REVIEW,100,0,0.0
4960,193,2026-08-25 13:37:30.450090,4036.01,net_banking,insufficient_funds,13,1,318.6,1,3,0,1,0.212,0,LINK_NOW,21,1,3343.13
4961,233,2026-08-25 14:29:04.188838,2907.0,credit_card,card_blocked,14,1,189.5,4,2,0,1,0.172,0,LINK_NEXT_MORNING,504,1,2425.39
4962,193,2026-08-25 15:20:37.927586,1621.22,debit_card,card_blocked,15,1,318.6,1,3,0,0,0.025,0,NO_CONTACT,0,0,0.0
4963,233,2026-08-25 16:12:11.666333,4049.84,wallet,bank_limit_exceeded,16,1,189.5,4,2,0,1,0.295,0,LINK_AFTER_2H,135,0,0.0
4964,226,2026-08-25 17:03:45.405081,2933.9,upi,insufficient_funds,17,1,327.8,1,2,2,1,0.173,0,LINK_AFTER_2H,131,1,2906.15
4965,193,2026-08-25 17:55:19.143829,2083.31,upi,temporary_network_issue,17,1,318.6,1,3,0,2,0.301,0,LINK_AFTER_2H,93,1,1807.66
4966,91,2026-08-25 18:46:52.882577,6385.23,upi,temporary_network_issue,18,1,286.8,1,3,0,0,0.027,0,LINK_NOW,0,0,0.0
4967,193,2026-08-25 19:38:26.621324,2327.51,credit_card,bank_limit_exceeded,19,1,318.6,1,3,0,1,0.153,0,HUMAN_REVIEW,119,0,0.0
4968,236,2026-08-25 20:30:00.360072,5083.56,debit_card,temporary_network_issue,20,1,279.4,1,2,0,0,0.435,0,LINK_NOW,21,1,4165.44
4969,233,2026-08-25 21:21:34.098820,7656.84,net_banking,temporary_network_issue,21,1,189.5,4,2,0,1,0.455,0,HUMAN_REVIEW,58,0,0.0
4970,224,2026-08-25 22:13:07.837568,684.15,debit_card,insufficient_funds,22,1,79.5,4,4,0,1,0.159,0,LINK_AFTER_2H,136,0,0.0
4971,233,2026-08-25 23:04:41.576315,4789.72,credit_card,insufficient_funds,23,1,189.5,4,2,0,1,0.165,0,LINK_NEXT_MORNING,549,0,0.0
4972,402,2026-08-25 23:56:15.315063,199.0,debit_card,insufficient_funds,23,1,465.1,3,3,0,0,0.028,0,NO_CONTACT,0,0,0.0
4973,58,2026-08-26 00:47:49.053811,6437.3,debit_card,card_blocked,0,2,17.4,3,0,1,1,0.179,0,LINK_AFTER_2H,108,0,0.0
4974,91,2026-08-26 01:39:22.792559,7819.89,credit_card,card_blocked,1,2,286.8,1,3,0,1,0.11,0,LINK_NEXT_MORNING,535,1,6346.61
4975,459,2026-08-26 02:30:56.531306,6687.66,debit_card,insufficient_funds,2,2,17.7,3,2,1,1,0.251,0,LINK_NOW,24,1,5377.06
4976,233,2026-08-26 03:22:30.270054,8425.61,upi,temporary_network_issue,3,2,189.5,4,2,0,1,0.293,0,LINK_NOW,25,0,0.0
4977,459,2026-08-26 04:14:04.008802,10504.92,debit_card,insufficient_funds,4,2,17.7,3,2,1,1,0.236,0,LINK_AFTER_2H,99,0,0.0
4978,173,2026-08-26 05:05:37.747550,2242.5,net_banking,card_blocked,5,2,204.8,5,0,0,3,0.029,0,LINK_NOW,3,0,0.0
4979,459,2026-08-26 05:57:11.486297,5407.82,debit_card,risk_declined,5,2,17.7,3,2,1,2,0.078,0,LINK_NEXT_MORNING,527,1,4412.85
4980,710,2026-08-26 06:48:45.225045,7580.5,upi,risk_declined,6,2,103.4,2,0,0,3,0.428,0,NO_CONTACT,0,0,0.0
4981,233,2026-08-26 07:40:18.963793,1126.34,net_banking,insufficient_funds,7,2,189.5,4,2,0,3,0.188,0,HUMAN_REVIEW,80,1,935.86
4982,193,2026-08-26 08:31:52.702541,480.97,credit_card,card_blocked,8,2,318.6,1,3,0,2,0.194,0,HUMAN_REVIEW,103,0,0.0
4983,233,2026-08-26 09:23:26.441288,4664.24,credit_card,bank_limit_exceeded,9,2,189.5,4,2,0,2,0.252,0,NO_CONTACT,0,0,0.0
4984,193,2026-08-26 10:15:00.180036,6231.77,net_banking,card_blocked,10,2,318.6,1,3,0,1,0.119,0,LINK_NOW,15,0,0.0
4985,193,2026-08-26 11:06:33.918784,9699.33,credit_card,temporary_network_issue,11,2,318.6,1,3,0,3,0.155,0,HUMAN_REVIEW,44,1,8772.35
4986,233,2026-08-26 11:58:07.657532,2563.96,debit_card,card_blocked,11,2,189.5,4,2,0,0,0.088,0,NO_CONTACT,0,0,0.0
4987,233,2026-08-26 12:49:41.396279,2896.05,debit_card,card_blocked,12,2,189.5,4,2,0,1,0.4,0,NO_CONTACT,0,0,0.0
4988,193,2026-08-26 13:41:15.135027,2804.61,credit_card,temporary_network_issue,13,2,318.6,1,3,0,1,0.196,0,LINK_NEXT_MORNING,592,0,0.0
4989,459,2026-08-26 14:32:48.873775,1313.55,debit_card,insufficient_funds,14,2,17.7,3,2,1,2,0.465,0,LINK_NEXT_MORNING,705,0,0.0
4990,459,2026-08-26 15:24:22.612523,6532.13,debit_card,card_blocked,15,2,17.7,3,2,1,3,0.345,0,LINK_NEXT_MORNING,653,1,6525.97
4991,314,2026-08-26 16:15:56.351270,5343.93,credit_card,risk_declined,16,2,126.7,3,7,0,2,0.129,0,LINK_NOW,7,0,0.0
4992,71,2026-08-26 17:07:30.090018,2227.26,upi,bank_limit_exceeded,17,2,98.3,1,1,0,1,0.246,0,LINK_NOW,21,0,0.0
4993,594,2026-08-26 17:59:03.828766,2694.13,wallet,insufficient_funds,17,2,29.0,3,1,0,0,0.278,0,NO_CONTACT,0,0,0.0
4994,254,2026-08-26 18:50:37.567514,2075.24,debit_card,card_blocked,18,2,248.2,1,0,0,0,0.08,0,NO_CONTACT,0,1,1688.69
4995,193,2026-08-26 19:42:11.306261,25620.58,credit_card,insufficient_funds,19,2,318.6,1,3,0,0,0.089,0,LINK_AFTER_2H,143,1,24262.59
4996,233,2026-08-26 20:33:45.045009,5104.0,wallet,bank_limit_exceeded,20,2,189.5,4,2,0,1,0.232,0,LINK_NEXT_MORNING,686,1,4164.99
4997,747,2026-08-26 21:25:18.783757,470.7,net_banking,insufficient_funds,21,2,19.4,2,2,1,0,0.12,1,LINK_AFTER_2H,90,0,0.0
4998,459,2026-08-26 22:16:52.522505,2511.51,upi,temporary_network_issue,22,2,17.7,3,2,1,0,0.215,0,LINK_AFTER_2H,145,1,2486.22
4999,710,2026-08-26 23:08:26.261252,1624.1,debit_card,insufficient_funds,23,2,103.4,2,0,0,0,0.458,0,LINK_AFTER_2H,95,0,0.0
5000,233,2026-08-27 00:00:00.000000,2743.1,debit_card,card_blocked,0,3,189.5,4,2,0,4,0.177,0,HUMAN_REVIEW,81,1,2657.75
